Copyright 1986-2022 Xilinx, Inc. All Rights Reserved. Copyright 2022-2025 Advanced Micro Devices, Inc. All Rights Reserved.
------------------------------------------------------------------------------------------------------------------------------------------------------------------------------------------------------------------------------------------
| Tool Version : Vivado v.2025.2 (win64) Build 6299465 Fri Nov 14 19:35:11 GMT 2025
| Date         : Thu May  7 12:20:15 2026
| Host         : LAPTOP-4PSDAOFR running 64-bit major release  (build 9200)
| Command      : report_timing_summary -max_paths 10 -routable_nets -report_unconstrained -file top_system_timing_summary_routed.rpt -pb top_system_timing_summary_routed.pb -rpx top_system_timing_summary_routed.rpx -warn_on_violation
| Design       : top_system
| Device       : 7a35t-cpg236
| Speed File   : -1  PRODUCTION 1.23 2018-06-13
| Design State : Routed
------------------------------------------------------------------------------------------------------------------------------------------------------------------------------------------------------------------------------------------

Timing Summary Report

------------------------------------------------------------------------------------------------
| Timer Settings
| --------------
------------------------------------------------------------------------------------------------

  Enable Multi Corner Analysis               :  Yes
  Enable Pessimism Removal                   :  Yes
  Pessimism Removal Resolution               :  Nearest Common Node
  Enable Input Delay Default Clock           :  No
  Enable Preset / Clear Arcs                 :  No
  Disable Flight Delays                      :  No
  Ignore I/O Paths                           :  No
  Timing Early Launch at Borrowing Latches   :  No
  Borrow Time for Max Delay Exceptions       :  Yes
  Merge Timing Exceptions                    :  Yes
  Inter-SLR Compensation                     :  Conservative

  Corner  Analyze    Analyze    
  Name    Max Paths  Min Paths  
  ------  ---------  ---------  
  Slow    Yes        Yes        
  Fast    Yes        Yes        


------------------------------------------------------------------------------------------------
| Report Methodology
| ------------------
------------------------------------------------------------------------------------------------

Rule       Severity          Description                                                       Violations  
---------  ----------------  ----------------------------------------------------------------  ----------  
TIMING-6   Critical Warning  No common primary clock between related clocks                    2           
TIMING-17  Critical Warning  Non-clocked sequential cell                                       83          
HPDR-1     Warning           Port pin direction inconsistency                                  1           
TIMING-56  Warning           Missing logically or physically excluded clock groups constraint  3           

Note: This report is based on the most recent report_methodology run and may not be up-to-date. Run report_methodology on the current design for the latest report.



check_timing report

Table of Contents
-----------------
1. checking no_clock (83)
2. checking constant_clock (0)
3. checking pulse_width_clock (0)
4. checking unconstrained_internal_endpoints (661)
5. checking no_input_delay (11)
6. checking no_output_delay (17)
7. checking multiple_clock (83)
8. checking generated_clocks (0)
9. checking loops (0)
10. checking partial_input_delay (0)
11. checking partial_output_delay (0)
12. checking latch_loops (0)

1. checking no_clock (83)
-------------------------
 There are 64 register/latch pins with no clock driven by root clock pin: pclk (HIGH)

 There are 19 register/latch pins with no clock driven by root clock pin: config_unit/sccb/sccb_clk_reg/Q (HIGH)


2. checking constant_clock (0)
------------------------------
 There are 0 register/latch pins with constant_clock.


3. checking pulse_width_clock (0)
---------------------------------
 There are 0 register/latch pins which need pulse_width check


4. checking unconstrained_internal_endpoints (661)
--------------------------------------------------
 There are 661 pins that are not constrained for maximum delay. (HIGH)

 There are 0 pins that are not constrained for maximum delay due to constant clock.


5. checking no_input_delay (11)
-------------------------------
 There are 11 input ports with no input delay specified. (HIGH)

 There are 0 input ports with no input delay but user has a false path constraint.


6. checking no_output_delay (17)
--------------------------------
 There are 17 ports with no output delay specified. (HIGH)

 There are 0 ports with no output delay but user has a false path constraint

 There are 0 ports with no output delay but with a timing clock defined on it or propagating through it


7. checking multiple_clock (83)
-------------------------------
 There are 83 register/latch pins with multiple clocks. (HIGH)


8. checking generated_clocks (0)
--------------------------------
 There are 0 generated clocks that are not connected to a clock source.


9. checking loops (0)
---------------------
 There are 0 combinational loops in the design.


10. checking partial_input_delay (0)
------------------------------------
 There are 0 input ports with partial input delay specified.


11. checking partial_output_delay (0)
-------------------------------------
 There are 0 ports with partial output delay specified.


12. checking latch_loops (0)
----------------------------
 There are 0 combinational latch loops in the design through latch input



------------------------------------------------------------------------------------------------
| Design Timing Summary
| ---------------------
------------------------------------------------------------------------------------------------

    WNS(ns)      TNS(ns)  TNS Failing Endpoints  TNS Total Endpoints      WHS(ns)      THS(ns)  THS Failing Endpoints  THS Total Endpoints     WPWS(ns)     TPWS(ns)  TPWS Failing Endpoints  TPWS Total Endpoints  
    -------      -------  ---------------------  -------------------      -------      -------  ---------------------  -------------------     --------     --------  ----------------------  --------------------  
     31.012        0.000                      0                  471        0.068        0.000                      0                  471        3.000        0.000                       0                    91  


All user specified timing constraints are met.


------------------------------------------------------------------------------------------------
| Clock Summary
| -------------
------------------------------------------------------------------------------------------------

Clock                 Waveform(ns)       Period(ns)      Frequency(MHz)
-----                 ------------       ----------      --------------
clk_100mhz            {0.000 5.000}      10.000          100.000         
  clk_out1_clk_viz    {0.000 20.000}     40.000          25.000          
  clk_out2_clk_viz    {0.000 20.833}     41.667          24.000          
  clkfbout_clk_viz    {0.000 5.000}      10.000          100.000         
sys_clk_pin           {0.000 5.000}      10.000          100.000         
  clk_out1_clk_viz_1  {0.000 20.000}     40.000          25.000          
  clk_out2_clk_viz_1  {0.000 20.833}     41.667          24.000          
  clkfbout_clk_viz_1  {0.000 5.000}      10.000          100.000         


------------------------------------------------------------------------------------------------
| Intra Clock Table
| -----------------
------------------------------------------------------------------------------------------------

Clock                     WNS(ns)      TNS(ns)  TNS Failing Endpoints  TNS Total Endpoints      WHS(ns)      THS(ns)  THS Failing Endpoints  THS Total Endpoints     WPWS(ns)     TPWS(ns)  TPWS Failing Endpoints  TPWS Total Endpoints  
-----                     -------      -------  ---------------------  -------------------      -------      -------  ---------------------  -------------------     --------     --------  ----------------------  --------------------  
clk_100mhz                                                                                                                                                              3.000        0.000                       0                     1  
  clk_out1_clk_viz         31.012        0.000                      0                  471        0.174        0.000                      0                  471       19.500        0.000                       0                    85  
  clk_out2_clk_viz                                                                                                                                                     39.511        0.000                       0                     2  
  clkfbout_clk_viz                                                                                                                                                      7.845        0.000                       0                     3  
sys_clk_pin                                                                                                                                                             3.000        0.000                       0                     1  
  clk_out1_clk_viz_1       31.014        0.000                      0                  471        0.174        0.000                      0                  471       19.500        0.000                       0                    85  
  clk_out2_clk_viz_1                                                                                                                                                   39.511        0.000                       0                     2  
  clkfbout_clk_viz_1                                                                                                                                                    7.845        0.000                       0                     3  


------------------------------------------------------------------------------------------------
| Inter Clock Table
| -----------------
------------------------------------------------------------------------------------------------

From Clock          To Clock                WNS(ns)      TNS(ns)  TNS Failing Endpoints  TNS Total Endpoints      WHS(ns)      THS(ns)  THS Failing Endpoints  THS Total Endpoints  
----------          --------                -------      -------  ---------------------  -------------------      -------      -------  ---------------------  -------------------  
clk_out1_clk_viz_1  clk_out1_clk_viz         31.012        0.000                      0                  471        0.068        0.000                      0                  471  
clk_out1_clk_viz    clk_out1_clk_viz_1       31.012        0.000                      0                  471        0.068        0.000                      0                  471  


------------------------------------------------------------------------------------------------
| Other Path Groups Table
| -----------------------
------------------------------------------------------------------------------------------------

Path Group    From Clock    To Clock          WNS(ns)      TNS(ns)  TNS Failing Endpoints  TNS Total Endpoints      WHS(ns)      THS(ns)  THS Failing Endpoints  THS Total Endpoints  
----------    ----------    --------          -------      -------  ---------------------  -------------------      -------      -------  ---------------------  -------------------  


------------------------------------------------------------------------------------------------
| User Ignored Path Table
| -----------------------
------------------------------------------------------------------------------------------------

Path Group    From Clock    To Clock    
----------    ----------    --------    


------------------------------------------------------------------------------------------------
| Unconstrained Path Table
| ------------------------
------------------------------------------------------------------------------------------------

Path Group          From Clock          To Clock          
----------          ----------          --------          
(none)                                                      
(none)              clk_out1_clk_viz                        
(none)              clk_out1_clk_viz_1                      
(none)              clk_out2_clk_viz                        
(none)              clk_out2_clk_viz_1                      
(none)                                  clk_out1_clk_viz    
(none)                                  clk_out1_clk_viz_1  


------------------------------------------------------------------------------------------------
| Timing Details
| --------------
------------------------------------------------------------------------------------------------


---------------------------------------------------------------------------------------------------
From Clock:  clk_100mhz
  To Clock:  clk_100mhz

Setup :           NA  Failing Endpoints,  Worst Slack           NA  ,  Total Violation           NA
Hold  :           NA  Failing Endpoints,  Worst Slack           NA  ,  Total Violation           NA
PW    :            0  Failing Endpoints,  Worst Slack        3.000ns,  Total Violation        0.000ns
---------------------------------------------------------------------------------------------------


Pulse Width Checks
--------------------------------------------------------------------------------------
Clock Name:         clk_100mhz
Waveform(ns):       { 0.000 5.000 }
Period(ns):         10.000
Sources:            { clk_100mhz }

Check Type        Corner  Lib Pin            Reference Pin  Required(ns)  Actual(ns)  Slack(ns)  Location         Pin
Min Period        n/a     MMCME2_ADV/CLKIN1  n/a            1.249         10.000      8.751      MMCME2_ADV_X1Y0  instance_name/inst/mmcm_adv_inst/CLKIN1
Max Period        n/a     MMCME2_ADV/CLKIN1  n/a            100.000       10.000      90.000     MMCME2_ADV_X1Y0  instance_name/inst/mmcm_adv_inst/CLKIN1
Low Pulse Width   Slow    MMCME2_ADV/CLKIN1  n/a            2.000         5.000       3.000      MMCME2_ADV_X1Y0  instance_name/inst/mmcm_adv_inst/CLKIN1
Low Pulse Width   Fast    MMCME2_ADV/CLKIN1  n/a            2.000         5.000       3.000      MMCME2_ADV_X1Y0  instance_name/inst/mmcm_adv_inst/CLKIN1
High Pulse Width  Slow    MMCME2_ADV/CLKIN1  n/a            2.000         5.000       3.000      MMCME2_ADV_X1Y0  instance_name/inst/mmcm_adv_inst/CLKIN1
High Pulse Width  Fast    MMCME2_ADV/CLKIN1  n/a            2.000         5.000       3.000      MMCME2_ADV_X1Y0  instance_name/inst/mmcm_adv_inst/CLKIN1



---------------------------------------------------------------------------------------------------
From Clock:  clk_out1_clk_viz
  To Clock:  clk_out1_clk_viz

Setup :            0  Failing Endpoints,  Worst Slack       31.012ns,  Total Violation        0.000ns
Hold  :            0  Failing Endpoints,  Worst Slack        0.174ns,  Total Violation        0.000ns
PW    :            0  Failing Endpoints,  Worst Slack       19.500ns,  Total Violation        0.000ns
---------------------------------------------------------------------------------------------------


Max Delay Paths
--------------------------------------------------------------------------------------
Slack (MET) :             31.012ns  (required time - arrival time)
  Source:                 vga/v_cnt_reg[1]/C
                            (rising edge-triggered cell FDRE clocked by clk_out1_clk_viz  {rise@0.000ns fall@20.000ns period=40.000ns})
  Destination:            frame_buffer/U0/inst_blk_mem_gen/gnbram.gnativebmg.native_blk_mem_gen/valid.cstr/ramloop[23].ram.r/prim_noinit.ram/DEVICE_7SERIES.NO_BMM_INFO.SDP.SIMPLE_PRIM36.ram/ENBWREN
                            (rising edge-triggered cell RAMB36E1 clocked by clk_out1_clk_viz  {rise@0.000ns fall@20.000ns period=40.000ns})
  Path Group:             clk_out1_clk_viz
  Path Type:              Setup (Max at Slow Process Corner)
  Requirement:            40.000ns  (clk_out1_clk_viz rise@40.000ns - clk_out1_clk_viz rise@0.000ns)
  Data Path Delay:        8.151ns  (logic 2.739ns (33.604%)  route 5.412ns (66.396%))
  Logic Levels:           6  (CARRY4=4 LUT2=1 LUT5=1)
  Clock Path Skew:        -0.086ns (DCD - SCD + CPR)
    Destination Clock Delay (DCD):    -1.519ns = ( 38.481 - 40.000 ) 
    Source Clock Delay      (SCD):    -0.950ns
    Clock Pessimism Removal (CPR):    0.484ns
  Clock Uncertainty:      0.106ns  ((TSJ^2 + DJ^2)^1/2) / 2 + PE
    Total System Jitter     (TSJ):    0.071ns
    Discrete Jitter          (DJ):    0.200ns
    Phase Error              (PE):    0.000ns

    Location             Delay type                Incr(ns)  Path(ns)    Netlist Resource(s)
  -------------------------------------------------------------------    -------------------
                         (clock clk_out1_clk_viz rise edge)
                                                      0.000     0.000 r  
    W5                                                0.000     0.000 r  clk_100mhz (IN)
                         net (fo=0)                   0.000     0.000    instance_name/inst/clk_in1
    W5                   IBUF (Prop_ibuf_I_O)         1.458     1.458 r  instance_name/inst/clkin1_ibufg/O
                         net (fo=1, routed)           1.233     2.691    instance_name/inst/clk_in1_clk_viz
    MMCME2_ADV_X1Y0      MMCME2_ADV (Prop_mmcme2_adv_CLKIN1_CLKOUT0)
                                                     -6.961    -4.269 r  instance_name/inst/mmcm_adv_inst/CLKOUT0
                         net (fo=1, routed)           1.661    -2.608    instance_name/inst/clk_out1_clk_viz
    BUFGCTRL_X0Y1        BUFG (Prop_bufg_I_O)         0.096    -2.512 r  instance_name/inst/clkout1_buf/O
                         net (fo=83, routed)          1.562    -0.950    vga/CLK
    SLICE_X31Y38         FDRE                                         r  vga/v_cnt_reg[1]/C
  -------------------------------------------------------------------    -------------------
    SLICE_X31Y38         FDRE (Prop_fdre_C_Q)         0.456    -0.494 r  vga/v_cnt_reg[1]/Q
                         net (fo=12, routed)          0.671     0.178    vga/vga_y[1]
    SLICE_X30Y40         LUT2 (Prop_lut2_I1_O)        0.124     0.302 r  vga/frame_buffer_i_16/O
                         net (fo=1, routed)           0.000     0.302    vga/frame_buffer_i_16_n_0
    SLICE_X30Y40         CARRY4 (Prop_carry4_S[1]_CO[3])
                                                      0.533     0.835 r  vga/frame_buffer_i_6/CO[3]
                         net (fo=1, routed)           0.000     0.835    vga/frame_buffer_i_6_n_0
    SLICE_X30Y41         CARRY4 (Prop_carry4_CI_O[0])
                                                      0.219     1.054 r  vga/frame_buffer_i_5/O[0]
                         net (fo=1, routed)           0.589     1.642    vga/read_addr0[11]
    SLICE_X31Y41         CARRY4 (Prop_carry4_S[1]_CO[3])
                                                      0.845     2.487 r  vga/frame_buffer_i_2/CO[3]
                         net (fo=1, routed)           0.000     2.487    vga/frame_buffer_i_2_n_0
    SLICE_X31Y42         CARRY4 (Prop_carry4_CI_O[0])
                                                      0.235     2.722 f  vga/frame_buffer_i_1/O[0]
                         net (fo=27, routed)          3.250     5.973    frame_buffer/U0/inst_blk_mem_gen/gnbram.gnativebmg.native_blk_mem_gen/valid.cstr/bindec_b.bindec_inst_b/addrb[2]
    SLICE_X48Y53         LUT5 (Prop_lut5_I1_O)        0.327     6.300 r  frame_buffer/U0/inst_blk_mem_gen/gnbram.gnativebmg.native_blk_mem_gen/valid.cstr/bindec_b.bindec_inst_b/ENOUT_inferred__17/i_/O
                         net (fo=1, routed)           0.901     7.201    frame_buffer/U0/inst_blk_mem_gen/gnbram.gnativebmg.native_blk_mem_gen/valid.cstr/ramloop[23].ram.r/prim_noinit.ram/enb_array[0]
    RAMB36_X1Y13         RAMB36E1                                     r  frame_buffer/U0/inst_blk_mem_gen/gnbram.gnativebmg.native_blk_mem_gen/valid.cstr/ramloop[23].ram.r/prim_noinit.ram/DEVICE_7SERIES.NO_BMM_INFO.SDP.SIMPLE_PRIM36.ram/ENBWREN
  -------------------------------------------------------------------    -------------------

                         (clock clk_out1_clk_viz rise edge)
                                                     40.000    40.000 r  
    W5                                                0.000    40.000 r  clk_100mhz (IN)
                         net (fo=0)                   0.000    40.000    instance_name/inst/clk_in1
    W5                   IBUF (Prop_ibuf_I_O)         1.388    41.388 r  instance_name/inst/clkin1_ibufg/O
                         net (fo=1, routed)           1.162    42.550    instance_name/inst/clk_in1_clk_viz
    MMCME2_ADV_X1Y0      MMCME2_ADV (Prop_mmcme2_adv_CLKIN1_CLKOUT0)
                                                     -7.217    35.332 r  instance_name/inst/mmcm_adv_inst/CLKOUT0
                         net (fo=1, routed)           1.581    36.914    instance_name/inst/clk_out1_clk_viz
    BUFGCTRL_X0Y1        BUFG (Prop_bufg_I_O)         0.091    37.005 r  instance_name/inst/clkout1_buf/O
                         net (fo=83, routed)          1.476    38.481    frame_buffer/U0/inst_blk_mem_gen/gnbram.gnativebmg.native_blk_mem_gen/valid.cstr/ramloop[23].ram.r/prim_noinit.ram/clkb
    RAMB36_X1Y13         RAMB36E1                                     r  frame_buffer/U0/inst_blk_mem_gen/gnbram.gnativebmg.native_blk_mem_gen/valid.cstr/ramloop[23].ram.r/prim_noinit.ram/DEVICE_7SERIES.NO_BMM_INFO.SDP.SIMPLE_PRIM36.ram/CLKBWRCLK
                         clock pessimism              0.484    38.964    
                         clock uncertainty           -0.106    38.858    
    RAMB36_X1Y13         RAMB36E1 (Setup_ramb36e1_CLKBWRCLK_ENBWREN)
                                                     -0.645    38.213    frame_buffer/U0/inst_blk_mem_gen/gnbram.gnativebmg.native_blk_mem_gen/valid.cstr/ramloop[23].ram.r/prim_noinit.ram/DEVICE_7SERIES.NO_BMM_INFO.SDP.SIMPLE_PRIM36.ram
  -------------------------------------------------------------------
                         required time                         38.213    
                         arrival time                          -7.201    
  -------------------------------------------------------------------
                         slack                                 31.012    

Slack (MET) :             31.326ns  (required time - arrival time)
  Source:                 vga/v_cnt_reg[1]/C
                            (rising edge-triggered cell FDRE clocked by clk_out1_clk_viz  {rise@0.000ns fall@20.000ns period=40.000ns})
  Destination:            frame_buffer/U0/inst_blk_mem_gen/gnbram.gnativebmg.native_blk_mem_gen/valid.cstr/ramloop[21].ram.r/prim_noinit.ram/DEVICE_7SERIES.NO_BMM_INFO.SDP.SIMPLE_PRIM36.ram/ENBWREN
                            (rising edge-triggered cell RAMB36E1 clocked by clk_out1_clk_viz  {rise@0.000ns fall@20.000ns period=40.000ns})
  Path Group:             clk_out1_clk_viz
  Path Type:              Setup (Max at Slow Process Corner)
  Requirement:            40.000ns  (clk_out1_clk_viz rise@40.000ns - clk_out1_clk_viz rise@0.000ns)
  Data Path Delay:        8.042ns  (logic 2.711ns (33.709%)  route 5.331ns (66.291%))
  Logic Levels:           6  (CARRY4=4 LUT2=1 LUT5=1)
  Clock Path Skew:        -0.082ns (DCD - SCD + CPR)
    Destination Clock Delay (DCD):    -1.515ns = ( 38.485 - 40.000 ) 
    Source Clock Delay      (SCD):    -0.950ns
    Clock Pessimism Removal (CPR):    0.484ns
  Clock Uncertainty:      0.106ns  ((TSJ^2 + DJ^2)^1/2) / 2 + PE
    Total System Jitter     (TSJ):    0.071ns
    Discrete Jitter          (DJ):    0.200ns
    Phase Error              (PE):    0.000ns

    Location             Delay type                Incr(ns)  Path(ns)    Netlist Resource(s)
  -------------------------------------------------------------------    -------------------
                         (clock clk_out1_clk_viz rise edge)
                                                      0.000     0.000 r  
    W5                                                0.000     0.000 r  clk_100mhz (IN)
                         net (fo=0)                   0.000     0.000    instance_name/inst/clk_in1
    W5                   IBUF (Prop_ibuf_I_O)         1.458     1.458 r  instance_name/inst/clkin1_ibufg/O
                         net (fo=1, routed)           1.233     2.691    instance_name/inst/clk_in1_clk_viz
    MMCME2_ADV_X1Y0      MMCME2_ADV (Prop_mmcme2_adv_CLKIN1_CLKOUT0)
                                                     -6.961    -4.269 r  instance_name/inst/mmcm_adv_inst/CLKOUT0
                         net (fo=1, routed)           1.661    -2.608    instance_name/inst/clk_out1_clk_viz
    BUFGCTRL_X0Y1        BUFG (Prop_bufg_I_O)         0.096    -2.512 r  instance_name/inst/clkout1_buf/O
                         net (fo=83, routed)          1.562    -0.950    vga/CLK
    SLICE_X31Y38         FDRE                                         r  vga/v_cnt_reg[1]/C
  -------------------------------------------------------------------    -------------------
    SLICE_X31Y38         FDRE (Prop_fdre_C_Q)         0.456    -0.494 r  vga/v_cnt_reg[1]/Q
                         net (fo=12, routed)          0.671     0.178    vga/vga_y[1]
    SLICE_X30Y40         LUT2 (Prop_lut2_I1_O)        0.124     0.302 r  vga/frame_buffer_i_16/O
                         net (fo=1, routed)           0.000     0.302    vga/frame_buffer_i_16_n_0
    SLICE_X30Y40         CARRY4 (Prop_carry4_S[1]_CO[3])
                                                      0.533     0.835 r  vga/frame_buffer_i_6/CO[3]
                         net (fo=1, routed)           0.000     0.835    vga/frame_buffer_i_6_n_0
    SLICE_X30Y41         CARRY4 (Prop_carry4_CI_O[0])
                                                      0.219     1.054 r  vga/frame_buffer_i_5/O[0]
                         net (fo=1, routed)           0.589     1.642    vga/read_addr0[11]
    SLICE_X31Y41         CARRY4 (Prop_carry4_S[1]_CO[3])
                                                      0.845     2.487 r  vga/frame_buffer_i_2/CO[3]
                         net (fo=1, routed)           0.000     2.487    vga/frame_buffer_i_2_n_0
    SLICE_X31Y42         CARRY4 (Prop_carry4_CI_O[0])
                                                      0.235     2.722 f  vga/frame_buffer_i_1/O[0]
                         net (fo=27, routed)          3.250     5.973    frame_buffer/U0/inst_blk_mem_gen/gnbram.gnativebmg.native_blk_mem_gen/valid.cstr/bindec_b.bindec_inst_b/addrb[2]
    SLICE_X48Y53         LUT5 (Prop_lut5_I1_O)        0.299     6.272 r  frame_buffer/U0/inst_blk_mem_gen/gnbram.gnativebmg.native_blk_mem_gen/valid.cstr/bindec_b.bindec_inst_b/ENOUT_inferred__15/i_/O
                         net (fo=1, routed)           0.821     7.093    frame_buffer/U0/inst_blk_mem_gen/gnbram.gnativebmg.native_blk_mem_gen/valid.cstr/ramloop[21].ram.r/prim_noinit.ram/enb_array[0]
    RAMB36_X1Y12         RAMB36E1                                     r  frame_buffer/U0/inst_blk_mem_gen/gnbram.gnativebmg.native_blk_mem_gen/valid.cstr/ramloop[21].ram.r/prim_noinit.ram/DEVICE_7SERIES.NO_BMM_INFO.SDP.SIMPLE_PRIM36.ram/ENBWREN
  -------------------------------------------------------------------    -------------------

                         (clock clk_out1_clk_viz rise edge)
                                                     40.000    40.000 r  
    W5                                                0.000    40.000 r  clk_100mhz (IN)
                         net (fo=0)                   0.000    40.000    instance_name/inst/clk_in1
    W5                   IBUF (Prop_ibuf_I_O)         1.388    41.388 r  instance_name/inst/clkin1_ibufg/O
                         net (fo=1, routed)           1.162    42.550    instance_name/inst/clk_in1_clk_viz
    MMCME2_ADV_X1Y0      MMCME2_ADV (Prop_mmcme2_adv_CLKIN1_CLKOUT0)
                                                     -7.217    35.332 r  instance_name/inst/mmcm_adv_inst/CLKOUT0
                         net (fo=1, routed)           1.581    36.914    instance_name/inst/clk_out1_clk_viz
    BUFGCTRL_X0Y1        BUFG (Prop_bufg_I_O)         0.091    37.005 r  instance_name/inst/clkout1_buf/O
                         net (fo=83, routed)          1.480    38.485    frame_buffer/U0/inst_blk_mem_gen/gnbram.gnativebmg.native_blk_mem_gen/valid.cstr/ramloop[21].ram.r/prim_noinit.ram/clkb
    RAMB36_X1Y12         RAMB36E1                                     r  frame_buffer/U0/inst_blk_mem_gen/gnbram.gnativebmg.native_blk_mem_gen/valid.cstr/ramloop[21].ram.r/prim_noinit.ram/DEVICE_7SERIES.NO_BMM_INFO.SDP.SIMPLE_PRIM36.ram/CLKBWRCLK
                         clock pessimism              0.484    38.968    
                         clock uncertainty           -0.106    38.862    
    RAMB36_X1Y12         RAMB36E1 (Setup_ramb36e1_CLKBWRCLK_ENBWREN)
                                                     -0.443    38.419    frame_buffer/U0/inst_blk_mem_gen/gnbram.gnativebmg.native_blk_mem_gen/valid.cstr/ramloop[21].ram.r/prim_noinit.ram/DEVICE_7SERIES.NO_BMM_INFO.SDP.SIMPLE_PRIM36.ram
  -------------------------------------------------------------------
                         required time                         38.419    
                         arrival time                          -7.093    
  -------------------------------------------------------------------
                         slack                                 31.326    

Slack (MET) :             31.733ns  (required time - arrival time)
  Source:                 vga/v_cnt_reg[1]/C
                            (rising edge-triggered cell FDRE clocked by clk_out1_clk_viz  {rise@0.000ns fall@20.000ns period=40.000ns})
  Destination:            frame_buffer/U0/inst_blk_mem_gen/gnbram.gnativebmg.native_blk_mem_gen/valid.cstr/ramloop[8].ram.r/prim_noinit.ram/DEVICE_7SERIES.NO_BMM_INFO.SDP.SIMPLE_PRIM36.ram/ADDRBWRADDR[14]
                            (rising edge-triggered cell RAMB36E1 clocked by clk_out1_clk_viz  {rise@0.000ns fall@20.000ns period=40.000ns})
  Path Group:             clk_out1_clk_viz
  Path Type:              Setup (Max at Slow Process Corner)
  Requirement:            40.000ns  (clk_out1_clk_viz rise@40.000ns - clk_out1_clk_viz rise@0.000ns)
  Data Path Delay:        7.347ns  (logic 2.194ns (29.861%)  route 5.153ns (70.139%))
  Logic Levels:           4  (CARRY4=3 LUT2=1)
  Clock Path Skew:        -0.069ns (DCD - SCD + CPR)
    Destination Clock Delay (DCD):    -1.510ns = ( 38.490 - 40.000 ) 
    Source Clock Delay      (SCD):    -0.950ns
    Clock Pessimism Removal (CPR):    0.492ns
  Clock Uncertainty:      0.106ns  ((TSJ^2 + DJ^2)^1/2) / 2 + PE
    Total System Jitter     (TSJ):    0.071ns
    Discrete Jitter          (DJ):    0.200ns
    Phase Error              (PE):    0.000ns

    Location             Delay type                Incr(ns)  Path(ns)    Netlist Resource(s)
  -------------------------------------------------------------------    -------------------
                         (clock clk_out1_clk_viz rise edge)
                                                      0.000     0.000 r  
    W5                                                0.000     0.000 r  clk_100mhz (IN)
                         net (fo=0)                   0.000     0.000    instance_name/inst/clk_in1
    W5                   IBUF (Prop_ibuf_I_O)         1.458     1.458 r  instance_name/inst/clkin1_ibufg/O
                         net (fo=1, routed)           1.233     2.691    instance_name/inst/clk_in1_clk_viz
    MMCME2_ADV_X1Y0      MMCME2_ADV (Prop_mmcme2_adv_CLKIN1_CLKOUT0)
                                                     -6.961    -4.269 r  instance_name/inst/mmcm_adv_inst/CLKOUT0
                         net (fo=1, routed)           1.661    -2.608    instance_name/inst/clk_out1_clk_viz
    BUFGCTRL_X0Y1        BUFG (Prop_bufg_I_O)         0.096    -2.512 r  instance_name/inst/clkout1_buf/O
                         net (fo=83, routed)          1.562    -0.950    vga/CLK
    SLICE_X31Y38         FDRE                                         r  vga/v_cnt_reg[1]/C
  -------------------------------------------------------------------    -------------------
    SLICE_X31Y38         FDRE (Prop_fdre_C_Q)         0.456    -0.494 r  vga/v_cnt_reg[1]/Q
                         net (fo=12, routed)          0.671     0.178    vga/vga_y[1]
    SLICE_X30Y40         LUT2 (Prop_lut2_I1_O)        0.124     0.302 r  vga/frame_buffer_i_16/O
                         net (fo=1, routed)           0.000     0.302    vga/frame_buffer_i_16_n_0
    SLICE_X30Y40         CARRY4 (Prop_carry4_S[1]_O[2])
                                                      0.578     0.880 r  vga/frame_buffer_i_6/O[2]
                         net (fo=1, routed)           0.488     1.368    vga/read_addr0[9]
    SLICE_X31Y40         CARRY4 (Prop_carry4_S[3]_CO[3])
                                                      0.702     2.070 r  vga/frame_buffer_i_3/CO[3]
                         net (fo=1, routed)           0.000     2.070    vga/frame_buffer_i_3_n_0
    SLICE_X31Y41         CARRY4 (Prop_carry4_CI_O[1])
                                                      0.334     2.404 r  vga/frame_buffer_i_2/O[1]
                         net (fo=27, routed)          3.994     6.398    frame_buffer/U0/inst_blk_mem_gen/gnbram.gnativebmg.native_blk_mem_gen/valid.cstr/ramloop[8].ram.r/prim_noinit.ram/addrb[11]
    RAMB36_X2Y6          RAMB36E1                                     r  frame_buffer/U0/inst_blk_mem_gen/gnbram.gnativebmg.native_blk_mem_gen/valid.cstr/ramloop[8].ram.r/prim_noinit.ram/DEVICE_7SERIES.NO_BMM_INFO.SDP.SIMPLE_PRIM36.ram/ADDRBWRADDR[14]
  -------------------------------------------------------------------    -------------------

                         (clock clk_out1_clk_viz rise edge)
                                                     40.000    40.000 r  
    W5                                                0.000    40.000 r  clk_100mhz (IN)
                         net (fo=0)                   0.000    40.000    instance_name/inst/clk_in1
    W5                   IBUF (Prop_ibuf_I_O)         1.388    41.388 r  instance_name/inst/clkin1_ibufg/O
                         net (fo=1, routed)           1.162    42.550    instance_name/inst/clk_in1_clk_viz
    MMCME2_ADV_X1Y0      MMCME2_ADV (Prop_mmcme2_adv_CLKIN1_CLKOUT0)
                                                     -7.217    35.332 r  instance_name/inst/mmcm_adv_inst/CLKOUT0
                         net (fo=1, routed)           1.581    36.914    instance_name/inst/clk_out1_clk_viz
    BUFGCTRL_X0Y1        BUFG (Prop_bufg_I_O)         0.091    37.005 r  instance_name/inst/clkout1_buf/O
                         net (fo=83, routed)          1.486    38.490    frame_buffer/U0/inst_blk_mem_gen/gnbram.gnativebmg.native_blk_mem_gen/valid.cstr/ramloop[8].ram.r/prim_noinit.ram/clkb
    RAMB36_X2Y6          RAMB36E1                                     r  frame_buffer/U0/inst_blk_mem_gen/gnbram.gnativebmg.native_blk_mem_gen/valid.cstr/ramloop[8].ram.r/prim_noinit.ram/DEVICE_7SERIES.NO_BMM_INFO.SDP.SIMPLE_PRIM36.ram/CLKBWRCLK
                         clock pessimism              0.492    38.982    
                         clock uncertainty           -0.106    38.876    
    RAMB36_X2Y6          RAMB36E1 (Setup_ramb36e1_CLKBWRCLK_ADDRBWRADDR[14])
                                                     -0.745    38.131    frame_buffer/U0/inst_blk_mem_gen/gnbram.gnativebmg.native_blk_mem_gen/valid.cstr/ramloop[8].ram.r/prim_noinit.ram/DEVICE_7SERIES.NO_BMM_INFO.SDP.SIMPLE_PRIM36.ram
  -------------------------------------------------------------------
                         required time                         38.131    
                         arrival time                          -6.398    
  -------------------------------------------------------------------
                         slack                                 31.733    

Slack (MET) :             31.819ns  (required time - arrival time)
  Source:                 vga/v_cnt_reg[1]/C
                            (rising edge-triggered cell FDRE clocked by clk_out1_clk_viz  {rise@0.000ns fall@20.000ns period=40.000ns})
  Destination:            frame_buffer/U0/inst_blk_mem_gen/gnbram.gnativebmg.native_blk_mem_gen/valid.cstr/ramloop[7].ram.r/prim_noinit.ram/DEVICE_7SERIES.NO_BMM_INFO.SDP.SIMPLE_PRIM36.ram/ENBWREN
                            (rising edge-triggered cell RAMB36E1 clocked by clk_out1_clk_viz  {rise@0.000ns fall@20.000ns period=40.000ns})
  Path Group:             clk_out1_clk_viz
  Path Type:              Setup (Max at Slow Process Corner)
  Requirement:            40.000ns  (clk_out1_clk_viz rise@40.000ns - clk_out1_clk_viz rise@0.000ns)
  Data Path Delay:        7.353ns  (logic 2.761ns (37.551%)  route 4.592ns (62.449%))
  Logic Levels:           6  (CARRY4=4 LUT2=1 LUT5=1)
  Clock Path Skew:        -0.077ns (DCD - SCD + CPR)
    Destination Clock Delay (DCD):    -1.510ns = ( 38.490 - 40.000 ) 
    Source Clock Delay      (SCD):    -0.950ns
    Clock Pessimism Removal (CPR):    0.484ns
  Clock Uncertainty:      0.106ns  ((TSJ^2 + DJ^2)^1/2) / 2 + PE
    Total System Jitter     (TSJ):    0.071ns
    Discrete Jitter          (DJ):    0.200ns
    Phase Error              (PE):    0.000ns

    Location             Delay type                Incr(ns)  Path(ns)    Netlist Resource(s)
  -------------------------------------------------------------------    -------------------
                         (clock clk_out1_clk_viz rise edge)
                                                      0.000     0.000 r  
    W5                                                0.000     0.000 r  clk_100mhz (IN)
                         net (fo=0)                   0.000     0.000    instance_name/inst/clk_in1
    W5                   IBUF (Prop_ibuf_I_O)         1.458     1.458 r  instance_name/inst/clkin1_ibufg/O
                         net (fo=1, routed)           1.233     2.691    instance_name/inst/clk_in1_clk_viz
    MMCME2_ADV_X1Y0      MMCME2_ADV (Prop_mmcme2_adv_CLKIN1_CLKOUT0)
                                                     -6.961    -4.269 r  instance_name/inst/mmcm_adv_inst/CLKOUT0
                         net (fo=1, routed)           1.661    -2.608    instance_name/inst/clk_out1_clk_viz
    BUFGCTRL_X0Y1        BUFG (Prop_bufg_I_O)         0.096    -2.512 r  instance_name/inst/clkout1_buf/O
                         net (fo=83, routed)          1.562    -0.950    vga/CLK
    SLICE_X31Y38         FDRE                                         r  vga/v_cnt_reg[1]/C
  -------------------------------------------------------------------    -------------------
    SLICE_X31Y38         FDRE (Prop_fdre_C_Q)         0.456    -0.494 r  vga/v_cnt_reg[1]/Q
                         net (fo=12, routed)          0.671     0.178    vga/vga_y[1]
    SLICE_X30Y40         LUT2 (Prop_lut2_I1_O)        0.124     0.302 r  vga/frame_buffer_i_16/O
                         net (fo=1, routed)           0.000     0.302    vga/frame_buffer_i_16_n_0
    SLICE_X30Y40         CARRY4 (Prop_carry4_S[1]_CO[3])
                                                      0.533     0.835 r  vga/frame_buffer_i_6/CO[3]
                         net (fo=1, routed)           0.000     0.835    vga/frame_buffer_i_6_n_0
    SLICE_X30Y41         CARRY4 (Prop_carry4_CI_O[0])
                                                      0.219     1.054 r  vga/frame_buffer_i_5/O[0]
                         net (fo=1, routed)           0.589     1.642    vga/read_addr0[11]
    SLICE_X31Y41         CARRY4 (Prop_carry4_S[1]_CO[3])
                                                      0.845     2.487 r  vga/frame_buffer_i_2/CO[3]
                         net (fo=1, routed)           0.000     2.487    vga/frame_buffer_i_2_n_0
    SLICE_X31Y42         CARRY4 (Prop_carry4_CI_O[2])
                                                      0.256     2.743 f  vga/frame_buffer_i_1/O[2]
                         net (fo=27, routed)          2.688     5.431    frame_buffer/U0/inst_blk_mem_gen/gnbram.gnativebmg.native_blk_mem_gen/valid.cstr/bindec_b.bindec_inst_b/addrb[4]
    SLICE_X57Y53         LUT5 (Prop_lut5_I1_O)        0.328     5.759 r  frame_buffer/U0/inst_blk_mem_gen/gnbram.gnativebmg.native_blk_mem_gen/valid.cstr/bindec_b.bindec_inst_b/ENOUT_inferred__1/i_/O
                         net (fo=1, routed)           0.644     6.403    frame_buffer/U0/inst_blk_mem_gen/gnbram.gnativebmg.native_blk_mem_gen/valid.cstr/ramloop[7].ram.r/prim_noinit.ram/enb_array[0]
    RAMB36_X2Y11         RAMB36E1                                     r  frame_buffer/U0/inst_blk_mem_gen/gnbram.gnativebmg.native_blk_mem_gen/valid.cstr/ramloop[7].ram.r/prim_noinit.ram/DEVICE_7SERIES.NO_BMM_INFO.SDP.SIMPLE_PRIM36.ram/ENBWREN
  -------------------------------------------------------------------    -------------------

                         (clock clk_out1_clk_viz rise edge)
                                                     40.000    40.000 r  
    W5                                                0.000    40.000 r  clk_100mhz (IN)
                         net (fo=0)                   0.000    40.000    instance_name/inst/clk_in1
    W5                   IBUF (Prop_ibuf_I_O)         1.388    41.388 r  instance_name/inst/clkin1_ibufg/O
                         net (fo=1, routed)           1.162    42.550    instance_name/inst/clk_in1_clk_viz
    MMCME2_ADV_X1Y0      MMCME2_ADV (Prop_mmcme2_adv_CLKIN1_CLKOUT0)
                                                     -7.217    35.332 r  instance_name/inst/mmcm_adv_inst/CLKOUT0
                         net (fo=1, routed)           1.581    36.914    instance_name/inst/clk_out1_clk_viz
    BUFGCTRL_X0Y1        BUFG (Prop_bufg_I_O)         0.091    37.005 r  instance_name/inst/clkout1_buf/O
                         net (fo=83, routed)          1.485    38.490    frame_buffer/U0/inst_blk_mem_gen/gnbram.gnativebmg.native_blk_mem_gen/valid.cstr/ramloop[7].ram.r/prim_noinit.ram/clkb
    RAMB36_X2Y11         RAMB36E1                                     r  frame_buffer/U0/inst_blk_mem_gen/gnbram.gnativebmg.native_blk_mem_gen/valid.cstr/ramloop[7].ram.r/prim_noinit.ram/DEVICE_7SERIES.NO_BMM_INFO.SDP.SIMPLE_PRIM36.ram/CLKBWRCLK
                         clock pessimism              0.484    38.973    
                         clock uncertainty           -0.106    38.867    
    RAMB36_X2Y11         RAMB36E1 (Setup_ramb36e1_CLKBWRCLK_ENBWREN)
                                                     -0.645    38.222    frame_buffer/U0/inst_blk_mem_gen/gnbram.gnativebmg.native_blk_mem_gen/valid.cstr/ramloop[7].ram.r/prim_noinit.ram/DEVICE_7SERIES.NO_BMM_INFO.SDP.SIMPLE_PRIM36.ram
  -------------------------------------------------------------------
                         required time                         38.222    
                         arrival time                          -6.403    
  -------------------------------------------------------------------
                         slack                                 31.819    

Slack (MET) :             31.961ns  (required time - arrival time)
  Source:                 vga/v_cnt_reg[1]/C
                            (rising edge-triggered cell FDRE clocked by clk_out1_clk_viz  {rise@0.000ns fall@20.000ns period=40.000ns})
  Destination:            frame_buffer/U0/inst_blk_mem_gen/gnbram.gnativebmg.native_blk_mem_gen/valid.cstr/ramloop[1].ram.r/prim_noinit.ram/DEVICE_7SERIES.NO_BMM_INFO.SDP.SIMPLE_PRIM18.ram/ENBWREN
                            (rising edge-triggered cell RAMB18E1 clocked by clk_out1_clk_viz  {rise@0.000ns fall@20.000ns period=40.000ns})
  Path Group:             clk_out1_clk_viz
  Path Type:              Setup (Max at Slow Process Corner)
  Requirement:            40.000ns  (clk_out1_clk_viz rise@40.000ns - clk_out1_clk_viz rise@0.000ns)
  Data Path Delay:        7.411ns  (logic 2.711ns (36.583%)  route 4.700ns (63.417%))
  Logic Levels:           6  (CARRY4=4 LUT2=1 LUT3=1)
  Clock Path Skew:        -0.079ns (DCD - SCD + CPR)
    Destination Clock Delay (DCD):    -1.512ns = ( 38.488 - 40.000 ) 
    Source Clock Delay      (SCD):    -0.950ns
    Clock Pessimism Removal (CPR):    0.484ns
  Clock Uncertainty:      0.106ns  ((TSJ^2 + DJ^2)^1/2) / 2 + PE
    Total System Jitter     (TSJ):    0.071ns
    Discrete Jitter          (DJ):    0.200ns
    Phase Error              (PE):    0.000ns

    Location             Delay type                Incr(ns)  Path(ns)    Netlist Resource(s)
  -------------------------------------------------------------------    -------------------
                         (clock clk_out1_clk_viz rise edge)
                                                      0.000     0.000 r  
    W5                                                0.000     0.000 r  clk_100mhz (IN)
                         net (fo=0)                   0.000     0.000    instance_name/inst/clk_in1
    W5                   IBUF (Prop_ibuf_I_O)         1.458     1.458 r  instance_name/inst/clkin1_ibufg/O
                         net (fo=1, routed)           1.233     2.691    instance_name/inst/clk_in1_clk_viz
    MMCME2_ADV_X1Y0      MMCME2_ADV (Prop_mmcme2_adv_CLKIN1_CLKOUT0)
                                                     -6.961    -4.269 r  instance_name/inst/mmcm_adv_inst/CLKOUT0
                         net (fo=1, routed)           1.661    -2.608    instance_name/inst/clk_out1_clk_viz
    BUFGCTRL_X0Y1        BUFG (Prop_bufg_I_O)         0.096    -2.512 r  instance_name/inst/clkout1_buf/O
                         net (fo=83, routed)          1.562    -0.950    vga/CLK
    SLICE_X31Y38         FDRE                                         r  vga/v_cnt_reg[1]/C
  -------------------------------------------------------------------    -------------------
    SLICE_X31Y38         FDRE (Prop_fdre_C_Q)         0.456    -0.494 r  vga/v_cnt_reg[1]/Q
                         net (fo=12, routed)          0.671     0.178    vga/vga_y[1]
    SLICE_X30Y40         LUT2 (Prop_lut2_I1_O)        0.124     0.302 r  vga/frame_buffer_i_16/O
                         net (fo=1, routed)           0.000     0.302    vga/frame_buffer_i_16_n_0
    SLICE_X30Y40         CARRY4 (Prop_carry4_S[1]_CO[3])
                                                      0.533     0.835 r  vga/frame_buffer_i_6/CO[3]
                         net (fo=1, routed)           0.000     0.835    vga/frame_buffer_i_6_n_0
    SLICE_X30Y41         CARRY4 (Prop_carry4_CI_O[0])
                                                      0.219     1.054 r  vga/frame_buffer_i_5/O[0]
                         net (fo=1, routed)           0.589     1.642    vga/read_addr0[11]
    SLICE_X31Y41         CARRY4 (Prop_carry4_S[1]_CO[3])
                                                      0.845     2.487 r  vga/frame_buffer_i_2/CO[3]
                         net (fo=1, routed)           0.000     2.487    vga/frame_buffer_i_2_n_0
    SLICE_X31Y42         CARRY4 (Prop_carry4_CI_O[0])
                                                      0.235     2.722 f  vga/frame_buffer_i_1/O[0]
                         net (fo=27, routed)          2.663     5.386    frame_buffer/U0/inst_blk_mem_gen/gnbram.gnativebmg.native_blk_mem_gen/valid.cstr/addrb[14]
    SLICE_X48Y52         LUT3 (Prop_lut3_I1_O)        0.299     5.685 r  frame_buffer/U0/inst_blk_mem_gen/gnbram.gnativebmg.native_blk_mem_gen/valid.cstr/ramloop[1].ram.ram_enb/O
                         net (fo=2, routed)           0.777     6.461    frame_buffer/U0/inst_blk_mem_gen/gnbram.gnativebmg.native_blk_mem_gen/valid.cstr/ramloop[1].ram.r/prim_noinit.ram/ramloop[1].ram.ram_enb
    RAMB18_X1Y22         RAMB18E1                                     r  frame_buffer/U0/inst_blk_mem_gen/gnbram.gnativebmg.native_blk_mem_gen/valid.cstr/ramloop[1].ram.r/prim_noinit.ram/DEVICE_7SERIES.NO_BMM_INFO.SDP.SIMPLE_PRIM18.ram/ENBWREN
  -------------------------------------------------------------------    -------------------

                         (clock clk_out1_clk_viz rise edge)
                                                     40.000    40.000 r  
    W5                                                0.000    40.000 r  clk_100mhz (IN)
                         net (fo=0)                   0.000    40.000    instance_name/inst/clk_in1
    W5                   IBUF (Prop_ibuf_I_O)         1.388    41.388 r  instance_name/inst/clkin1_ibufg/O
                         net (fo=1, routed)           1.162    42.550    instance_name/inst/clk_in1_clk_viz
    MMCME2_ADV_X1Y0      MMCME2_ADV (Prop_mmcme2_adv_CLKIN1_CLKOUT0)
                                                     -7.217    35.332 r  instance_name/inst/mmcm_adv_inst/CLKOUT0
                         net (fo=1, routed)           1.581    36.914    instance_name/inst/clk_out1_clk_viz
    BUFGCTRL_X0Y1        BUFG (Prop_bufg_I_O)         0.091    37.005 r  instance_name/inst/clkout1_buf/O
                         net (fo=83, routed)          1.483    38.488    frame_buffer/U0/inst_blk_mem_gen/gnbram.gnativebmg.native_blk_mem_gen/valid.cstr/ramloop[1].ram.r/prim_noinit.ram/clkb
    RAMB18_X1Y22         RAMB18E1                                     r  frame_buffer/U0/inst_blk_mem_gen/gnbram.gnativebmg.native_blk_mem_gen/valid.cstr/ramloop[1].ram.r/prim_noinit.ram/DEVICE_7SERIES.NO_BMM_INFO.SDP.SIMPLE_PRIM18.ram/CLKBWRCLK
                         clock pessimism              0.484    38.971    
                         clock uncertainty           -0.106    38.865    
    RAMB18_X1Y22         RAMB18E1 (Setup_ramb18e1_CLKBWRCLK_ENBWREN)
                                                     -0.443    38.422    frame_buffer/U0/inst_blk_mem_gen/gnbram.gnativebmg.native_blk_mem_gen/valid.cstr/ramloop[1].ram.r/prim_noinit.ram/DEVICE_7SERIES.NO_BMM_INFO.SDP.SIMPLE_PRIM18.ram
  -------------------------------------------------------------------
                         required time                         38.422    
                         arrival time                          -6.461    
  -------------------------------------------------------------------
                         slack                                 31.961    

Slack (MET) :             32.076ns  (required time - arrival time)
  Source:                 vga/v_cnt_reg[1]/C
                            (rising edge-triggered cell FDRE clocked by clk_out1_clk_viz  {rise@0.000ns fall@20.000ns period=40.000ns})
  Destination:            frame_buffer/U0/inst_blk_mem_gen/gnbram.gnativebmg.native_blk_mem_gen/valid.cstr/ramloop[12].ram.r/prim_noinit.ram/DEVICE_7SERIES.NO_BMM_INFO.SDP.SIMPLE_PRIM36.ram/ADDRBWRADDR[14]
                            (rising edge-triggered cell RAMB36E1 clocked by clk_out1_clk_viz  {rise@0.000ns fall@20.000ns period=40.000ns})
  Path Group:             clk_out1_clk_viz
  Path Type:              Setup (Max at Slow Process Corner)
  Requirement:            40.000ns  (clk_out1_clk_viz rise@40.000ns - clk_out1_clk_viz rise@0.000ns)
  Data Path Delay:        7.009ns  (logic 2.194ns (31.301%)  route 4.815ns (68.699%))
  Logic Levels:           4  (CARRY4=3 LUT2=1)
  Clock Path Skew:        -0.064ns (DCD - SCD + CPR)
    Destination Clock Delay (DCD):    -1.505ns = ( 38.495 - 40.000 ) 
    Source Clock Delay      (SCD):    -0.950ns
    Clock Pessimism Removal (CPR):    0.492ns
  Clock Uncertainty:      0.106ns  ((TSJ^2 + DJ^2)^1/2) / 2 + PE
    Total System Jitter     (TSJ):    0.071ns
    Discrete Jitter          (DJ):    0.200ns
    Phase Error              (PE):    0.000ns

    Location             Delay type                Incr(ns)  Path(ns)    Netlist Resource(s)
  -------------------------------------------------------------------    -------------------
                         (clock clk_out1_clk_viz rise edge)
                                                      0.000     0.000 r  
    W5                                                0.000     0.000 r  clk_100mhz (IN)
                         net (fo=0)                   0.000     0.000    instance_name/inst/clk_in1
    W5                   IBUF (Prop_ibuf_I_O)         1.458     1.458 r  instance_name/inst/clkin1_ibufg/O
                         net (fo=1, routed)           1.233     2.691    instance_name/inst/clk_in1_clk_viz
    MMCME2_ADV_X1Y0      MMCME2_ADV (Prop_mmcme2_adv_CLKIN1_CLKOUT0)
                                                     -6.961    -4.269 r  instance_name/inst/mmcm_adv_inst/CLKOUT0
                         net (fo=1, routed)           1.661    -2.608    instance_name/inst/clk_out1_clk_viz
    BUFGCTRL_X0Y1        BUFG (Prop_bufg_I_O)         0.096    -2.512 r  instance_name/inst/clkout1_buf/O
                         net (fo=83, routed)          1.562    -0.950    vga/CLK
    SLICE_X31Y38         FDRE                                         r  vga/v_cnt_reg[1]/C
  -------------------------------------------------------------------    -------------------
    SLICE_X31Y38         FDRE (Prop_fdre_C_Q)         0.456    -0.494 r  vga/v_cnt_reg[1]/Q
                         net (fo=12, routed)          0.671     0.178    vga/vga_y[1]
    SLICE_X30Y40         LUT2 (Prop_lut2_I1_O)        0.124     0.302 r  vga/frame_buffer_i_16/O
                         net (fo=1, routed)           0.000     0.302    vga/frame_buffer_i_16_n_0
    SLICE_X30Y40         CARRY4 (Prop_carry4_S[1]_O[2])
                                                      0.578     0.880 r  vga/frame_buffer_i_6/O[2]
                         net (fo=1, routed)           0.488     1.368    vga/read_addr0[9]
    SLICE_X31Y40         CARRY4 (Prop_carry4_S[3]_CO[3])
                                                      0.702     2.070 r  vga/frame_buffer_i_3/CO[3]
                         net (fo=1, routed)           0.000     2.070    vga/frame_buffer_i_3_n_0
    SLICE_X31Y41         CARRY4 (Prop_carry4_CI_O[1])
                                                      0.334     2.404 r  vga/frame_buffer_i_2/O[1]
                         net (fo=27, routed)          3.656     6.060    frame_buffer/U0/inst_blk_mem_gen/gnbram.gnativebmg.native_blk_mem_gen/valid.cstr/ramloop[12].ram.r/prim_noinit.ram/addrb[11]
    RAMB36_X2Y7          RAMB36E1                                     r  frame_buffer/U0/inst_blk_mem_gen/gnbram.gnativebmg.native_blk_mem_gen/valid.cstr/ramloop[12].ram.r/prim_noinit.ram/DEVICE_7SERIES.NO_BMM_INFO.SDP.SIMPLE_PRIM36.ram/ADDRBWRADDR[14]
  -------------------------------------------------------------------    -------------------

                         (clock clk_out1_clk_viz rise edge)
                                                     40.000    40.000 r  
    W5                                                0.000    40.000 r  clk_100mhz (IN)
                         net (fo=0)                   0.000    40.000    instance_name/inst/clk_in1
    W5                   IBUF (Prop_ibuf_I_O)         1.388    41.388 r  instance_name/inst/clkin1_ibufg/O
                         net (fo=1, routed)           1.162    42.550    instance_name/inst/clk_in1_clk_viz
    MMCME2_ADV_X1Y0      MMCME2_ADV (Prop_mmcme2_adv_CLKIN1_CLKOUT0)
                                                     -7.217    35.332 r  instance_name/inst/mmcm_adv_inst/CLKOUT0
                         net (fo=1, routed)           1.581    36.914    instance_name/inst/clk_out1_clk_viz
    BUFGCTRL_X0Y1        BUFG (Prop_bufg_I_O)         0.091    37.005 r  instance_name/inst/clkout1_buf/O
                         net (fo=83, routed)          1.491    38.495    frame_buffer/U0/inst_blk_mem_gen/gnbram.gnativebmg.native_blk_mem_gen/valid.cstr/ramloop[12].ram.r/prim_noinit.ram/clkb
    RAMB36_X2Y7          RAMB36E1                                     r  frame_buffer/U0/inst_blk_mem_gen/gnbram.gnativebmg.native_blk_mem_gen/valid.cstr/ramloop[12].ram.r/prim_noinit.ram/DEVICE_7SERIES.NO_BMM_INFO.SDP.SIMPLE_PRIM36.ram/CLKBWRCLK
                         clock pessimism              0.492    38.987    
                         clock uncertainty           -0.106    38.881    
    RAMB36_X2Y7          RAMB36E1 (Setup_ramb36e1_CLKBWRCLK_ADDRBWRADDR[14])
                                                     -0.745    38.136    frame_buffer/U0/inst_blk_mem_gen/gnbram.gnativebmg.native_blk_mem_gen/valid.cstr/ramloop[12].ram.r/prim_noinit.ram/DEVICE_7SERIES.NO_BMM_INFO.SDP.SIMPLE_PRIM36.ram
  -------------------------------------------------------------------
                         required time                         38.136    
                         arrival time                          -6.060    
  -------------------------------------------------------------------
                         slack                                 32.076    

Slack (MET) :             32.210ns  (required time - arrival time)
  Source:                 vga/v_cnt_reg[1]/C
                            (rising edge-triggered cell FDRE clocked by clk_out1_clk_viz  {rise@0.000ns fall@20.000ns period=40.000ns})
  Destination:            frame_buffer/U0/inst_blk_mem_gen/gnbram.gnativebmg.native_blk_mem_gen/valid.cstr/ramloop[6].ram.r/prim_noinit.ram/DEVICE_7SERIES.NO_BMM_INFO.SDP.SIMPLE_PRIM36.ram/ENBWREN
                            (rising edge-triggered cell RAMB36E1 clocked by clk_out1_clk_viz  {rise@0.000ns fall@20.000ns period=40.000ns})
  Path Group:             clk_out1_clk_viz
  Path Type:              Setup (Max at Slow Process Corner)
  Requirement:            40.000ns  (clk_out1_clk_viz rise@40.000ns - clk_out1_clk_viz rise@0.000ns)
  Data Path Delay:        7.165ns  (logic 2.735ns (38.173%)  route 4.430ns (61.827%))
  Logic Levels:           6  (CARRY4=4 LUT2=1 LUT5=1)
  Clock Path Skew:        -0.076ns (DCD - SCD + CPR)
    Destination Clock Delay (DCD):    -1.509ns = ( 38.491 - 40.000 ) 
    Source Clock Delay      (SCD):    -0.950ns
    Clock Pessimism Removal (CPR):    0.484ns
  Clock Uncertainty:      0.106ns  ((TSJ^2 + DJ^2)^1/2) / 2 + PE
    Total System Jitter     (TSJ):    0.071ns
    Discrete Jitter          (DJ):    0.200ns
    Phase Error              (PE):    0.000ns

    Location             Delay type                Incr(ns)  Path(ns)    Netlist Resource(s)
  -------------------------------------------------------------------    -------------------
                         (clock clk_out1_clk_viz rise edge)
                                                      0.000     0.000 r  
    W5                                                0.000     0.000 r  clk_100mhz (IN)
                         net (fo=0)                   0.000     0.000    instance_name/inst/clk_in1
    W5                   IBUF (Prop_ibuf_I_O)         1.458     1.458 r  instance_name/inst/clkin1_ibufg/O
                         net (fo=1, routed)           1.233     2.691    instance_name/inst/clk_in1_clk_viz
    MMCME2_ADV_X1Y0      MMCME2_ADV (Prop_mmcme2_adv_CLKIN1_CLKOUT0)
                                                     -6.961    -4.269 r  instance_name/inst/mmcm_adv_inst/CLKOUT0
                         net (fo=1, routed)           1.661    -2.608    instance_name/inst/clk_out1_clk_viz
    BUFGCTRL_X0Y1        BUFG (Prop_bufg_I_O)         0.096    -2.512 r  instance_name/inst/clkout1_buf/O
                         net (fo=83, routed)          1.562    -0.950    vga/CLK
    SLICE_X31Y38         FDRE                                         r  vga/v_cnt_reg[1]/C
  -------------------------------------------------------------------    -------------------
    SLICE_X31Y38         FDRE (Prop_fdre_C_Q)         0.456    -0.494 r  vga/v_cnt_reg[1]/Q
                         net (fo=12, routed)          0.671     0.178    vga/vga_y[1]
    SLICE_X30Y40         LUT2 (Prop_lut2_I1_O)        0.124     0.302 r  vga/frame_buffer_i_16/O
                         net (fo=1, routed)           0.000     0.302    vga/frame_buffer_i_16_n_0
    SLICE_X30Y40         CARRY4 (Prop_carry4_S[1]_CO[3])
                                                      0.533     0.835 r  vga/frame_buffer_i_6/CO[3]
                         net (fo=1, routed)           0.000     0.835    vga/frame_buffer_i_6_n_0
    SLICE_X30Y41         CARRY4 (Prop_carry4_CI_O[0])
                                                      0.219     1.054 r  vga/frame_buffer_i_5/O[0]
                         net (fo=1, routed)           0.589     1.642    vga/read_addr0[11]
    SLICE_X31Y41         CARRY4 (Prop_carry4_S[1]_CO[3])
                                                      0.845     2.487 r  vga/frame_buffer_i_2/CO[3]
                         net (fo=1, routed)           0.000     2.487    vga/frame_buffer_i_2_n_0
    SLICE_X31Y42         CARRY4 (Prop_carry4_CI_O[2])
                                                      0.256     2.743 f  vga/frame_buffer_i_1/O[2]
                         net (fo=27, routed)          2.688     5.431    frame_buffer/U0/inst_blk_mem_gen/gnbram.gnativebmg.native_blk_mem_gen/valid.cstr/bindec_b.bindec_inst_b/addrb[4]
    SLICE_X57Y53         LUT5 (Prop_lut5_I1_O)        0.302     5.733 r  frame_buffer/U0/inst_blk_mem_gen/gnbram.gnativebmg.native_blk_mem_gen/valid.cstr/bindec_b.bindec_inst_b/ENOUT_inferred__0/i_/O
                         net (fo=1, routed)           0.482     6.215    frame_buffer/U0/inst_blk_mem_gen/gnbram.gnativebmg.native_blk_mem_gen/valid.cstr/ramloop[6].ram.r/prim_noinit.ram/enb_array[0]
    RAMB36_X2Y10         RAMB36E1                                     r  frame_buffer/U0/inst_blk_mem_gen/gnbram.gnativebmg.native_blk_mem_gen/valid.cstr/ramloop[6].ram.r/prim_noinit.ram/DEVICE_7SERIES.NO_BMM_INFO.SDP.SIMPLE_PRIM36.ram/ENBWREN
  -------------------------------------------------------------------    -------------------

                         (clock clk_out1_clk_viz rise edge)
                                                     40.000    40.000 r  
    W5                                                0.000    40.000 r  clk_100mhz (IN)
                         net (fo=0)                   0.000    40.000    instance_name/inst/clk_in1
    W5                   IBUF (Prop_ibuf_I_O)         1.388    41.388 r  instance_name/inst/clkin1_ibufg/O
                         net (fo=1, routed)           1.162    42.550    instance_name/inst/clk_in1_clk_viz
    MMCME2_ADV_X1Y0      MMCME2_ADV (Prop_mmcme2_adv_CLKIN1_CLKOUT0)
                                                     -7.217    35.332 r  instance_name/inst/mmcm_adv_inst/CLKOUT0
                         net (fo=1, routed)           1.581    36.914    instance_name/inst/clk_out1_clk_viz
    BUFGCTRL_X0Y1        BUFG (Prop_bufg_I_O)         0.091    37.005 r  instance_name/inst/clkout1_buf/O
                         net (fo=83, routed)          1.486    38.491    frame_buffer/U0/inst_blk_mem_gen/gnbram.gnativebmg.native_blk_mem_gen/valid.cstr/ramloop[6].ram.r/prim_noinit.ram/clkb
    RAMB36_X2Y10         RAMB36E1                                     r  frame_buffer/U0/inst_blk_mem_gen/gnbram.gnativebmg.native_blk_mem_gen/valid.cstr/ramloop[6].ram.r/prim_noinit.ram/DEVICE_7SERIES.NO_BMM_INFO.SDP.SIMPLE_PRIM36.ram/CLKBWRCLK
                         clock pessimism              0.484    38.974    
                         clock uncertainty           -0.106    38.868    
    RAMB36_X2Y10         RAMB36E1 (Setup_ramb36e1_CLKBWRCLK_ENBWREN)
                                                     -0.443    38.425    frame_buffer/U0/inst_blk_mem_gen/gnbram.gnativebmg.native_blk_mem_gen/valid.cstr/ramloop[6].ram.r/prim_noinit.ram/DEVICE_7SERIES.NO_BMM_INFO.SDP.SIMPLE_PRIM36.ram
  -------------------------------------------------------------------
                         required time                         38.425    
                         arrival time                          -6.215    
  -------------------------------------------------------------------
                         slack                                 32.210    

Slack (MET) :             32.259ns  (required time - arrival time)
  Source:                 vga/v_cnt_reg[1]/C
                            (rising edge-triggered cell FDRE clocked by clk_out1_clk_viz  {rise@0.000ns fall@20.000ns period=40.000ns})
  Destination:            frame_buffer/U0/inst_blk_mem_gen/gnbram.gnativebmg.native_blk_mem_gen/valid.cstr/ramloop[1].ram.r/prim_noinit.ram/DEVICE_7SERIES.NO_BMM_INFO.SDP.SIMPLE_PRIM18.ram/ADDRBWRADDR[13]
                            (rising edge-triggered cell RAMB18E1 clocked by clk_out1_clk_viz  {rise@0.000ns fall@20.000ns period=40.000ns})
  Path Group:             clk_out1_clk_viz
  Path Type:              Setup (Max at Slow Process Corner)
  Requirement:            40.000ns  (clk_out1_clk_viz rise@40.000ns - clk_out1_clk_viz rise@0.000ns)
  Data Path Delay:        6.808ns  (logic 2.267ns (33.301%)  route 4.541ns (66.699%))
  Logic Levels:           4  (CARRY4=3 LUT2=1)
  Clock Path Skew:        -0.079ns (DCD - SCD + CPR)
    Destination Clock Delay (DCD):    -1.512ns = ( 38.488 - 40.000 ) 
    Source Clock Delay      (SCD):    -0.950ns
    Clock Pessimism Removal (CPR):    0.484ns
  Clock Uncertainty:      0.106ns  ((TSJ^2 + DJ^2)^1/2) / 2 + PE
    Total System Jitter     (TSJ):    0.071ns
    Discrete Jitter          (DJ):    0.200ns
    Phase Error              (PE):    0.000ns

    Location             Delay type                Incr(ns)  Path(ns)    Netlist Resource(s)
  -------------------------------------------------------------------    -------------------
                         (clock clk_out1_clk_viz rise edge)
                                                      0.000     0.000 r  
    W5                                                0.000     0.000 r  clk_100mhz (IN)
                         net (fo=0)                   0.000     0.000    instance_name/inst/clk_in1
    W5                   IBUF (Prop_ibuf_I_O)         1.458     1.458 r  instance_name/inst/clkin1_ibufg/O
                         net (fo=1, routed)           1.233     2.691    instance_name/inst/clk_in1_clk_viz
    MMCME2_ADV_X1Y0      MMCME2_ADV (Prop_mmcme2_adv_CLKIN1_CLKOUT0)
                                                     -6.961    -4.269 r  instance_name/inst/mmcm_adv_inst/CLKOUT0
                         net (fo=1, routed)           1.661    -2.608    instance_name/inst/clk_out1_clk_viz
    BUFGCTRL_X0Y1        BUFG (Prop_bufg_I_O)         0.096    -2.512 r  instance_name/inst/clkout1_buf/O
                         net (fo=83, routed)          1.562    -0.950    vga/CLK
    SLICE_X31Y38         FDRE                                         r  vga/v_cnt_reg[1]/C
  -------------------------------------------------------------------    -------------------
    SLICE_X31Y38         FDRE (Prop_fdre_C_Q)         0.456    -0.494 r  vga/v_cnt_reg[1]/Q
                         net (fo=12, routed)          0.671     0.178    vga/vga_y[1]
    SLICE_X30Y40         LUT2 (Prop_lut2_I1_O)        0.124     0.302 r  vga/frame_buffer_i_16/O
                         net (fo=1, routed)           0.000     0.302    vga/frame_buffer_i_16_n_0
    SLICE_X30Y40         CARRY4 (Prop_carry4_S[1]_CO[3])
                                                      0.533     0.835 r  vga/frame_buffer_i_6/CO[3]
                         net (fo=1, routed)           0.000     0.835    vga/frame_buffer_i_6_n_0
    SLICE_X30Y41         CARRY4 (Prop_carry4_CI_O[0])
                                                      0.219     1.054 r  vga/frame_buffer_i_5/O[0]
                         net (fo=1, routed)           0.589     1.642    vga/read_addr0[11]
    SLICE_X31Y41         CARRY4 (Prop_carry4_S[1]_O[3])
                                                      0.935     2.577 r  vga/frame_buffer_i_2/O[3]
                         net (fo=28, routed)          3.281     5.858    frame_buffer/U0/inst_blk_mem_gen/gnbram.gnativebmg.native_blk_mem_gen/valid.cstr/ramloop[1].ram.r/prim_noinit.ram/addrb[13]
    RAMB18_X1Y22         RAMB18E1                                     r  frame_buffer/U0/inst_blk_mem_gen/gnbram.gnativebmg.native_blk_mem_gen/valid.cstr/ramloop[1].ram.r/prim_noinit.ram/DEVICE_7SERIES.NO_BMM_INFO.SDP.SIMPLE_PRIM18.ram/ADDRBWRADDR[13]
  -------------------------------------------------------------------    -------------------

                         (clock clk_out1_clk_viz rise edge)
                                                     40.000    40.000 r  
    W5                                                0.000    40.000 r  clk_100mhz (IN)
                         net (fo=0)                   0.000    40.000    instance_name/inst/clk_in1
    W5                   IBUF (Prop_ibuf_I_O)         1.388    41.388 r  instance_name/inst/clkin1_ibufg/O
                         net (fo=1, routed)           1.162    42.550    instance_name/inst/clk_in1_clk_viz
    MMCME2_ADV_X1Y0      MMCME2_ADV (Prop_mmcme2_adv_CLKIN1_CLKOUT0)
                                                     -7.217    35.332 r  instance_name/inst/mmcm_adv_inst/CLKOUT0
                         net (fo=1, routed)           1.581    36.914    instance_name/inst/clk_out1_clk_viz
    BUFGCTRL_X0Y1        BUFG (Prop_bufg_I_O)         0.091    37.005 r  instance_name/inst/clkout1_buf/O
                         net (fo=83, routed)          1.483    38.488    frame_buffer/U0/inst_blk_mem_gen/gnbram.gnativebmg.native_blk_mem_gen/valid.cstr/ramloop[1].ram.r/prim_noinit.ram/clkb
    RAMB18_X1Y22         RAMB18E1                                     r  frame_buffer/U0/inst_blk_mem_gen/gnbram.gnativebmg.native_blk_mem_gen/valid.cstr/ramloop[1].ram.r/prim_noinit.ram/DEVICE_7SERIES.NO_BMM_INFO.SDP.SIMPLE_PRIM18.ram/CLKBWRCLK
                         clock pessimism              0.484    38.971    
                         clock uncertainty           -0.106    38.865    
    RAMB18_X1Y22         RAMB18E1 (Setup_ramb18e1_CLKBWRCLK_ADDRBWRADDR[13])
                                                     -0.748    38.117    frame_buffer/U0/inst_blk_mem_gen/gnbram.gnativebmg.native_blk_mem_gen/valid.cstr/ramloop[1].ram.r/prim_noinit.ram/DEVICE_7SERIES.NO_BMM_INFO.SDP.SIMPLE_PRIM18.ram
  -------------------------------------------------------------------
                         required time                         38.117    
                         arrival time                          -5.858    
  -------------------------------------------------------------------
                         slack                                 32.259    

Slack (MET) :             32.387ns  (required time - arrival time)
  Source:                 vga/v_cnt_reg[1]/C
                            (rising edge-triggered cell FDRE clocked by clk_out1_clk_viz  {rise@0.000ns fall@20.000ns period=40.000ns})
  Destination:            frame_buffer/U0/inst_blk_mem_gen/gnbram.gnativebmg.native_blk_mem_gen/valid.cstr/ramloop[3].ram.r/prim_noinit.ram/DEVICE_7SERIES.NO_BMM_INFO.SDP.SIMPLE_PRIM36.ram/ENBWREN
                            (rising edge-triggered cell RAMB36E1 clocked by clk_out1_clk_viz  {rise@0.000ns fall@20.000ns period=40.000ns})
  Path Group:             clk_out1_clk_viz
  Path Type:              Setup (Max at Slow Process Corner)
  Requirement:            40.000ns  (clk_out1_clk_viz rise@40.000ns - clk_out1_clk_viz rise@0.000ns)
  Data Path Delay:        6.985ns  (logic 2.711ns (38.809%)  route 4.274ns (61.191%))
  Logic Levels:           6  (CARRY4=4 LUT2=1 LUT3=1)
  Clock Path Skew:        -0.078ns (DCD - SCD + CPR)
    Destination Clock Delay (DCD):    -1.511ns = ( 38.489 - 40.000 ) 
    Source Clock Delay      (SCD):    -0.950ns
    Clock Pessimism Removal (CPR):    0.484ns
  Clock Uncertainty:      0.106ns  ((TSJ^2 + DJ^2)^1/2) / 2 + PE
    Total System Jitter     (TSJ):    0.071ns
    Discrete Jitter          (DJ):    0.200ns
    Phase Error              (PE):    0.000ns

    Location             Delay type                Incr(ns)  Path(ns)    Netlist Resource(s)
  -------------------------------------------------------------------    -------------------
                         (clock clk_out1_clk_viz rise edge)
                                                      0.000     0.000 r  
    W5                                                0.000     0.000 r  clk_100mhz (IN)
                         net (fo=0)                   0.000     0.000    instance_name/inst/clk_in1
    W5                   IBUF (Prop_ibuf_I_O)         1.458     1.458 r  instance_name/inst/clkin1_ibufg/O
                         net (fo=1, routed)           1.233     2.691    instance_name/inst/clk_in1_clk_viz
    MMCME2_ADV_X1Y0      MMCME2_ADV (Prop_mmcme2_adv_CLKIN1_CLKOUT0)
                                                     -6.961    -4.269 r  instance_name/inst/mmcm_adv_inst/CLKOUT0
                         net (fo=1, routed)           1.661    -2.608    instance_name/inst/clk_out1_clk_viz
    BUFGCTRL_X0Y1        BUFG (Prop_bufg_I_O)         0.096    -2.512 r  instance_name/inst/clkout1_buf/O
                         net (fo=83, routed)          1.562    -0.950    vga/CLK
    SLICE_X31Y38         FDRE                                         r  vga/v_cnt_reg[1]/C
  -------------------------------------------------------------------    -------------------
    SLICE_X31Y38         FDRE (Prop_fdre_C_Q)         0.456    -0.494 r  vga/v_cnt_reg[1]/Q
                         net (fo=12, routed)          0.671     0.178    vga/vga_y[1]
    SLICE_X30Y40         LUT2 (Prop_lut2_I1_O)        0.124     0.302 r  vga/frame_buffer_i_16/O
                         net (fo=1, routed)           0.000     0.302    vga/frame_buffer_i_16_n_0
    SLICE_X30Y40         CARRY4 (Prop_carry4_S[1]_CO[3])
                                                      0.533     0.835 r  vga/frame_buffer_i_6/CO[3]
                         net (fo=1, routed)           0.000     0.835    vga/frame_buffer_i_6_n_0
    SLICE_X30Y41         CARRY4 (Prop_carry4_CI_O[0])
                                                      0.219     1.054 r  vga/frame_buffer_i_5/O[0]
                         net (fo=1, routed)           0.589     1.642    vga/read_addr0[11]
    SLICE_X31Y41         CARRY4 (Prop_carry4_S[1]_CO[3])
                                                      0.845     2.487 r  vga/frame_buffer_i_2/CO[3]
                         net (fo=1, routed)           0.000     2.487    vga/frame_buffer_i_2_n_0
    SLICE_X31Y42         CARRY4 (Prop_carry4_CI_O[0])
                                                      0.235     2.722 f  vga/frame_buffer_i_1/O[0]
                         net (fo=27, routed)          2.663     5.386    frame_buffer/U0/inst_blk_mem_gen/gnbram.gnativebmg.native_blk_mem_gen/valid.cstr/addrb[14]
    SLICE_X48Y52         LUT3 (Prop_lut3_I1_O)        0.299     5.685 r  frame_buffer/U0/inst_blk_mem_gen/gnbram.gnativebmg.native_blk_mem_gen/valid.cstr/ramloop[1].ram.ram_enb/O
                         net (fo=2, routed)           0.351     6.036    frame_buffer/U0/inst_blk_mem_gen/gnbram.gnativebmg.native_blk_mem_gen/valid.cstr/ramloop[3].ram.r/prim_noinit.ram/ramloop[1].ram.ram_enb
    RAMB36_X1Y10         RAMB36E1                                     r  frame_buffer/U0/inst_blk_mem_gen/gnbram.gnativebmg.native_blk_mem_gen/valid.cstr/ramloop[3].ram.r/prim_noinit.ram/DEVICE_7SERIES.NO_BMM_INFO.SDP.SIMPLE_PRIM36.ram/ENBWREN
  -------------------------------------------------------------------    -------------------

                         (clock clk_out1_clk_viz rise edge)
                                                     40.000    40.000 r  
    W5                                                0.000    40.000 r  clk_100mhz (IN)
                         net (fo=0)                   0.000    40.000    instance_name/inst/clk_in1
    W5                   IBUF (Prop_ibuf_I_O)         1.388    41.388 r  instance_name/inst/clkin1_ibufg/O
                         net (fo=1, routed)           1.162    42.550    instance_name/inst/clk_in1_clk_viz
    MMCME2_ADV_X1Y0      MMCME2_ADV (Prop_mmcme2_adv_CLKIN1_CLKOUT0)
                                                     -7.217    35.332 r  instance_name/inst/mmcm_adv_inst/CLKOUT0
                         net (fo=1, routed)           1.581    36.914    instance_name/inst/clk_out1_clk_viz
    BUFGCTRL_X0Y1        BUFG (Prop_bufg_I_O)         0.091    37.005 r  instance_name/inst/clkout1_buf/O
                         net (fo=83, routed)          1.484    38.489    frame_buffer/U0/inst_blk_mem_gen/gnbram.gnativebmg.native_blk_mem_gen/valid.cstr/ramloop[3].ram.r/prim_noinit.ram/clkb
    RAMB36_X1Y10         RAMB36E1                                     r  frame_buffer/U0/inst_blk_mem_gen/gnbram.gnativebmg.native_blk_mem_gen/valid.cstr/ramloop[3].ram.r/prim_noinit.ram/DEVICE_7SERIES.NO_BMM_INFO.SDP.SIMPLE_PRIM36.ram/CLKBWRCLK
                         clock pessimism              0.484    38.972    
                         clock uncertainty           -0.106    38.866    
    RAMB36_X1Y10         RAMB36E1 (Setup_ramb36e1_CLKBWRCLK_ENBWREN)
                                                     -0.443    38.423    frame_buffer/U0/inst_blk_mem_gen/gnbram.gnativebmg.native_blk_mem_gen/valid.cstr/ramloop[3].ram.r/prim_noinit.ram/DEVICE_7SERIES.NO_BMM_INFO.SDP.SIMPLE_PRIM36.ram
  -------------------------------------------------------------------
                         required time                         38.423    
                         arrival time                          -6.036    
  -------------------------------------------------------------------
                         slack                                 32.387    

Slack (MET) :             32.418ns  (required time - arrival time)
  Source:                 vga/v_cnt_reg[1]/C
                            (rising edge-triggered cell FDRE clocked by clk_out1_clk_viz  {rise@0.000ns fall@20.000ns period=40.000ns})
  Destination:            frame_buffer/U0/inst_blk_mem_gen/gnbram.gnativebmg.native_blk_mem_gen/valid.cstr/ramloop[10].ram.r/prim_noinit.ram/DEVICE_7SERIES.NO_BMM_INFO.SDP.SIMPLE_PRIM36.ram/ADDRBWRADDR[14]
                            (rising edge-triggered cell RAMB36E1 clocked by clk_out1_clk_viz  {rise@0.000ns fall@20.000ns period=40.000ns})
  Path Group:             clk_out1_clk_viz
  Path Type:              Setup (Max at Slow Process Corner)
  Requirement:            40.000ns  (clk_out1_clk_viz rise@40.000ns - clk_out1_clk_viz rise@0.000ns)
  Data Path Delay:        6.671ns  (logic 2.194ns (32.886%)  route 4.477ns (67.114%))
  Logic Levels:           4  (CARRY4=3 LUT2=1)
  Clock Path Skew:        -0.060ns (DCD - SCD + CPR)
    Destination Clock Delay (DCD):    -1.501ns = ( 38.499 - 40.000 ) 
    Source Clock Delay      (SCD):    -0.950ns
    Clock Pessimism Removal (CPR):    0.492ns
  Clock Uncertainty:      0.106ns  ((TSJ^2 + DJ^2)^1/2) / 2 + PE
    Total System Jitter     (TSJ):    0.071ns
    Discrete Jitter          (DJ):    0.200ns
    Phase Error              (PE):    0.000ns

    Location             Delay type                Incr(ns)  Path(ns)    Netlist Resource(s)
  -------------------------------------------------------------------    -------------------
                         (clock clk_out1_clk_viz rise edge)
                                                      0.000     0.000 r  
    W5                                                0.000     0.000 r  clk_100mhz (IN)
                         net (fo=0)                   0.000     0.000    instance_name/inst/clk_in1
    W5                   IBUF (Prop_ibuf_I_O)         1.458     1.458 r  instance_name/inst/clkin1_ibufg/O
                         net (fo=1, routed)           1.233     2.691    instance_name/inst/clk_in1_clk_viz
    MMCME2_ADV_X1Y0      MMCME2_ADV (Prop_mmcme2_adv_CLKIN1_CLKOUT0)
                                                     -6.961    -4.269 r  instance_name/inst/mmcm_adv_inst/CLKOUT0
                         net (fo=1, routed)           1.661    -2.608    instance_name/inst/clk_out1_clk_viz
    BUFGCTRL_X0Y1        BUFG (Prop_bufg_I_O)         0.096    -2.512 r  instance_name/inst/clkout1_buf/O
                         net (fo=83, routed)          1.562    -0.950    vga/CLK
    SLICE_X31Y38         FDRE                                         r  vga/v_cnt_reg[1]/C
  -------------------------------------------------------------------    -------------------
    SLICE_X31Y38         FDRE (Prop_fdre_C_Q)         0.456    -0.494 r  vga/v_cnt_reg[1]/Q
                         net (fo=12, routed)          0.671     0.178    vga/vga_y[1]
    SLICE_X30Y40         LUT2 (Prop_lut2_I1_O)        0.124     0.302 r  vga/frame_buffer_i_16/O
                         net (fo=1, routed)           0.000     0.302    vga/frame_buffer_i_16_n_0
    SLICE_X30Y40         CARRY4 (Prop_carry4_S[1]_O[2])
                                                      0.578     0.880 r  vga/frame_buffer_i_6/O[2]
                         net (fo=1, routed)           0.488     1.368    vga/read_addr0[9]
    SLICE_X31Y40         CARRY4 (Prop_carry4_S[3]_CO[3])
                                                      0.702     2.070 r  vga/frame_buffer_i_3/CO[3]
                         net (fo=1, routed)           0.000     2.070    vga/frame_buffer_i_3_n_0
    SLICE_X31Y41         CARRY4 (Prop_carry4_CI_O[1])
                                                      0.334     2.404 r  vga/frame_buffer_i_2/O[1]
                         net (fo=27, routed)          3.318     5.722    frame_buffer/U0/inst_blk_mem_gen/gnbram.gnativebmg.native_blk_mem_gen/valid.cstr/ramloop[10].ram.r/prim_noinit.ram/addrb[11]
    RAMB36_X2Y8          RAMB36E1                                     r  frame_buffer/U0/inst_blk_mem_gen/gnbram.gnativebmg.native_blk_mem_gen/valid.cstr/ramloop[10].ram.r/prim_noinit.ram/DEVICE_7SERIES.NO_BMM_INFO.SDP.SIMPLE_PRIM36.ram/ADDRBWRADDR[14]
  -------------------------------------------------------------------    -------------------

                         (clock clk_out1_clk_viz rise edge)
                                                     40.000    40.000 r  
    W5                                                0.000    40.000 r  clk_100mhz (IN)
                         net (fo=0)                   0.000    40.000    instance_name/inst/clk_in1
    W5                   IBUF (Prop_ibuf_I_O)         1.388    41.388 r  instance_name/inst/clkin1_ibufg/O
                         net (fo=1, routed)           1.162    42.550    instance_name/inst/clk_in1_clk_viz
    MMCME2_ADV_X1Y0      MMCME2_ADV (Prop_mmcme2_adv_CLKIN1_CLKOUT0)
                                                     -7.217    35.332 r  instance_name/inst/mmcm_adv_inst/CLKOUT0
                         net (fo=1, routed)           1.581    36.914    instance_name/inst/clk_out1_clk_viz
    BUFGCTRL_X0Y1        BUFG (Prop_bufg_I_O)         0.091    37.005 r  instance_name/inst/clkout1_buf/O
                         net (fo=83, routed)          1.495    38.499    frame_buffer/U0/inst_blk_mem_gen/gnbram.gnativebmg.native_blk_mem_gen/valid.cstr/ramloop[10].ram.r/prim_noinit.ram/clkb
    RAMB36_X2Y8          RAMB36E1                                     r  frame_buffer/U0/inst_blk_mem_gen/gnbram.gnativebmg.native_blk_mem_gen/valid.cstr/ramloop[10].ram.r/prim_noinit.ram/DEVICE_7SERIES.NO_BMM_INFO.SDP.SIMPLE_PRIM36.ram/CLKBWRCLK
                         clock pessimism              0.492    38.991    
                         clock uncertainty           -0.106    38.885    
    RAMB36_X2Y8          RAMB36E1 (Setup_ramb36e1_CLKBWRCLK_ADDRBWRADDR[14])
                                                     -0.745    38.140    frame_buffer/U0/inst_blk_mem_gen/gnbram.gnativebmg.native_blk_mem_gen/valid.cstr/ramloop[10].ram.r/prim_noinit.ram/DEVICE_7SERIES.NO_BMM_INFO.SDP.SIMPLE_PRIM36.ram
  -------------------------------------------------------------------
                         required time                         38.140    
                         arrival time                          -5.722    
  -------------------------------------------------------------------
                         slack                                 32.418    





Min Delay Paths
--------------------------------------------------------------------------------------
Slack (MET) :             0.174ns  (arrival time - required time)
  Source:                 vga/h_cnt_reg[1]/C
                            (rising edge-triggered cell FDRE clocked by clk_out1_clk_viz  {rise@0.000ns fall@20.000ns period=40.000ns})
  Destination:            vga/h_cnt_reg[3]/D
                            (rising edge-triggered cell FDRE clocked by clk_out1_clk_viz  {rise@0.000ns fall@20.000ns period=40.000ns})
  Path Group:             clk_out1_clk_viz
  Path Type:              Hold (Min at Fast Process Corner)
  Requirement:            0.000ns  (clk_out1_clk_viz rise@0.000ns - clk_out1_clk_viz rise@0.000ns)
  Data Path Delay:        0.307ns  (logic 0.186ns (60.498%)  route 0.121ns (39.502%))
  Logic Levels:           1  (LUT4=1)
  Clock Path Skew:        0.013ns (DCD - SCD - CPR)
    Destination Clock Delay (DCD):    -0.860ns
    Source Clock Delay      (SCD):    -0.620ns
    Clock Pessimism Removal (CPR):    -0.252ns

    Location             Delay type                Incr(ns)  Path(ns)    Netlist Resource(s)
  -------------------------------------------------------------------    -------------------
                         (clock clk_out1_clk_viz rise edge)
                                                      0.000     0.000 r  
    W5                                                0.000     0.000 r  clk_100mhz (IN)
                         net (fo=0)                   0.000     0.000    instance_name/inst/clk_in1
    W5                   IBUF (Prop_ibuf_I_O)         0.226     0.226 r  instance_name/inst/clkin1_ibufg/O
                         net (fo=1, routed)           0.440     0.667    instance_name/inst/clk_in1_clk_viz
    MMCME2_ADV_X1Y0      MMCME2_ADV (Prop_mmcme2_adv_CLKIN1_CLKOUT0)
                                                     -2.360    -1.693 r  instance_name/inst/mmcm_adv_inst/CLKOUT0
                         net (fo=1, routed)           0.486    -1.207    instance_name/inst/clk_out1_clk_viz
    BUFGCTRL_X0Y1        BUFG (Prop_bufg_I_O)         0.026    -1.181 r  instance_name/inst/clkout1_buf/O
                         net (fo=83, routed)          0.561    -0.620    vga/CLK
    SLICE_X35Y40         FDRE                                         r  vga/h_cnt_reg[1]/C
  -------------------------------------------------------------------    -------------------
    SLICE_X35Y40         FDRE (Prop_fdre_C_Q)         0.141    -0.479 r  vga/h_cnt_reg[1]/Q
                         net (fo=34, routed)          0.121    -0.358    vga/Q[0]
    SLICE_X34Y40         LUT4 (Prop_lut4_I1_O)        0.045    -0.313 r  vga/h_cnt[3]_i_1/O
                         net (fo=1, routed)           0.000    -0.313    vga/h_cnt[3]_i_1_n_0
    SLICE_X34Y40         FDRE                                         r  vga/h_cnt_reg[3]/D
  -------------------------------------------------------------------    -------------------

                         (clock clk_out1_clk_viz rise edge)
                                                      0.000     0.000 r  
    W5                                                0.000     0.000 r  clk_100mhz (IN)
                         net (fo=0)                   0.000     0.000    instance_name/inst/clk_in1
    W5                   IBUF (Prop_ibuf_I_O)         0.414     0.414 r  instance_name/inst/clkin1_ibufg/O
                         net (fo=1, routed)           0.480     0.894    instance_name/inst/clk_in1_clk_viz
    MMCME2_ADV_X1Y0      MMCME2_ADV (Prop_mmcme2_adv_CLKIN1_CLKOUT0)
                                                     -3.142    -2.248 r  instance_name/inst/mmcm_adv_inst/CLKOUT0
                         net (fo=1, routed)           0.530    -1.718    instance_name/inst/clk_out1_clk_viz
    BUFGCTRL_X0Y1        BUFG (Prop_bufg_I_O)         0.029    -1.689 r  instance_name/inst/clkout1_buf/O
                         net (fo=83, routed)          0.830    -0.860    vga/CLK
    SLICE_X34Y40         FDRE                                         r  vga/h_cnt_reg[3]/C
                         clock pessimism              0.252    -0.607    
    SLICE_X34Y40         FDRE (Hold_fdre_C_D)         0.120    -0.487    vga/h_cnt_reg[3]
  -------------------------------------------------------------------
                         required time                          0.487    
                         arrival time                          -0.313    
  -------------------------------------------------------------------
                         slack                                  0.174    

Slack (MET) :             0.176ns  (arrival time - required time)
  Source:                 config_unit/sccb/clk_divider_reg[6]/C
                            (rising edge-triggered cell FDRE clocked by clk_out1_clk_viz  {rise@0.000ns fall@20.000ns period=40.000ns})
  Destination:            config_unit/sccb/sccb_clk_reg/D
                            (rising edge-triggered cell FDRE clocked by clk_out1_clk_viz  {rise@0.000ns fall@20.000ns period=40.000ns})
  Path Group:             clk_out1_clk_viz
  Path Type:              Hold (Min at Fast Process Corner)
  Requirement:            0.000ns  (clk_out1_clk_viz rise@0.000ns - clk_out1_clk_viz rise@0.000ns)
  Data Path Delay:        0.281ns  (logic 0.209ns (74.295%)  route 0.072ns (25.705%))
  Logic Levels:           1  (LUT5=1)
  Clock Path Skew:        0.013ns (DCD - SCD - CPR)
    Destination Clock Delay (DCD):    -0.823ns
    Source Clock Delay      (SCD):    -0.585ns
    Clock Pessimism Removal (CPR):    -0.250ns

    Location             Delay type                Incr(ns)  Path(ns)    Netlist Resource(s)
  -------------------------------------------------------------------    -------------------
                         (clock clk_out1_clk_viz rise edge)
                                                      0.000     0.000 r  
    W5                                                0.000     0.000 r  clk_100mhz (IN)
                         net (fo=0)                   0.000     0.000    instance_name/inst/clk_in1
    W5                   IBUF (Prop_ibuf_I_O)         0.226     0.226 r  instance_name/inst/clkin1_ibufg/O
                         net (fo=1, routed)           0.440     0.667    instance_name/inst/clk_in1_clk_viz
    MMCME2_ADV_X1Y0      MMCME2_ADV (Prop_mmcme2_adv_CLKIN1_CLKOUT0)
                                                     -2.360    -1.693 r  instance_name/inst/mmcm_adv_inst/CLKOUT0
                         net (fo=1, routed)           0.486    -1.207    instance_name/inst/clk_out1_clk_viz
    BUFGCTRL_X0Y1        BUFG (Prop_bufg_I_O)         0.026    -1.181 r  instance_name/inst/clkout1_buf/O
                         net (fo=83, routed)          0.596    -0.585    config_unit/sccb/CLK
    SLICE_X2Y2           FDRE                                         r  config_unit/sccb/clk_divider_reg[6]/C
  -------------------------------------------------------------------    -------------------
    SLICE_X2Y2           FDRE (Prop_fdre_C_Q)         0.164    -0.421 r  config_unit/sccb/clk_divider_reg[6]/Q
                         net (fo=4, routed)           0.072    -0.349    config_unit/sccb/clk_divider[6]
    SLICE_X3Y2           LUT5 (Prop_lut5_I1_O)        0.045    -0.304 r  config_unit/sccb/sccb_clk_i_1/O
                         net (fo=1, routed)           0.000    -0.304    config_unit/sccb/sccb_clk_i_1_n_0
    SLICE_X3Y2           FDRE                                         r  config_unit/sccb/sccb_clk_reg/D
  -------------------------------------------------------------------    -------------------

                         (clock clk_out1_clk_viz rise edge)
                                                      0.000     0.000 r  
    W5                                                0.000     0.000 r  clk_100mhz (IN)
                         net (fo=0)                   0.000     0.000    instance_name/inst/clk_in1
    W5                   IBUF (Prop_ibuf_I_O)         0.414     0.414 r  instance_name/inst/clkin1_ibufg/O
                         net (fo=1, routed)           0.480     0.894    instance_name/inst/clk_in1_clk_viz
    MMCME2_ADV_X1Y0      MMCME2_ADV (Prop_mmcme2_adv_CLKIN1_CLKOUT0)
                                                     -3.142    -2.248 r  instance_name/inst/mmcm_adv_inst/CLKOUT0
                         net (fo=1, routed)           0.530    -1.718    instance_name/inst/clk_out1_clk_viz
    BUFGCTRL_X0Y1        BUFG (Prop_bufg_I_O)         0.029    -1.689 r  instance_name/inst/clkout1_buf/O
                         net (fo=83, routed)          0.867    -0.823    config_unit/sccb/CLK
    SLICE_X3Y2           FDRE                                         r  config_unit/sccb/sccb_clk_reg/C
                         clock pessimism              0.250    -0.572    
    SLICE_X3Y2           FDRE (Hold_fdre_C_D)         0.092    -0.480    config_unit/sccb/sccb_clk_reg
  -------------------------------------------------------------------
                         required time                          0.480    
                         arrival time                          -0.304    
  -------------------------------------------------------------------
                         slack                                  0.176    

Slack (MET) :             0.176ns  (arrival time - required time)
  Source:                 vga/h_cnt_reg[4]/C
                            (rising edge-triggered cell FDRE clocked by clk_out1_clk_viz  {rise@0.000ns fall@20.000ns period=40.000ns})
  Destination:            vga/h_cnt_reg[5]/D
                            (rising edge-triggered cell FDRE clocked by clk_out1_clk_viz  {rise@0.000ns fall@20.000ns period=40.000ns})
  Path Group:             clk_out1_clk_viz
  Path Type:              Hold (Min at Fast Process Corner)
  Requirement:            0.000ns  (clk_out1_clk_viz rise@0.000ns - clk_out1_clk_viz rise@0.000ns)
  Data Path Delay:        0.281ns  (logic 0.209ns (74.270%)  route 0.072ns (25.730%))
  Logic Levels:           1  (LUT6=1)
  Clock Path Skew:        0.013ns (DCD - SCD - CPR)
    Destination Clock Delay (DCD):    -0.860ns
    Source Clock Delay      (SCD):    -0.620ns
    Clock Pessimism Removal (CPR):    -0.252ns

    Location             Delay type                Incr(ns)  Path(ns)    Netlist Resource(s)
  -------------------------------------------------------------------    -------------------
                         (clock clk_out1_clk_viz rise edge)
                                                      0.000     0.000 r  
    W5                                                0.000     0.000 r  clk_100mhz (IN)
                         net (fo=0)                   0.000     0.000    instance_name/inst/clk_in1
    W5                   IBUF (Prop_ibuf_I_O)         0.226     0.226 r  instance_name/inst/clkin1_ibufg/O
                         net (fo=1, routed)           0.440     0.667    instance_name/inst/clk_in1_clk_viz
    MMCME2_ADV_X1Y0      MMCME2_ADV (Prop_mmcme2_adv_CLKIN1_CLKOUT0)
                                                     -2.360    -1.693 r  instance_name/inst/mmcm_adv_inst/CLKOUT0
                         net (fo=1, routed)           0.486    -1.207    instance_name/inst/clk_out1_clk_viz
    BUFGCTRL_X0Y1        BUFG (Prop_bufg_I_O)         0.026    -1.181 r  instance_name/inst/clkout1_buf/O
                         net (fo=83, routed)          0.561    -0.620    vga/CLK
    SLICE_X34Y40         FDRE                                         r  vga/h_cnt_reg[4]/C
  -------------------------------------------------------------------    -------------------
    SLICE_X34Y40         FDRE (Prop_fdre_C_Q)         0.164    -0.456 r  vga/h_cnt_reg[4]/Q
                         net (fo=34, routed)          0.072    -0.384    vga/Q[3]
    SLICE_X35Y40         LUT6 (Prop_lut6_I5_O)        0.045    -0.339 r  vga/h_cnt[5]_i_1/O
                         net (fo=1, routed)           0.000    -0.339    vga/h_cnt[5]_i_1_n_0
    SLICE_X35Y40         FDRE                                         r  vga/h_cnt_reg[5]/D
  -------------------------------------------------------------------    -------------------

                         (clock clk_out1_clk_viz rise edge)
                                                      0.000     0.000 r  
    W5                                                0.000     0.000 r  clk_100mhz (IN)
                         net (fo=0)                   0.000     0.000    instance_name/inst/clk_in1
    W5                   IBUF (Prop_ibuf_I_O)         0.414     0.414 r  instance_name/inst/clkin1_ibufg/O
                         net (fo=1, routed)           0.480     0.894    instance_name/inst/clk_in1_clk_viz
    MMCME2_ADV_X1Y0      MMCME2_ADV (Prop_mmcme2_adv_CLKIN1_CLKOUT0)
                                                     -3.142    -2.248 r  instance_name/inst/mmcm_adv_inst/CLKOUT0
                         net (fo=1, routed)           0.530    -1.718    instance_name/inst/clk_out1_clk_viz
    BUFGCTRL_X0Y1        BUFG (Prop_bufg_I_O)         0.029    -1.689 r  instance_name/inst/clkout1_buf/O
                         net (fo=83, routed)          0.830    -0.860    vga/CLK
    SLICE_X35Y40         FDRE                                         r  vga/h_cnt_reg[5]/C
                         clock pessimism              0.252    -0.607    
    SLICE_X35Y40         FDRE (Hold_fdre_C_D)         0.092    -0.515    vga/h_cnt_reg[5]
  -------------------------------------------------------------------
                         required time                          0.515    
                         arrival time                          -0.339    
  -------------------------------------------------------------------
                         slack                                  0.176    

Slack (MET) :             0.177ns  (arrival time - required time)
  Source:                 vga/h_cnt_reg[1]/C
                            (rising edge-triggered cell FDRE clocked by clk_out1_clk_viz  {rise@0.000ns fall@20.000ns period=40.000ns})
  Destination:            vga/h_cnt_reg[4]/D
                            (rising edge-triggered cell FDRE clocked by clk_out1_clk_viz  {rise@0.000ns fall@20.000ns period=40.000ns})
  Path Group:             clk_out1_clk_viz
  Path Type:              Hold (Min at Fast Process Corner)
  Requirement:            0.000ns  (clk_out1_clk_viz rise@0.000ns - clk_out1_clk_viz rise@0.000ns)
  Data Path Delay:        0.311ns  (logic 0.186ns (59.721%)  route 0.125ns (40.279%))
  Logic Levels:           1  (LUT5=1)
  Clock Path Skew:        0.013ns (DCD - SCD - CPR)
    Destination Clock Delay (DCD):    -0.860ns
    Source Clock Delay      (SCD):    -0.620ns
    Clock Pessimism Removal (CPR):    -0.252ns

    Location             Delay type                Incr(ns)  Path(ns)    Netlist Resource(s)
  -------------------------------------------------------------------    -------------------
                         (clock clk_out1_clk_viz rise edge)
                                                      0.000     0.000 r  
    W5                                                0.000     0.000 r  clk_100mhz (IN)
                         net (fo=0)                   0.000     0.000    instance_name/inst/clk_in1
    W5                   IBUF (Prop_ibuf_I_O)         0.226     0.226 r  instance_name/inst/clkin1_ibufg/O
                         net (fo=1, routed)           0.440     0.667    instance_name/inst/clk_in1_clk_viz
    MMCME2_ADV_X1Y0      MMCME2_ADV (Prop_mmcme2_adv_CLKIN1_CLKOUT0)
                                                     -2.360    -1.693 r  instance_name/inst/mmcm_adv_inst/CLKOUT0
                         net (fo=1, routed)           0.486    -1.207    instance_name/inst/clk_out1_clk_viz
    BUFGCTRL_X0Y1        BUFG (Prop_bufg_I_O)         0.026    -1.181 r  instance_name/inst/clkout1_buf/O
                         net (fo=83, routed)          0.561    -0.620    vga/CLK
    SLICE_X35Y40         FDRE                                         r  vga/h_cnt_reg[1]/C
  -------------------------------------------------------------------    -------------------
    SLICE_X35Y40         FDRE (Prop_fdre_C_Q)         0.141    -0.479 r  vga/h_cnt_reg[1]/Q
                         net (fo=34, routed)          0.125    -0.354    vga/Q[0]
    SLICE_X34Y40         LUT5 (Prop_lut5_I3_O)        0.045    -0.309 r  vga/h_cnt[4]_i_1/O
                         net (fo=1, routed)           0.000    -0.309    vga/h_cnt[4]_i_1_n_0
    SLICE_X34Y40         FDRE                                         r  vga/h_cnt_reg[4]/D
  -------------------------------------------------------------------    -------------------

                         (clock clk_out1_clk_viz rise edge)
                                                      0.000     0.000 r  
    W5                                                0.000     0.000 r  clk_100mhz (IN)
                         net (fo=0)                   0.000     0.000    instance_name/inst/clk_in1
    W5                   IBUF (Prop_ibuf_I_O)         0.414     0.414 r  instance_name/inst/clkin1_ibufg/O
                         net (fo=1, routed)           0.480     0.894    instance_name/inst/clk_in1_clk_viz
    MMCME2_ADV_X1Y0      MMCME2_ADV (Prop_mmcme2_adv_CLKIN1_CLKOUT0)
                                                     -3.142    -2.248 r  instance_name/inst/mmcm_adv_inst/CLKOUT0
                         net (fo=1, routed)           0.530    -1.718    instance_name/inst/clk_out1_clk_viz
    BUFGCTRL_X0Y1        BUFG (Prop_bufg_I_O)         0.029    -1.689 r  instance_name/inst/clkout1_buf/O
                         net (fo=83, routed)          0.830    -0.860    vga/CLK
    SLICE_X34Y40         FDRE                                         r  vga/h_cnt_reg[4]/C
                         clock pessimism              0.252    -0.607    
    SLICE_X34Y40         FDRE (Hold_fdre_C_D)         0.121    -0.486    vga/h_cnt_reg[4]
  -------------------------------------------------------------------
                         required time                          0.486    
                         arrival time                          -0.309    
  -------------------------------------------------------------------
                         slack                                  0.177    

Slack (MET) :             0.199ns  (arrival time - required time)
  Source:                 frame_buffer/U0/inst_blk_mem_gen/gnbram.gnativebmg.native_blk_mem_gen/valid.cstr/has_mux_b.B/no_softecc_sel_reg.ce_pri.sel_pipe_reg[4]/C
                            (rising edge-triggered cell FDRE clocked by clk_out1_clk_viz  {rise@0.000ns fall@20.000ns period=40.000ns})
  Destination:            frame_buffer/U0/inst_blk_mem_gen/gnbram.gnativebmg.native_blk_mem_gen/valid.cstr/has_mux_b.B/no_softecc_gmuxr.ce_pri.dout_i_reg[1]/D
                            (rising edge-triggered cell FDRE clocked by clk_out1_clk_viz  {rise@0.000ns fall@20.000ns period=40.000ns})
  Path Group:             clk_out1_clk_viz
  Path Type:              Hold (Min at Fast Process Corner)
  Requirement:            0.000ns  (clk_out1_clk_viz rise@0.000ns - clk_out1_clk_viz rise@0.000ns)
  Data Path Delay:        0.307ns  (logic 0.186ns (60.604%)  route 0.121ns (39.396%))
  Logic Levels:           1  (LUT5=1)
  Clock Path Skew:        0.016ns (DCD - SCD - CPR)
    Destination Clock Delay (DCD):    -0.859ns
    Source Clock Delay      (SCD):    -0.619ns
    Clock Pessimism Removal (CPR):    -0.255ns

    Location             Delay type                Incr(ns)  Path(ns)    Netlist Resource(s)
  -------------------------------------------------------------------    -------------------
                         (clock clk_out1_clk_viz rise edge)
                                                      0.000     0.000 r  
    W5                                                0.000     0.000 r  clk_100mhz (IN)
                         net (fo=0)                   0.000     0.000    instance_name/inst/clk_in1
    W5                   IBUF (Prop_ibuf_I_O)         0.226     0.226 r  instance_name/inst/clkin1_ibufg/O
                         net (fo=1, routed)           0.440     0.667    instance_name/inst/clk_in1_clk_viz
    MMCME2_ADV_X1Y0      MMCME2_ADV (Prop_mmcme2_adv_CLKIN1_CLKOUT0)
                                                     -2.360    -1.693 r  instance_name/inst/mmcm_adv_inst/CLKOUT0
                         net (fo=1, routed)           0.486    -1.207    instance_name/inst/clk_out1_clk_viz
    BUFGCTRL_X0Y1        BUFG (Prop_bufg_I_O)         0.026    -1.181 r  instance_name/inst/clkout1_buf/O
                         net (fo=83, routed)          0.562    -0.619    frame_buffer/U0/inst_blk_mem_gen/gnbram.gnativebmg.native_blk_mem_gen/valid.cstr/has_mux_b.B/clkb
    SLICE_X31Y42         FDRE                                         r  frame_buffer/U0/inst_blk_mem_gen/gnbram.gnativebmg.native_blk_mem_gen/valid.cstr/has_mux_b.B/no_softecc_sel_reg.ce_pri.sel_pipe_reg[4]/C
  -------------------------------------------------------------------    -------------------
    SLICE_X31Y42         FDRE (Prop_fdre_C_Q)         0.141    -0.478 r  frame_buffer/U0/inst_blk_mem_gen/gnbram.gnativebmg.native_blk_mem_gen/valid.cstr/has_mux_b.B/no_softecc_sel_reg.ce_pri.sel_pipe_reg[4]/Q
                         net (fo=12, routed)          0.121    -0.357    frame_buffer/U0/inst_blk_mem_gen/gnbram.gnativebmg.native_blk_mem_gen/valid.cstr/has_mux_b.B/sel_pipe[4]
    SLICE_X32Y41         LUT5 (Prop_lut5_I3_O)        0.045    -0.312 r  frame_buffer/U0/inst_blk_mem_gen/gnbram.gnativebmg.native_blk_mem_gen/valid.cstr/has_mux_b.B/no_softecc_gmuxr.ce_pri.dout_i[1]_i_1/O
                         net (fo=1, routed)           0.000    -0.312    frame_buffer/U0/inst_blk_mem_gen/gnbram.gnativebmg.native_blk_mem_gen/valid.cstr/has_mux_b.B/din_2D[31]_0[1]
    SLICE_X32Y41         FDRE                                         r  frame_buffer/U0/inst_blk_mem_gen/gnbram.gnativebmg.native_blk_mem_gen/valid.cstr/has_mux_b.B/no_softecc_gmuxr.ce_pri.dout_i_reg[1]/D
  -------------------------------------------------------------------    -------------------

                         (clock clk_out1_clk_viz rise edge)
                                                      0.000     0.000 r  
    W5                                                0.000     0.000 r  clk_100mhz (IN)
                         net (fo=0)                   0.000     0.000    instance_name/inst/clk_in1
    W5                   IBUF (Prop_ibuf_I_O)         0.414     0.414 r  instance_name/inst/clkin1_ibufg/O
                         net (fo=1, routed)           0.480     0.894    instance_name/inst/clk_in1_clk_viz
    MMCME2_ADV_X1Y0      MMCME2_ADV (Prop_mmcme2_adv_CLKIN1_CLKOUT0)
                                                     -3.142    -2.248 r  instance_name/inst/mmcm_adv_inst/CLKOUT0
                         net (fo=1, routed)           0.530    -1.718    instance_name/inst/clk_out1_clk_viz
    BUFGCTRL_X0Y1        BUFG (Prop_bufg_I_O)         0.029    -1.689 r  instance_name/inst/clkout1_buf/O
                         net (fo=83, routed)          0.831    -0.859    frame_buffer/U0/inst_blk_mem_gen/gnbram.gnativebmg.native_blk_mem_gen/valid.cstr/has_mux_b.B/clkb
    SLICE_X32Y41         FDRE                                         r  frame_buffer/U0/inst_blk_mem_gen/gnbram.gnativebmg.native_blk_mem_gen/valid.cstr/has_mux_b.B/no_softecc_gmuxr.ce_pri.dout_i_reg[1]/C
                         clock pessimism              0.255    -0.603    
    SLICE_X32Y41         FDRE (Hold_fdre_C_D)         0.092    -0.511    frame_buffer/U0/inst_blk_mem_gen/gnbram.gnativebmg.native_blk_mem_gen/valid.cstr/has_mux_b.B/no_softecc_gmuxr.ce_pri.dout_i_reg[1]
  -------------------------------------------------------------------
                         required time                          0.511    
                         arrival time                          -0.312    
  -------------------------------------------------------------------
                         slack                                  0.199    

Slack (MET) :             0.211ns  (arrival time - required time)
  Source:                 config_unit/rom_addr_reg[4]/C
                            (rising edge-triggered cell FDRE clocked by clk_out1_clk_viz  {rise@0.000ns fall@20.000ns period=40.000ns})
  Destination:            config_unit/rom_addr_reg[5]/D
                            (rising edge-triggered cell FDRE clocked by clk_out1_clk_viz  {rise@0.000ns fall@20.000ns period=40.000ns})
  Path Group:             clk_out1_clk_viz
  Path Type:              Hold (Min at Fast Process Corner)
  Requirement:            0.000ns  (clk_out1_clk_viz rise@0.000ns - clk_out1_clk_viz rise@0.000ns)
  Data Path Delay:        0.332ns  (logic 0.246ns (74.200%)  route 0.086ns (25.800%))
  Logic Levels:           1  (LUT6=1)
  Clock Path Skew:        0.000ns (DCD - SCD - CPR)
    Destination Clock Delay (DCD):    -0.824ns
    Source Clock Delay      (SCD):    -0.586ns
    Clock Pessimism Removal (CPR):    -0.237ns

    Location             Delay type                Incr(ns)  Path(ns)    Netlist Resource(s)
  -------------------------------------------------------------------    -------------------
                         (clock clk_out1_clk_viz rise edge)
                                                      0.000     0.000 r  
    W5                                                0.000     0.000 r  clk_100mhz (IN)
                         net (fo=0)                   0.000     0.000    instance_name/inst/clk_in1
    W5                   IBUF (Prop_ibuf_I_O)         0.226     0.226 r  instance_name/inst/clkin1_ibufg/O
                         net (fo=1, routed)           0.440     0.667    instance_name/inst/clk_in1_clk_viz
    MMCME2_ADV_X1Y0      MMCME2_ADV (Prop_mmcme2_adv_CLKIN1_CLKOUT0)
                                                     -2.360    -1.693 r  instance_name/inst/mmcm_adv_inst/CLKOUT0
                         net (fo=1, routed)           0.486    -1.207    instance_name/inst/clk_out1_clk_viz
    BUFGCTRL_X0Y1        BUFG (Prop_bufg_I_O)         0.026    -1.181 r  instance_name/inst/clkout1_buf/O
                         net (fo=83, routed)          0.595    -0.586    config_unit/CLK
    SLICE_X2Y5           FDRE                                         r  config_unit/rom_addr_reg[4]/C
  -------------------------------------------------------------------    -------------------
    SLICE_X2Y5           FDRE (Prop_fdre_C_Q)         0.148    -0.438 r  config_unit/rom_addr_reg[4]/Q
                         net (fo=5, routed)           0.086    -0.353    config_unit/rom_addr_reg[4]
    SLICE_X2Y5           LUT6 (Prop_lut6_I5_O)        0.098    -0.255 r  config_unit/rom_addr[5]_i_1/O
                         net (fo=1, routed)           0.000    -0.255    config_unit/p_0_in[5]
    SLICE_X2Y5           FDRE                                         r  config_unit/rom_addr_reg[5]/D
  -------------------------------------------------------------------    -------------------

                         (clock clk_out1_clk_viz rise edge)
                                                      0.000     0.000 r  
    W5                                                0.000     0.000 r  clk_100mhz (IN)
                         net (fo=0)                   0.000     0.000    instance_name/inst/clk_in1
    W5                   IBUF (Prop_ibuf_I_O)         0.414     0.414 r  instance_name/inst/clkin1_ibufg/O
                         net (fo=1, routed)           0.480     0.894    instance_name/inst/clk_in1_clk_viz
    MMCME2_ADV_X1Y0      MMCME2_ADV (Prop_mmcme2_adv_CLKIN1_CLKOUT0)
                                                     -3.142    -2.248 r  instance_name/inst/mmcm_adv_inst/CLKOUT0
                         net (fo=1, routed)           0.530    -1.718    instance_name/inst/clk_out1_clk_viz
    BUFGCTRL_X0Y1        BUFG (Prop_bufg_I_O)         0.029    -1.689 r  instance_name/inst/clkout1_buf/O
                         net (fo=83, routed)          0.866    -0.824    config_unit/CLK
    SLICE_X2Y5           FDRE                                         r  config_unit/rom_addr_reg[5]/C
                         clock pessimism              0.237    -0.586    
    SLICE_X2Y5           FDRE (Hold_fdre_C_D)         0.121    -0.465    config_unit/rom_addr_reg[5]
  -------------------------------------------------------------------
                         required time                          0.465    
                         arrival time                          -0.255    
  -------------------------------------------------------------------
                         slack                                  0.211    

Slack (MET) :             0.224ns  (arrival time - required time)
  Source:                 config_unit/sccb/clk_divider_reg[0]/C
                            (rising edge-triggered cell FDRE clocked by clk_out1_clk_viz  {rise@0.000ns fall@20.000ns period=40.000ns})
  Destination:            config_unit/sccb/clk_divider_reg[5]/D
                            (rising edge-triggered cell FDRE clocked by clk_out1_clk_viz  {rise@0.000ns fall@20.000ns period=40.000ns})
  Path Group:             clk_out1_clk_viz
  Path Type:              Hold (Min at Fast Process Corner)
  Requirement:            0.000ns  (clk_out1_clk_viz rise@0.000ns - clk_out1_clk_viz rise@0.000ns)
  Data Path Delay:        0.345ns  (logic 0.246ns (71.337%)  route 0.099ns (28.663%))
  Logic Levels:           1  (LUT6=1)
  Clock Path Skew:        0.000ns (DCD - SCD - CPR)
    Destination Clock Delay (DCD):    -0.823ns
    Source Clock Delay      (SCD):    -0.585ns
    Clock Pessimism Removal (CPR):    -0.237ns

    Location             Delay type                Incr(ns)  Path(ns)    Netlist Resource(s)
  -------------------------------------------------------------------    -------------------
                         (clock clk_out1_clk_viz rise edge)
                                                      0.000     0.000 r  
    W5                                                0.000     0.000 r  clk_100mhz (IN)
                         net (fo=0)                   0.000     0.000    instance_name/inst/clk_in1
    W5                   IBUF (Prop_ibuf_I_O)         0.226     0.226 r  instance_name/inst/clkin1_ibufg/O
                         net (fo=1, routed)           0.440     0.667    instance_name/inst/clk_in1_clk_viz
    MMCME2_ADV_X1Y0      MMCME2_ADV (Prop_mmcme2_adv_CLKIN1_CLKOUT0)
                                                     -2.360    -1.693 r  instance_name/inst/mmcm_adv_inst/CLKOUT0
                         net (fo=1, routed)           0.486    -1.207    instance_name/inst/clk_out1_clk_viz
    BUFGCTRL_X0Y1        BUFG (Prop_bufg_I_O)         0.026    -1.181 r  instance_name/inst/clkout1_buf/O
                         net (fo=83, routed)          0.596    -0.585    config_unit/sccb/CLK
    SLICE_X2Y2           FDRE                                         r  config_unit/sccb/clk_divider_reg[0]/C
  -------------------------------------------------------------------    -------------------
    SLICE_X2Y2           FDRE (Prop_fdre_C_Q)         0.148    -0.437 r  config_unit/sccb/clk_divider_reg[0]/Q
                         net (fo=7, routed)           0.099    -0.339    config_unit/sccb/clk_divider[0]
    SLICE_X2Y2           LUT6 (Prop_lut6_I2_O)        0.098    -0.241 r  config_unit/sccb/clk_divider[5]_i_1/O
                         net (fo=1, routed)           0.000    -0.241    config_unit/sccb/p_1_in[5]
    SLICE_X2Y2           FDRE                                         r  config_unit/sccb/clk_divider_reg[5]/D
  -------------------------------------------------------------------    -------------------

                         (clock clk_out1_clk_viz rise edge)
                                                      0.000     0.000 r  
    W5                                                0.000     0.000 r  clk_100mhz (IN)
                         net (fo=0)                   0.000     0.000    instance_name/inst/clk_in1
    W5                   IBUF (Prop_ibuf_I_O)         0.414     0.414 r  instance_name/inst/clkin1_ibufg/O
                         net (fo=1, routed)           0.480     0.894    instance_name/inst/clk_in1_clk_viz
    MMCME2_ADV_X1Y0      MMCME2_ADV (Prop_mmcme2_adv_CLKIN1_CLKOUT0)
                                                     -3.142    -2.248 r  instance_name/inst/mmcm_adv_inst/CLKOUT0
                         net (fo=1, routed)           0.530    -1.718    instance_name/inst/clk_out1_clk_viz
    BUFGCTRL_X0Y1        BUFG (Prop_bufg_I_O)         0.029    -1.689 r  instance_name/inst/clkout1_buf/O
                         net (fo=83, routed)          0.867    -0.823    config_unit/sccb/CLK
    SLICE_X2Y2           FDRE                                         r  config_unit/sccb/clk_divider_reg[5]/C
                         clock pessimism              0.237    -0.585    
    SLICE_X2Y2           FDRE (Hold_fdre_C_D)         0.121    -0.464    config_unit/sccb/clk_divider_reg[5]
  -------------------------------------------------------------------
                         required time                          0.464    
                         arrival time                          -0.241    
  -------------------------------------------------------------------
                         slack                                  0.224    

Slack (MET) :             0.225ns  (arrival time - required time)
  Source:                 vga/h_cnt_reg[5]/C
                            (rising edge-triggered cell FDRE clocked by clk_out1_clk_viz  {rise@0.000ns fall@20.000ns period=40.000ns})
  Destination:            vga/h_cnt_reg[6]/D
                            (rising edge-triggered cell FDRE clocked by clk_out1_clk_viz  {rise@0.000ns fall@20.000ns period=40.000ns})
  Path Group:             clk_out1_clk_viz
  Path Type:              Hold (Min at Fast Process Corner)
  Requirement:            0.000ns  (clk_out1_clk_viz rise@0.000ns - clk_out1_clk_viz rise@0.000ns)
  Data Path Delay:        0.359ns  (logic 0.186ns (51.881%)  route 0.173ns (48.119%))
  Logic Levels:           1  (LUT3=1)
  Clock Path Skew:        0.013ns (DCD - SCD - CPR)
    Destination Clock Delay (DCD):    -0.860ns
    Source Clock Delay      (SCD):    -0.620ns
    Clock Pessimism Removal (CPR):    -0.252ns

    Location             Delay type                Incr(ns)  Path(ns)    Netlist Resource(s)
  -------------------------------------------------------------------    -------------------
                         (clock clk_out1_clk_viz rise edge)
                                                      0.000     0.000 r  
    W5                                                0.000     0.000 r  clk_100mhz (IN)
                         net (fo=0)                   0.000     0.000    instance_name/inst/clk_in1
    W5                   IBUF (Prop_ibuf_I_O)         0.226     0.226 r  instance_name/inst/clkin1_ibufg/O
                         net (fo=1, routed)           0.440     0.667    instance_name/inst/clk_in1_clk_viz
    MMCME2_ADV_X1Y0      MMCME2_ADV (Prop_mmcme2_adv_CLKIN1_CLKOUT0)
                                                     -2.360    -1.693 r  instance_name/inst/mmcm_adv_inst/CLKOUT0
                         net (fo=1, routed)           0.486    -1.207    instance_name/inst/clk_out1_clk_viz
    BUFGCTRL_X0Y1        BUFG (Prop_bufg_I_O)         0.026    -1.181 r  instance_name/inst/clkout1_buf/O
                         net (fo=83, routed)          0.561    -0.620    vga/CLK
    SLICE_X35Y40         FDRE                                         r  vga/h_cnt_reg[5]/C
  -------------------------------------------------------------------    -------------------
    SLICE_X35Y40         FDRE (Prop_fdre_C_Q)         0.141    -0.479 r  vga/h_cnt_reg[5]/Q
                         net (fo=34, routed)          0.173    -0.307    vga/Q[4]
    SLICE_X34Y40         LUT3 (Prop_lut3_I2_O)        0.045    -0.262 r  vga/h_cnt[6]_i_1/O
                         net (fo=1, routed)           0.000    -0.262    vga/h_cnt[6]_i_1_n_0
    SLICE_X34Y40         FDRE                                         r  vga/h_cnt_reg[6]/D
  -------------------------------------------------------------------    -------------------

                         (clock clk_out1_clk_viz rise edge)
                                                      0.000     0.000 r  
    W5                                                0.000     0.000 r  clk_100mhz (IN)
                         net (fo=0)                   0.000     0.000    instance_name/inst/clk_in1
    W5                   IBUF (Prop_ibuf_I_O)         0.414     0.414 r  instance_name/inst/clkin1_ibufg/O
                         net (fo=1, routed)           0.480     0.894    instance_name/inst/clk_in1_clk_viz
    MMCME2_ADV_X1Y0      MMCME2_ADV (Prop_mmcme2_adv_CLKIN1_CLKOUT0)
                                                     -3.142    -2.248 r  instance_name/inst/mmcm_adv_inst/CLKOUT0
                         net (fo=1, routed)           0.530    -1.718    instance_name/inst/clk_out1_clk_viz
    BUFGCTRL_X0Y1        BUFG (Prop_bufg_I_O)         0.029    -1.689 r  instance_name/inst/clkout1_buf/O
                         net (fo=83, routed)          0.830    -0.860    vga/CLK
    SLICE_X34Y40         FDRE                                         r  vga/h_cnt_reg[6]/C
                         clock pessimism              0.252    -0.607    
    SLICE_X34Y40         FDRE (Hold_fdre_C_D)         0.121    -0.486    vga/h_cnt_reg[6]
  -------------------------------------------------------------------
                         required time                          0.486    
                         arrival time                          -0.262    
  -------------------------------------------------------------------
                         slack                                  0.225    

Slack (MET) :             0.225ns  (arrival time - required time)
  Source:                 vga/h_cnt_reg[8]/C
                            (rising edge-triggered cell FDRE clocked by clk_out1_clk_viz  {rise@0.000ns fall@20.000ns period=40.000ns})
  Destination:            vga/h_cnt_reg[9]/D
                            (rising edge-triggered cell FDRE clocked by clk_out1_clk_viz  {rise@0.000ns fall@20.000ns period=40.000ns})
  Path Group:             clk_out1_clk_viz
  Path Type:              Hold (Min at Fast Process Corner)
  Requirement:            0.000ns  (clk_out1_clk_viz rise@0.000ns - clk_out1_clk_viz rise@0.000ns)
  Data Path Delay:        0.330ns  (logic 0.186ns (56.340%)  route 0.144ns (43.660%))
  Logic Levels:           1  (LUT3=1)
  Clock Path Skew:        0.013ns (DCD - SCD - CPR)
    Destination Clock Delay (DCD):    -0.860ns
    Source Clock Delay      (SCD):    -0.620ns
    Clock Pessimism Removal (CPR):    -0.252ns

    Location             Delay type                Incr(ns)  Path(ns)    Netlist Resource(s)
  -------------------------------------------------------------------    -------------------
                         (clock clk_out1_clk_viz rise edge)
                                                      0.000     0.000 r  
    W5                                                0.000     0.000 r  clk_100mhz (IN)
                         net (fo=0)                   0.000     0.000    instance_name/inst/clk_in1
    W5                   IBUF (Prop_ibuf_I_O)         0.226     0.226 r  instance_name/inst/clkin1_ibufg/O
                         net (fo=1, routed)           0.440     0.667    instance_name/inst/clk_in1_clk_viz
    MMCME2_ADV_X1Y0      MMCME2_ADV (Prop_mmcme2_adv_CLKIN1_CLKOUT0)
                                                     -2.360    -1.693 r  instance_name/inst/mmcm_adv_inst/CLKOUT0
                         net (fo=1, routed)           0.486    -1.207    instance_name/inst/clk_out1_clk_viz
    BUFGCTRL_X0Y1        BUFG (Prop_bufg_I_O)         0.026    -1.181 r  instance_name/inst/clkout1_buf/O
                         net (fo=83, routed)          0.561    -0.620    vga/CLK
    SLICE_X33Y39         FDRE                                         r  vga/h_cnt_reg[8]/C
  -------------------------------------------------------------------    -------------------
    SLICE_X33Y39         FDRE (Prop_fdre_C_Q)         0.141    -0.479 r  vga/h_cnt_reg[8]/Q
                         net (fo=7, routed)           0.144    -0.335    vga/vga_x[8]
    SLICE_X32Y39         LUT3 (Prop_lut3_I2_O)        0.045    -0.290 r  vga/h_cnt[9]_i_2/O
                         net (fo=1, routed)           0.000    -0.290    vga/h_cnt[9]_i_2_n_0
    SLICE_X32Y39         FDRE                                         r  vga/h_cnt_reg[9]/D
  -------------------------------------------------------------------    -------------------

                         (clock clk_out1_clk_viz rise edge)
                                                      0.000     0.000 r  
    W5                                                0.000     0.000 r  clk_100mhz (IN)
                         net (fo=0)                   0.000     0.000    instance_name/inst/clk_in1
    W5                   IBUF (Prop_ibuf_I_O)         0.414     0.414 r  instance_name/inst/clkin1_ibufg/O
                         net (fo=1, routed)           0.480     0.894    instance_name/inst/clk_in1_clk_viz
    MMCME2_ADV_X1Y0      MMCME2_ADV (Prop_mmcme2_adv_CLKIN1_CLKOUT0)
                                                     -3.142    -2.248 r  instance_name/inst/mmcm_adv_inst/CLKOUT0
                         net (fo=1, routed)           0.530    -1.718    instance_name/inst/clk_out1_clk_viz
    BUFGCTRL_X0Y1        BUFG (Prop_bufg_I_O)         0.029    -1.689 r  instance_name/inst/clkout1_buf/O
                         net (fo=83, routed)          0.830    -0.860    vga/CLK
    SLICE_X32Y39         FDRE                                         r  vga/h_cnt_reg[9]/C
                         clock pessimism              0.252    -0.607    
    SLICE_X32Y39         FDRE (Hold_fdre_C_D)         0.092    -0.515    vga/h_cnt_reg[9]
  -------------------------------------------------------------------
                         required time                          0.515    
                         arrival time                          -0.290    
  -------------------------------------------------------------------
                         slack                                  0.225    

Slack (MET) :             0.227ns  (arrival time - required time)
  Source:                 vga/h_cnt_reg[7]/C
                            (rising edge-triggered cell FDRE clocked by clk_out1_clk_viz  {rise@0.000ns fall@20.000ns period=40.000ns})
  Destination:            vga/h_cnt_reg[8]/D
                            (rising edge-triggered cell FDRE clocked by clk_out1_clk_viz  {rise@0.000ns fall@20.000ns period=40.000ns})
  Path Group:             clk_out1_clk_viz
  Path Type:              Hold (Min at Fast Process Corner)
  Requirement:            0.000ns  (clk_out1_clk_viz rise@0.000ns - clk_out1_clk_viz rise@0.000ns)
  Data Path Delay:        0.331ns  (logic 0.186ns (56.117%)  route 0.145ns (43.883%))
  Logic Levels:           1  (LUT6=1)
  Clock Path Skew:        0.013ns (DCD - SCD - CPR)
    Destination Clock Delay (DCD):    -0.860ns
    Source Clock Delay      (SCD):    -0.620ns
    Clock Pessimism Removal (CPR):    -0.252ns

    Location             Delay type                Incr(ns)  Path(ns)    Netlist Resource(s)
  -------------------------------------------------------------------    -------------------
                         (clock clk_out1_clk_viz rise edge)
                                                      0.000     0.000 r  
    W5                                                0.000     0.000 r  clk_100mhz (IN)
                         net (fo=0)                   0.000     0.000    instance_name/inst/clk_in1
    W5                   IBUF (Prop_ibuf_I_O)         0.226     0.226 r  instance_name/inst/clkin1_ibufg/O
                         net (fo=1, routed)           0.440     0.667    instance_name/inst/clk_in1_clk_viz
    MMCME2_ADV_X1Y0      MMCME2_ADV (Prop_mmcme2_adv_CLKIN1_CLKOUT0)
                                                     -2.360    -1.693 r  instance_name/inst/mmcm_adv_inst/CLKOUT0
                         net (fo=1, routed)           0.486    -1.207    instance_name/inst/clk_out1_clk_viz
    BUFGCTRL_X0Y1        BUFG (Prop_bufg_I_O)         0.026    -1.181 r  instance_name/inst/clkout1_buf/O
                         net (fo=83, routed)          0.561    -0.620    vga/CLK
    SLICE_X32Y39         FDRE                                         r  vga/h_cnt_reg[7]/C
  -------------------------------------------------------------------    -------------------
    SLICE_X32Y39         FDRE (Prop_fdre_C_Q)         0.141    -0.479 r  vga/h_cnt_reg[7]/Q
                         net (fo=8, routed)           0.145    -0.334    vga/vga_x[7]
    SLICE_X33Y39         LUT6 (Prop_lut6_I5_O)        0.045    -0.289 r  vga/h_cnt[8]_i_1/O
                         net (fo=1, routed)           0.000    -0.289    vga/h_cnt[8]_i_1_n_0
    SLICE_X33Y39         FDRE                                         r  vga/h_cnt_reg[8]/D
  -------------------------------------------------------------------    -------------------

                         (clock clk_out1_clk_viz rise edge)
                                                      0.000     0.000 r  
    W5                                                0.000     0.000 r  clk_100mhz (IN)
                         net (fo=0)                   0.000     0.000    instance_name/inst/clk_in1
    W5                   IBUF (Prop_ibuf_I_O)         0.414     0.414 r  instance_name/inst/clkin1_ibufg/O
                         net (fo=1, routed)           0.480     0.894    instance_name/inst/clk_in1_clk_viz
    MMCME2_ADV_X1Y0      MMCME2_ADV (Prop_mmcme2_adv_CLKIN1_CLKOUT0)
                                                     -3.142    -2.248 r  instance_name/inst/mmcm_adv_inst/CLKOUT0
                         net (fo=1, routed)           0.530    -1.718    instance_name/inst/clk_out1_clk_viz
    BUFGCTRL_X0Y1        BUFG (Prop_bufg_I_O)         0.029    -1.689 r  instance_name/inst/clkout1_buf/O
                         net (fo=83, routed)          0.830    -0.860    vga/CLK
    SLICE_X33Y39         FDRE                                         r  vga/h_cnt_reg[8]/C
                         clock pessimism              0.252    -0.607    
    SLICE_X33Y39         FDRE (Hold_fdre_C_D)         0.091    -0.516    vga/h_cnt_reg[8]
  -------------------------------------------------------------------
                         required time                          0.516    
                         arrival time                          -0.289    
  -------------------------------------------------------------------
                         slack                                  0.227    





Pulse Width Checks
--------------------------------------------------------------------------------------
Clock Name:         clk_out1_clk_viz
Waveform(ns):       { 0.000 20.000 }
Period(ns):         40.000
Sources:            { instance_name/inst/mmcm_adv_inst/CLKOUT0 }

Check Type        Corner  Lib Pin             Reference Pin  Required(ns)  Actual(ns)  Slack(ns)  Location         Pin
Min Period        n/a     RAMB36E1/CLKBWRCLK  n/a            2.892         40.000      37.108     RAMB36_X1Y3      frame_buffer/U0/inst_blk_mem_gen/gnbram.gnativebmg.native_blk_mem_gen/valid.cstr/ramloop[0].ram.r/prim_noinit.ram/DEVICE_7SERIES.NO_BMM_INFO.SDP.CASCADED_PRIM36.ram_B/CLKBWRCLK
Min Period        n/a     RAMB36E1/CLKBWRCLK  n/a            2.892         40.000      37.108     RAMB36_X1Y4      frame_buffer/U0/inst_blk_mem_gen/gnbram.gnativebmg.native_blk_mem_gen/valid.cstr/ramloop[0].ram.r/prim_noinit.ram/DEVICE_7SERIES.NO_BMM_INFO.SDP.CASCADED_PRIM36.ram_T/CLKBWRCLK
Min Period        n/a     RAMB36E1/CLKBWRCLK  n/a            2.892         40.000      37.108     RAMB36_X0Y3      frame_buffer/U0/inst_blk_mem_gen/gnbram.gnativebmg.native_blk_mem_gen/valid.cstr/ramloop[2].ram.r/prim_noinit.ram/DEVICE_7SERIES.NO_BMM_INFO.SDP.CASCADED_PRIM36.ram_B/CLKBWRCLK
Min Period        n/a     RAMB36E1/CLKBWRCLK  n/a            2.892         40.000      37.108     RAMB36_X0Y4      frame_buffer/U0/inst_blk_mem_gen/gnbram.gnativebmg.native_blk_mem_gen/valid.cstr/ramloop[2].ram.r/prim_noinit.ram/DEVICE_7SERIES.NO_BMM_INFO.SDP.CASCADED_PRIM36.ram_T/CLKBWRCLK
Min Period        n/a     RAMB36E1/CLKBWRCLK  n/a            2.892         40.000      37.108     RAMB36_X1Y5      frame_buffer/U0/inst_blk_mem_gen/gnbram.gnativebmg.native_blk_mem_gen/valid.cstr/ramloop[4].ram.r/prim_noinit.ram/DEVICE_7SERIES.NO_BMM_INFO.SDP.CASCADED_PRIM36.ram_B/CLKBWRCLK
Min Period        n/a     RAMB36E1/CLKBWRCLK  n/a            2.892         40.000      37.108     RAMB36_X1Y6      frame_buffer/U0/inst_blk_mem_gen/gnbram.gnativebmg.native_blk_mem_gen/valid.cstr/ramloop[4].ram.r/prim_noinit.ram/DEVICE_7SERIES.NO_BMM_INFO.SDP.CASCADED_PRIM36.ram_T/CLKBWRCLK
Min Period        n/a     RAMB36E1/CLKBWRCLK  n/a            2.576         40.000      37.424     RAMB36_X2Y8      frame_buffer/U0/inst_blk_mem_gen/gnbram.gnativebmg.native_blk_mem_gen/valid.cstr/ramloop[10].ram.r/prim_noinit.ram/DEVICE_7SERIES.NO_BMM_INFO.SDP.SIMPLE_PRIM36.ram/CLKBWRCLK
Min Period        n/a     RAMB36E1/CLKBWRCLK  n/a            2.576         40.000      37.424     RAMB36_X1Y7      frame_buffer/U0/inst_blk_mem_gen/gnbram.gnativebmg.native_blk_mem_gen/valid.cstr/ramloop[11].ram.r/prim_noinit.ram/DEVICE_7SERIES.NO_BMM_INFO.SDP.SIMPLE_PRIM36.ram/CLKBWRCLK
Min Period        n/a     RAMB36E1/CLKBWRCLK  n/a            2.576         40.000      37.424     RAMB36_X2Y7      frame_buffer/U0/inst_blk_mem_gen/gnbram.gnativebmg.native_blk_mem_gen/valid.cstr/ramloop[12].ram.r/prim_noinit.ram/DEVICE_7SERIES.NO_BMM_INFO.SDP.SIMPLE_PRIM36.ram/CLKBWRCLK
Min Period        n/a     RAMB36E1/CLKBWRCLK  n/a            2.576         40.000      37.424     RAMB36_X0Y5      frame_buffer/U0/inst_blk_mem_gen/gnbram.gnativebmg.native_blk_mem_gen/valid.cstr/ramloop[13].ram.r/prim_noinit.ram/DEVICE_7SERIES.NO_BMM_INFO.SDP.SIMPLE_PRIM36.ram/CLKBWRCLK
Max Period        n/a     MMCME2_ADV/CLKOUT0  n/a            213.360       40.000      173.360    MMCME2_ADV_X1Y0  instance_name/inst/mmcm_adv_inst/CLKOUT0
Low Pulse Width   Slow    FDRE/C              n/a            0.500         20.000      19.500     SLICE_X2Y6       config_unit/config_finished_reg/C
Low Pulse Width   Fast    FDRE/C              n/a            0.500         20.000      19.500     SLICE_X2Y6       config_unit/config_finished_reg/C
Low Pulse Width   Slow    FDRE/C              n/a            0.500         20.000      19.500     SLICE_X2Y5       config_unit/rom_addr_reg[0]/C
Low Pulse Width   Fast    FDRE/C              n/a            0.500         20.000      19.500     SLICE_X2Y5       config_unit/rom_addr_reg[0]/C
Low Pulse Width   Slow    FDRE/C              n/a            0.500         20.000      19.500     SLICE_X2Y5       config_unit/rom_addr_reg[1]/C
Low Pulse Width   Fast    FDRE/C              n/a            0.500         20.000      19.500     SLICE_X2Y5       config_unit/rom_addr_reg[1]/C
Low Pulse Width   Slow    FDRE/C              n/a            0.500         20.000      19.500     SLICE_X2Y5       config_unit/rom_addr_reg[2]/C
Low Pulse Width   Fast    FDRE/C              n/a            0.500         20.000      19.500     SLICE_X2Y5       config_unit/rom_addr_reg[2]/C
Low Pulse Width   Slow    FDRE/C              n/a            0.500         20.000      19.500     SLICE_X2Y5       config_unit/rom_addr_reg[3]/C
Low Pulse Width   Fast    FDRE/C              n/a            0.500         20.000      19.500     SLICE_X2Y5       config_unit/rom_addr_reg[3]/C
High Pulse Width  Slow    FDRE/C              n/a            0.500         20.000      19.500     SLICE_X2Y6       config_unit/config_finished_reg/C
High Pulse Width  Fast    FDRE/C              n/a            0.500         20.000      19.500     SLICE_X2Y6       config_unit/config_finished_reg/C
High Pulse Width  Slow    FDRE/C              n/a            0.500         20.000      19.500     SLICE_X2Y5       config_unit/rom_addr_reg[0]/C
High Pulse Width  Fast    FDRE/C              n/a            0.500         20.000      19.500     SLICE_X2Y5       config_unit/rom_addr_reg[0]/C
High Pulse Width  Slow    FDRE/C              n/a            0.500         20.000      19.500     SLICE_X2Y5       config_unit/rom_addr_reg[1]/C
High Pulse Width  Fast    FDRE/C              n/a            0.500         20.000      19.500     SLICE_X2Y5       config_unit/rom_addr_reg[1]/C
High Pulse Width  Slow    FDRE/C              n/a            0.500         20.000      19.500     SLICE_X2Y5       config_unit/rom_addr_reg[2]/C
High Pulse Width  Fast    FDRE/C              n/a            0.500         20.000      19.500     SLICE_X2Y5       config_unit/rom_addr_reg[2]/C
High Pulse Width  Slow    FDRE/C              n/a            0.500         20.000      19.500     SLICE_X2Y5       config_unit/rom_addr_reg[3]/C
High Pulse Width  Fast    FDRE/C              n/a            0.500         20.000      19.500     SLICE_X2Y5       config_unit/rom_addr_reg[3]/C



---------------------------------------------------------------------------------------------------
From Clock:  clk_out2_clk_viz
  To Clock:  clk_out2_clk_viz

Setup :           NA  Failing Endpoints,  Worst Slack           NA  ,  Total Violation           NA
Hold  :           NA  Failing Endpoints,  Worst Slack           NA  ,  Total Violation           NA
PW    :            0  Failing Endpoints,  Worst Slack       39.511ns,  Total Violation        0.000ns
---------------------------------------------------------------------------------------------------


Pulse Width Checks
--------------------------------------------------------------------------------------
Clock Name:         clk_out2_clk_viz
Waveform(ns):       { 0.000 20.833 }
Period(ns):         41.667
Sources:            { instance_name/inst/mmcm_adv_inst/CLKOUT1 }

Check Type  Corner  Lib Pin             Reference Pin  Required(ns)  Actual(ns)  Slack(ns)  Location         Pin
Min Period  n/a     BUFG/I              n/a            2.155         41.667      39.511     BUFGCTRL_X0Y0    instance_name/inst/clkout2_buf/I
Min Period  n/a     MMCME2_ADV/CLKOUT1  n/a            1.249         41.667      40.418     MMCME2_ADV_X1Y0  instance_name/inst/mmcm_adv_inst/CLKOUT1
Max Period  n/a     MMCME2_ADV/CLKOUT1  n/a            213.360       41.667      171.693    MMCME2_ADV_X1Y0  instance_name/inst/mmcm_adv_inst/CLKOUT1



---------------------------------------------------------------------------------------------------
From Clock:  clkfbout_clk_viz
  To Clock:  clkfbout_clk_viz

Setup :           NA  Failing Endpoints,  Worst Slack           NA  ,  Total Violation           NA
Hold  :           NA  Failing Endpoints,  Worst Slack           NA  ,  Total Violation           NA
PW    :            0  Failing Endpoints,  Worst Slack        7.845ns,  Total Violation        0.000ns
---------------------------------------------------------------------------------------------------


Pulse Width Checks
--------------------------------------------------------------------------------------
Clock Name:         clkfbout_clk_viz
Waveform(ns):       { 0.000 5.000 }
Period(ns):         10.000
Sources:            { instance_name/inst/mmcm_adv_inst/CLKFBOUT }

Check Type  Corner  Lib Pin              Reference Pin  Required(ns)  Actual(ns)  Slack(ns)  Location         Pin
Min Period  n/a     BUFG/I               n/a            2.155         10.000      7.845      BUFGCTRL_X0Y2    instance_name/inst/clkf_buf/I
Min Period  n/a     MMCME2_ADV/CLKFBOUT  n/a            1.249         10.000      8.751      MMCME2_ADV_X1Y0  instance_name/inst/mmcm_adv_inst/CLKFBOUT
Min Period  n/a     MMCME2_ADV/CLKFBIN   n/a            1.249         10.000      8.751      MMCME2_ADV_X1Y0  instance_name/inst/mmcm_adv_inst/CLKFBIN
Max Period  n/a     MMCME2_ADV/CLKFBIN   n/a            100.000       10.000      90.000     MMCME2_ADV_X1Y0  instance_name/inst/mmcm_adv_inst/CLKFBIN
Max Period  n/a     MMCME2_ADV/CLKFBOUT  n/a            213.360       10.000      203.360    MMCME2_ADV_X1Y0  instance_name/inst/mmcm_adv_inst/CLKFBOUT



---------------------------------------------------------------------------------------------------
From Clock:  sys_clk_pin
  To Clock:  sys_clk_pin

Setup :           NA  Failing Endpoints,  Worst Slack           NA  ,  Total Violation           NA
Hold  :           NA  Failing Endpoints,  Worst Slack           NA  ,  Total Violation           NA
PW    :            0  Failing Endpoints,  Worst Slack        3.000ns,  Total Violation        0.000ns
---------------------------------------------------------------------------------------------------


Pulse Width Checks
--------------------------------------------------------------------------------------
Clock Name:         sys_clk_pin
Waveform(ns):       { 0.000 5.000 }
Period(ns):         10.000
Sources:            { clk_100mhz }

Check Type        Corner  Lib Pin            Reference Pin  Required(ns)  Actual(ns)  Slack(ns)  Location         Pin
Min Period        n/a     MMCME2_ADV/CLKIN1  n/a            1.249         10.000      8.751      MMCME2_ADV_X1Y0  instance_name/inst/mmcm_adv_inst/CLKIN1
Max Period        n/a     MMCME2_ADV/CLKIN1  n/a            100.000       10.000      90.000     MMCME2_ADV_X1Y0  instance_name/inst/mmcm_adv_inst/CLKIN1
Low Pulse Width   Slow    MMCME2_ADV/CLKIN1  n/a            2.000         5.000       3.000      MMCME2_ADV_X1Y0  instance_name/inst/mmcm_adv_inst/CLKIN1
Low Pulse Width   Fast    MMCME2_ADV/CLKIN1  n/a            2.000         5.000       3.000      MMCME2_ADV_X1Y0  instance_name/inst/mmcm_adv_inst/CLKIN1
High Pulse Width  Slow    MMCME2_ADV/CLKIN1  n/a            2.000         5.000       3.000      MMCME2_ADV_X1Y0  instance_name/inst/mmcm_adv_inst/CLKIN1
High Pulse Width  Fast    MMCME2_ADV/CLKIN1  n/a            2.000         5.000       3.000      MMCME2_ADV_X1Y0  instance_name/inst/mmcm_adv_inst/CLKIN1



---------------------------------------------------------------------------------------------------
From Clock:  clk_out1_clk_viz_1
  To Clock:  clk_out1_clk_viz_1

Setup :            0  Failing Endpoints,  Worst Slack       31.014ns,  Total Violation        0.000ns
Hold  :            0  Failing Endpoints,  Worst Slack        0.174ns,  Total Violation        0.000ns
PW    :            0  Failing Endpoints,  Worst Slack       19.500ns,  Total Violation        0.000ns
---------------------------------------------------------------------------------------------------


Max Delay Paths
--------------------------------------------------------------------------------------
Slack (MET) :             31.014ns  (required time - arrival time)
  Source:                 vga/v_cnt_reg[1]/C
                            (rising edge-triggered cell FDRE clocked by clk_out1_clk_viz_1  {rise@0.000ns fall@20.000ns period=40.000ns})
  Destination:            frame_buffer/U0/inst_blk_mem_gen/gnbram.gnativebmg.native_blk_mem_gen/valid.cstr/ramloop[23].ram.r/prim_noinit.ram/DEVICE_7SERIES.NO_BMM_INFO.SDP.SIMPLE_PRIM36.ram/ENBWREN
                            (rising edge-triggered cell RAMB36E1 clocked by clk_out1_clk_viz_1  {rise@0.000ns fall@20.000ns period=40.000ns})
  Path Group:             clk_out1_clk_viz_1
  Path Type:              Setup (Max at Slow Process Corner)
  Requirement:            40.000ns  (clk_out1_clk_viz_1 rise@40.000ns - clk_out1_clk_viz_1 rise@0.000ns)
  Data Path Delay:        8.151ns  (logic 2.739ns (33.604%)  route 5.412ns (66.396%))
  Logic Levels:           6  (CARRY4=4 LUT2=1 LUT5=1)
  Clock Path Skew:        -0.086ns (DCD - SCD + CPR)
    Destination Clock Delay (DCD):    -1.519ns = ( 38.481 - 40.000 ) 
    Source Clock Delay      (SCD):    -0.950ns
    Clock Pessimism Removal (CPR):    0.484ns
  Clock Uncertainty:      0.104ns  ((TSJ^2 + DJ^2)^1/2) / 2 + PE
    Total System Jitter     (TSJ):    0.071ns
    Discrete Jitter          (DJ):    0.195ns
    Phase Error              (PE):    0.000ns

    Location             Delay type                Incr(ns)  Path(ns)    Netlist Resource(s)
  -------------------------------------------------------------------    -------------------
                         (clock clk_out1_clk_viz_1 rise edge)
                                                      0.000     0.000 r  
    W5                                                0.000     0.000 r  clk_100mhz (IN)
                         net (fo=0)                   0.000     0.000    instance_name/inst/clk_in1
    W5                   IBUF (Prop_ibuf_I_O)         1.458     1.458 r  instance_name/inst/clkin1_ibufg/O
                         net (fo=1, routed)           1.233     2.691    instance_name/inst/clk_in1_clk_viz
    MMCME2_ADV_X1Y0      MMCME2_ADV (Prop_mmcme2_adv_CLKIN1_CLKOUT0)
                                                     -6.961    -4.269 r  instance_name/inst/mmcm_adv_inst/CLKOUT0
                         net (fo=1, routed)           1.661    -2.608    instance_name/inst/clk_out1_clk_viz
    BUFGCTRL_X0Y1        BUFG (Prop_bufg_I_O)         0.096    -2.512 r  instance_name/inst/clkout1_buf/O
                         net (fo=83, routed)          1.562    -0.950    vga/CLK
    SLICE_X31Y38         FDRE                                         r  vga/v_cnt_reg[1]/C
  -------------------------------------------------------------------    -------------------
    SLICE_X31Y38         FDRE (Prop_fdre_C_Q)         0.456    -0.494 r  vga/v_cnt_reg[1]/Q
                         net (fo=12, routed)          0.671     0.178    vga/vga_y[1]
    SLICE_X30Y40         LUT2 (Prop_lut2_I1_O)        0.124     0.302 r  vga/frame_buffer_i_16/O
                         net (fo=1, routed)           0.000     0.302    vga/frame_buffer_i_16_n_0
    SLICE_X30Y40         CARRY4 (Prop_carry4_S[1]_CO[3])
                                                      0.533     0.835 r  vga/frame_buffer_i_6/CO[3]
                         net (fo=1, routed)           0.000     0.835    vga/frame_buffer_i_6_n_0
    SLICE_X30Y41         CARRY4 (Prop_carry4_CI_O[0])
                                                      0.219     1.054 r  vga/frame_buffer_i_5/O[0]
                         net (fo=1, routed)           0.589     1.642    vga/read_addr0[11]
    SLICE_X31Y41         CARRY4 (Prop_carry4_S[1]_CO[3])
                                                      0.845     2.487 r  vga/frame_buffer_i_2/CO[3]
                         net (fo=1, routed)           0.000     2.487    vga/frame_buffer_i_2_n_0
    SLICE_X31Y42         CARRY4 (Prop_carry4_CI_O[0])
                                                      0.235     2.722 f  vga/frame_buffer_i_1/O[0]
                         net (fo=27, routed)          3.250     5.973    frame_buffer/U0/inst_blk_mem_gen/gnbram.gnativebmg.native_blk_mem_gen/valid.cstr/bindec_b.bindec_inst_b/addrb[2]
    SLICE_X48Y53         LUT5 (Prop_lut5_I1_O)        0.327     6.300 r  frame_buffer/U0/inst_blk_mem_gen/gnbram.gnativebmg.native_blk_mem_gen/valid.cstr/bindec_b.bindec_inst_b/ENOUT_inferred__17/i_/O
                         net (fo=1, routed)           0.901     7.201    frame_buffer/U0/inst_blk_mem_gen/gnbram.gnativebmg.native_blk_mem_gen/valid.cstr/ramloop[23].ram.r/prim_noinit.ram/enb_array[0]
    RAMB36_X1Y13         RAMB36E1                                     r  frame_buffer/U0/inst_blk_mem_gen/gnbram.gnativebmg.native_blk_mem_gen/valid.cstr/ramloop[23].ram.r/prim_noinit.ram/DEVICE_7SERIES.NO_BMM_INFO.SDP.SIMPLE_PRIM36.ram/ENBWREN
  -------------------------------------------------------------------    -------------------

                         (clock clk_out1_clk_viz_1 rise edge)
                                                     40.000    40.000 r  
    W5                                                0.000    40.000 r  clk_100mhz (IN)
                         net (fo=0)                   0.000    40.000    instance_name/inst/clk_in1
    W5                   IBUF (Prop_ibuf_I_O)         1.388    41.388 r  instance_name/inst/clkin1_ibufg/O
                         net (fo=1, routed)           1.162    42.550    instance_name/inst/clk_in1_clk_viz
    MMCME2_ADV_X1Y0      MMCME2_ADV (Prop_mmcme2_adv_CLKIN1_CLKOUT0)
                                                     -7.217    35.332 r  instance_name/inst/mmcm_adv_inst/CLKOUT0
                         net (fo=1, routed)           1.581    36.914    instance_name/inst/clk_out1_clk_viz
    BUFGCTRL_X0Y1        BUFG (Prop_bufg_I_O)         0.091    37.005 r  instance_name/inst/clkout1_buf/O
                         net (fo=83, routed)          1.476    38.481    frame_buffer/U0/inst_blk_mem_gen/gnbram.gnativebmg.native_blk_mem_gen/valid.cstr/ramloop[23].ram.r/prim_noinit.ram/clkb
    RAMB36_X1Y13         RAMB36E1                                     r  frame_buffer/U0/inst_blk_mem_gen/gnbram.gnativebmg.native_blk_mem_gen/valid.cstr/ramloop[23].ram.r/prim_noinit.ram/DEVICE_7SERIES.NO_BMM_INFO.SDP.SIMPLE_PRIM36.ram/CLKBWRCLK
                         clock pessimism              0.484    38.964    
                         clock uncertainty           -0.104    38.861    
    RAMB36_X1Y13         RAMB36E1 (Setup_ramb36e1_CLKBWRCLK_ENBWREN)
                                                     -0.645    38.216    frame_buffer/U0/inst_blk_mem_gen/gnbram.gnativebmg.native_blk_mem_gen/valid.cstr/ramloop[23].ram.r/prim_noinit.ram/DEVICE_7SERIES.NO_BMM_INFO.SDP.SIMPLE_PRIM36.ram
  -------------------------------------------------------------------
                         required time                         38.216    
                         arrival time                          -7.201    
  -------------------------------------------------------------------
                         slack                                 31.014    

Slack (MET) :             31.329ns  (required time - arrival time)
  Source:                 vga/v_cnt_reg[1]/C
                            (rising edge-triggered cell FDRE clocked by clk_out1_clk_viz_1  {rise@0.000ns fall@20.000ns period=40.000ns})
  Destination:            frame_buffer/U0/inst_blk_mem_gen/gnbram.gnativebmg.native_blk_mem_gen/valid.cstr/ramloop[21].ram.r/prim_noinit.ram/DEVICE_7SERIES.NO_BMM_INFO.SDP.SIMPLE_PRIM36.ram/ENBWREN
                            (rising edge-triggered cell RAMB36E1 clocked by clk_out1_clk_viz_1  {rise@0.000ns fall@20.000ns period=40.000ns})
  Path Group:             clk_out1_clk_viz_1
  Path Type:              Setup (Max at Slow Process Corner)
  Requirement:            40.000ns  (clk_out1_clk_viz_1 rise@40.000ns - clk_out1_clk_viz_1 rise@0.000ns)
  Data Path Delay:        8.042ns  (logic 2.711ns (33.709%)  route 5.331ns (66.291%))
  Logic Levels:           6  (CARRY4=4 LUT2=1 LUT5=1)
  Clock Path Skew:        -0.082ns (DCD - SCD + CPR)
    Destination Clock Delay (DCD):    -1.515ns = ( 38.485 - 40.000 ) 
    Source Clock Delay      (SCD):    -0.950ns
    Clock Pessimism Removal (CPR):    0.484ns
  Clock Uncertainty:      0.104ns  ((TSJ^2 + DJ^2)^1/2) / 2 + PE
    Total System Jitter     (TSJ):    0.071ns
    Discrete Jitter          (DJ):    0.195ns
    Phase Error              (PE):    0.000ns

    Location             Delay type                Incr(ns)  Path(ns)    Netlist Resource(s)
  -------------------------------------------------------------------    -------------------
                         (clock clk_out1_clk_viz_1 rise edge)
                                                      0.000     0.000 r  
    W5                                                0.000     0.000 r  clk_100mhz (IN)
                         net (fo=0)                   0.000     0.000    instance_name/inst/clk_in1
    W5                   IBUF (Prop_ibuf_I_O)         1.458     1.458 r  instance_name/inst/clkin1_ibufg/O
                         net (fo=1, routed)           1.233     2.691    instance_name/inst/clk_in1_clk_viz
    MMCME2_ADV_X1Y0      MMCME2_ADV (Prop_mmcme2_adv_CLKIN1_CLKOUT0)
                                                     -6.961    -4.269 r  instance_name/inst/mmcm_adv_inst/CLKOUT0
                         net (fo=1, routed)           1.661    -2.608    instance_name/inst/clk_out1_clk_viz
    BUFGCTRL_X0Y1        BUFG (Prop_bufg_I_O)         0.096    -2.512 r  instance_name/inst/clkout1_buf/O
                         net (fo=83, routed)          1.562    -0.950    vga/CLK
    SLICE_X31Y38         FDRE                                         r  vga/v_cnt_reg[1]/C
  -------------------------------------------------------------------    -------------------
    SLICE_X31Y38         FDRE (Prop_fdre_C_Q)         0.456    -0.494 r  vga/v_cnt_reg[1]/Q
                         net (fo=12, routed)          0.671     0.178    vga/vga_y[1]
    SLICE_X30Y40         LUT2 (Prop_lut2_I1_O)        0.124     0.302 r  vga/frame_buffer_i_16/O
                         net (fo=1, routed)           0.000     0.302    vga/frame_buffer_i_16_n_0
    SLICE_X30Y40         CARRY4 (Prop_carry4_S[1]_CO[3])
                                                      0.533     0.835 r  vga/frame_buffer_i_6/CO[3]
                         net (fo=1, routed)           0.000     0.835    vga/frame_buffer_i_6_n_0
    SLICE_X30Y41         CARRY4 (Prop_carry4_CI_O[0])
                                                      0.219     1.054 r  vga/frame_buffer_i_5/O[0]
                         net (fo=1, routed)           0.589     1.642    vga/read_addr0[11]
    SLICE_X31Y41         CARRY4 (Prop_carry4_S[1]_CO[3])
                                                      0.845     2.487 r  vga/frame_buffer_i_2/CO[3]
                         net (fo=1, routed)           0.000     2.487    vga/frame_buffer_i_2_n_0
    SLICE_X31Y42         CARRY4 (Prop_carry4_CI_O[0])
                                                      0.235     2.722 f  vga/frame_buffer_i_1/O[0]
                         net (fo=27, routed)          3.250     5.973    frame_buffer/U0/inst_blk_mem_gen/gnbram.gnativebmg.native_blk_mem_gen/valid.cstr/bindec_b.bindec_inst_b/addrb[2]
    SLICE_X48Y53         LUT5 (Prop_lut5_I1_O)        0.299     6.272 r  frame_buffer/U0/inst_blk_mem_gen/gnbram.gnativebmg.native_blk_mem_gen/valid.cstr/bindec_b.bindec_inst_b/ENOUT_inferred__15/i_/O
                         net (fo=1, routed)           0.821     7.093    frame_buffer/U0/inst_blk_mem_gen/gnbram.gnativebmg.native_blk_mem_gen/valid.cstr/ramloop[21].ram.r/prim_noinit.ram/enb_array[0]
    RAMB36_X1Y12         RAMB36E1                                     r  frame_buffer/U0/inst_blk_mem_gen/gnbram.gnativebmg.native_blk_mem_gen/valid.cstr/ramloop[21].ram.r/prim_noinit.ram/DEVICE_7SERIES.NO_BMM_INFO.SDP.SIMPLE_PRIM36.ram/ENBWREN
  -------------------------------------------------------------------    -------------------

                         (clock clk_out1_clk_viz_1 rise edge)
                                                     40.000    40.000 r  
    W5                                                0.000    40.000 r  clk_100mhz (IN)
                         net (fo=0)                   0.000    40.000    instance_name/inst/clk_in1
    W5                   IBUF (Prop_ibuf_I_O)         1.388    41.388 r  instance_name/inst/clkin1_ibufg/O
                         net (fo=1, routed)           1.162    42.550    instance_name/inst/clk_in1_clk_viz
    MMCME2_ADV_X1Y0      MMCME2_ADV (Prop_mmcme2_adv_CLKIN1_CLKOUT0)
                                                     -7.217    35.332 r  instance_name/inst/mmcm_adv_inst/CLKOUT0
                         net (fo=1, routed)           1.581    36.914    instance_name/inst/clk_out1_clk_viz
    BUFGCTRL_X0Y1        BUFG (Prop_bufg_I_O)         0.091    37.005 r  instance_name/inst/clkout1_buf/O
                         net (fo=83, routed)          1.480    38.485    frame_buffer/U0/inst_blk_mem_gen/gnbram.gnativebmg.native_blk_mem_gen/valid.cstr/ramloop[21].ram.r/prim_noinit.ram/clkb
    RAMB36_X1Y12         RAMB36E1                                     r  frame_buffer/U0/inst_blk_mem_gen/gnbram.gnativebmg.native_blk_mem_gen/valid.cstr/ramloop[21].ram.r/prim_noinit.ram/DEVICE_7SERIES.NO_BMM_INFO.SDP.SIMPLE_PRIM36.ram/CLKBWRCLK
                         clock pessimism              0.484    38.968    
                         clock uncertainty           -0.104    38.865    
    RAMB36_X1Y12         RAMB36E1 (Setup_ramb36e1_CLKBWRCLK_ENBWREN)
                                                     -0.443    38.422    frame_buffer/U0/inst_blk_mem_gen/gnbram.gnativebmg.native_blk_mem_gen/valid.cstr/ramloop[21].ram.r/prim_noinit.ram/DEVICE_7SERIES.NO_BMM_INFO.SDP.SIMPLE_PRIM36.ram
  -------------------------------------------------------------------
                         required time                         38.422    
                         arrival time                          -7.093    
  -------------------------------------------------------------------
                         slack                                 31.329    

Slack (MET) :             31.735ns  (required time - arrival time)
  Source:                 vga/v_cnt_reg[1]/C
                            (rising edge-triggered cell FDRE clocked by clk_out1_clk_viz_1  {rise@0.000ns fall@20.000ns period=40.000ns})
  Destination:            frame_buffer/U0/inst_blk_mem_gen/gnbram.gnativebmg.native_blk_mem_gen/valid.cstr/ramloop[8].ram.r/prim_noinit.ram/DEVICE_7SERIES.NO_BMM_INFO.SDP.SIMPLE_PRIM36.ram/ADDRBWRADDR[14]
                            (rising edge-triggered cell RAMB36E1 clocked by clk_out1_clk_viz_1  {rise@0.000ns fall@20.000ns period=40.000ns})
  Path Group:             clk_out1_clk_viz_1
  Path Type:              Setup (Max at Slow Process Corner)
  Requirement:            40.000ns  (clk_out1_clk_viz_1 rise@40.000ns - clk_out1_clk_viz_1 rise@0.000ns)
  Data Path Delay:        7.347ns  (logic 2.194ns (29.861%)  route 5.153ns (70.139%))
  Logic Levels:           4  (CARRY4=3 LUT2=1)
  Clock Path Skew:        -0.069ns (DCD - SCD + CPR)
    Destination Clock Delay (DCD):    -1.510ns = ( 38.490 - 40.000 ) 
    Source Clock Delay      (SCD):    -0.950ns
    Clock Pessimism Removal (CPR):    0.492ns
  Clock Uncertainty:      0.104ns  ((TSJ^2 + DJ^2)^1/2) / 2 + PE
    Total System Jitter     (TSJ):    0.071ns
    Discrete Jitter          (DJ):    0.195ns
    Phase Error              (PE):    0.000ns

    Location             Delay type                Incr(ns)  Path(ns)    Netlist Resource(s)
  -------------------------------------------------------------------    -------------------
                         (clock clk_out1_clk_viz_1 rise edge)
                                                      0.000     0.000 r  
    W5                                                0.000     0.000 r  clk_100mhz (IN)
                         net (fo=0)                   0.000     0.000    instance_name/inst/clk_in1
    W5                   IBUF (Prop_ibuf_I_O)         1.458     1.458 r  instance_name/inst/clkin1_ibufg/O
                         net (fo=1, routed)           1.233     2.691    instance_name/inst/clk_in1_clk_viz
    MMCME2_ADV_X1Y0      MMCME2_ADV (Prop_mmcme2_adv_CLKIN1_CLKOUT0)
                                                     -6.961    -4.269 r  instance_name/inst/mmcm_adv_inst/CLKOUT0
                         net (fo=1, routed)           1.661    -2.608    instance_name/inst/clk_out1_clk_viz
    BUFGCTRL_X0Y1        BUFG (Prop_bufg_I_O)         0.096    -2.512 r  instance_name/inst/clkout1_buf/O
                         net (fo=83, routed)          1.562    -0.950    vga/CLK
    SLICE_X31Y38         FDRE                                         r  vga/v_cnt_reg[1]/C
  -------------------------------------------------------------------    -------------------
    SLICE_X31Y38         FDRE (Prop_fdre_C_Q)         0.456    -0.494 r  vga/v_cnt_reg[1]/Q
                         net (fo=12, routed)          0.671     0.178    vga/vga_y[1]
    SLICE_X30Y40         LUT2 (Prop_lut2_I1_O)        0.124     0.302 r  vga/frame_buffer_i_16/O
                         net (fo=1, routed)           0.000     0.302    vga/frame_buffer_i_16_n_0
    SLICE_X30Y40         CARRY4 (Prop_carry4_S[1]_O[2])
                                                      0.578     0.880 r  vga/frame_buffer_i_6/O[2]
                         net (fo=1, routed)           0.488     1.368    vga/read_addr0[9]
    SLICE_X31Y40         CARRY4 (Prop_carry4_S[3]_CO[3])
                                                      0.702     2.070 r  vga/frame_buffer_i_3/CO[3]
                         net (fo=1, routed)           0.000     2.070    vga/frame_buffer_i_3_n_0
    SLICE_X31Y41         CARRY4 (Prop_carry4_CI_O[1])
                                                      0.334     2.404 r  vga/frame_buffer_i_2/O[1]
                         net (fo=27, routed)          3.994     6.398    frame_buffer/U0/inst_blk_mem_gen/gnbram.gnativebmg.native_blk_mem_gen/valid.cstr/ramloop[8].ram.r/prim_noinit.ram/addrb[11]
    RAMB36_X2Y6          RAMB36E1                                     r  frame_buffer/U0/inst_blk_mem_gen/gnbram.gnativebmg.native_blk_mem_gen/valid.cstr/ramloop[8].ram.r/prim_noinit.ram/DEVICE_7SERIES.NO_BMM_INFO.SDP.SIMPLE_PRIM36.ram/ADDRBWRADDR[14]
  -------------------------------------------------------------------    -------------------

                         (clock clk_out1_clk_viz_1 rise edge)
                                                     40.000    40.000 r  
    W5                                                0.000    40.000 r  clk_100mhz (IN)
                         net (fo=0)                   0.000    40.000    instance_name/inst/clk_in1
    W5                   IBUF (Prop_ibuf_I_O)         1.388    41.388 r  instance_name/inst/clkin1_ibufg/O
                         net (fo=1, routed)           1.162    42.550    instance_name/inst/clk_in1_clk_viz
    MMCME2_ADV_X1Y0      MMCME2_ADV (Prop_mmcme2_adv_CLKIN1_CLKOUT0)
                                                     -7.217    35.332 r  instance_name/inst/mmcm_adv_inst/CLKOUT0
                         net (fo=1, routed)           1.581    36.914    instance_name/inst/clk_out1_clk_viz
    BUFGCTRL_X0Y1        BUFG (Prop_bufg_I_O)         0.091    37.005 r  instance_name/inst/clkout1_buf/O
                         net (fo=83, routed)          1.486    38.490    frame_buffer/U0/inst_blk_mem_gen/gnbram.gnativebmg.native_blk_mem_gen/valid.cstr/ramloop[8].ram.r/prim_noinit.ram/clkb
    RAMB36_X2Y6          RAMB36E1                                     r  frame_buffer/U0/inst_blk_mem_gen/gnbram.gnativebmg.native_blk_mem_gen/valid.cstr/ramloop[8].ram.r/prim_noinit.ram/DEVICE_7SERIES.NO_BMM_INFO.SDP.SIMPLE_PRIM36.ram/CLKBWRCLK
                         clock pessimism              0.492    38.982    
                         clock uncertainty           -0.104    38.878    
    RAMB36_X2Y6          RAMB36E1 (Setup_ramb36e1_CLKBWRCLK_ADDRBWRADDR[14])
                                                     -0.745    38.133    frame_buffer/U0/inst_blk_mem_gen/gnbram.gnativebmg.native_blk_mem_gen/valid.cstr/ramloop[8].ram.r/prim_noinit.ram/DEVICE_7SERIES.NO_BMM_INFO.SDP.SIMPLE_PRIM36.ram
  -------------------------------------------------------------------
                         required time                         38.133    
                         arrival time                          -6.398    
  -------------------------------------------------------------------
                         slack                                 31.735    

Slack (MET) :             31.821ns  (required time - arrival time)
  Source:                 vga/v_cnt_reg[1]/C
                            (rising edge-triggered cell FDRE clocked by clk_out1_clk_viz_1  {rise@0.000ns fall@20.000ns period=40.000ns})
  Destination:            frame_buffer/U0/inst_blk_mem_gen/gnbram.gnativebmg.native_blk_mem_gen/valid.cstr/ramloop[7].ram.r/prim_noinit.ram/DEVICE_7SERIES.NO_BMM_INFO.SDP.SIMPLE_PRIM36.ram/ENBWREN
                            (rising edge-triggered cell RAMB36E1 clocked by clk_out1_clk_viz_1  {rise@0.000ns fall@20.000ns period=40.000ns})
  Path Group:             clk_out1_clk_viz_1
  Path Type:              Setup (Max at Slow Process Corner)
  Requirement:            40.000ns  (clk_out1_clk_viz_1 rise@40.000ns - clk_out1_clk_viz_1 rise@0.000ns)
  Data Path Delay:        7.353ns  (logic 2.761ns (37.551%)  route 4.592ns (62.449%))
  Logic Levels:           6  (CARRY4=4 LUT2=1 LUT5=1)
  Clock Path Skew:        -0.077ns (DCD - SCD + CPR)
    Destination Clock Delay (DCD):    -1.510ns = ( 38.490 - 40.000 ) 
    Source Clock Delay      (SCD):    -0.950ns
    Clock Pessimism Removal (CPR):    0.484ns
  Clock Uncertainty:      0.104ns  ((TSJ^2 + DJ^2)^1/2) / 2 + PE
    Total System Jitter     (TSJ):    0.071ns
    Discrete Jitter          (DJ):    0.195ns
    Phase Error              (PE):    0.000ns

    Location             Delay type                Incr(ns)  Path(ns)    Netlist Resource(s)
  -------------------------------------------------------------------    -------------------
                         (clock clk_out1_clk_viz_1 rise edge)
                                                      0.000     0.000 r  
    W5                                                0.000     0.000 r  clk_100mhz (IN)
                         net (fo=0)                   0.000     0.000    instance_name/inst/clk_in1
    W5                   IBUF (Prop_ibuf_I_O)         1.458     1.458 r  instance_name/inst/clkin1_ibufg/O
                         net (fo=1, routed)           1.233     2.691    instance_name/inst/clk_in1_clk_viz
    MMCME2_ADV_X1Y0      MMCME2_ADV (Prop_mmcme2_adv_CLKIN1_CLKOUT0)
                                                     -6.961    -4.269 r  instance_name/inst/mmcm_adv_inst/CLKOUT0
                         net (fo=1, routed)           1.661    -2.608    instance_name/inst/clk_out1_clk_viz
    BUFGCTRL_X0Y1        BUFG (Prop_bufg_I_O)         0.096    -2.512 r  instance_name/inst/clkout1_buf/O
                         net (fo=83, routed)          1.562    -0.950    vga/CLK
    SLICE_X31Y38         FDRE                                         r  vga/v_cnt_reg[1]/C
  -------------------------------------------------------------------    -------------------
    SLICE_X31Y38         FDRE (Prop_fdre_C_Q)         0.456    -0.494 r  vga/v_cnt_reg[1]/Q
                         net (fo=12, routed)          0.671     0.178    vga/vga_y[1]
    SLICE_X30Y40         LUT2 (Prop_lut2_I1_O)        0.124     0.302 r  vga/frame_buffer_i_16/O
                         net (fo=1, routed)           0.000     0.302    vga/frame_buffer_i_16_n_0
    SLICE_X30Y40         CARRY4 (Prop_carry4_S[1]_CO[3])
                                                      0.533     0.835 r  vga/frame_buffer_i_6/CO[3]
                         net (fo=1, routed)           0.000     0.835    vga/frame_buffer_i_6_n_0
    SLICE_X30Y41         CARRY4 (Prop_carry4_CI_O[0])
                                                      0.219     1.054 r  vga/frame_buffer_i_5/O[0]
                         net (fo=1, routed)           0.589     1.642    vga/read_addr0[11]
    SLICE_X31Y41         CARRY4 (Prop_carry4_S[1]_CO[3])
                                                      0.845     2.487 r  vga/frame_buffer_i_2/CO[3]
                         net (fo=1, routed)           0.000     2.487    vga/frame_buffer_i_2_n_0
    SLICE_X31Y42         CARRY4 (Prop_carry4_CI_O[2])
                                                      0.256     2.743 f  vga/frame_buffer_i_1/O[2]
                         net (fo=27, routed)          2.688     5.431    frame_buffer/U0/inst_blk_mem_gen/gnbram.gnativebmg.native_blk_mem_gen/valid.cstr/bindec_b.bindec_inst_b/addrb[4]
    SLICE_X57Y53         LUT5 (Prop_lut5_I1_O)        0.328     5.759 r  frame_buffer/U0/inst_blk_mem_gen/gnbram.gnativebmg.native_blk_mem_gen/valid.cstr/bindec_b.bindec_inst_b/ENOUT_inferred__1/i_/O
                         net (fo=1, routed)           0.644     6.403    frame_buffer/U0/inst_blk_mem_gen/gnbram.gnativebmg.native_blk_mem_gen/valid.cstr/ramloop[7].ram.r/prim_noinit.ram/enb_array[0]
    RAMB36_X2Y11         RAMB36E1                                     r  frame_buffer/U0/inst_blk_mem_gen/gnbram.gnativebmg.native_blk_mem_gen/valid.cstr/ramloop[7].ram.r/prim_noinit.ram/DEVICE_7SERIES.NO_BMM_INFO.SDP.SIMPLE_PRIM36.ram/ENBWREN
  -------------------------------------------------------------------    -------------------

                         (clock clk_out1_clk_viz_1 rise edge)
                                                     40.000    40.000 r  
    W5                                                0.000    40.000 r  clk_100mhz (IN)
                         net (fo=0)                   0.000    40.000    instance_name/inst/clk_in1
    W5                   IBUF (Prop_ibuf_I_O)         1.388    41.388 r  instance_name/inst/clkin1_ibufg/O
                         net (fo=1, routed)           1.162    42.550    instance_name/inst/clk_in1_clk_viz
    MMCME2_ADV_X1Y0      MMCME2_ADV (Prop_mmcme2_adv_CLKIN1_CLKOUT0)
                                                     -7.217    35.332 r  instance_name/inst/mmcm_adv_inst/CLKOUT0
                         net (fo=1, routed)           1.581    36.914    instance_name/inst/clk_out1_clk_viz
    BUFGCTRL_X0Y1        BUFG (Prop_bufg_I_O)         0.091    37.005 r  instance_name/inst/clkout1_buf/O
                         net (fo=83, routed)          1.485    38.490    frame_buffer/U0/inst_blk_mem_gen/gnbram.gnativebmg.native_blk_mem_gen/valid.cstr/ramloop[7].ram.r/prim_noinit.ram/clkb
    RAMB36_X2Y11         RAMB36E1                                     r  frame_buffer/U0/inst_blk_mem_gen/gnbram.gnativebmg.native_blk_mem_gen/valid.cstr/ramloop[7].ram.r/prim_noinit.ram/DEVICE_7SERIES.NO_BMM_INFO.SDP.SIMPLE_PRIM36.ram/CLKBWRCLK
                         clock pessimism              0.484    38.973    
                         clock uncertainty           -0.104    38.870    
    RAMB36_X2Y11         RAMB36E1 (Setup_ramb36e1_CLKBWRCLK_ENBWREN)
                                                     -0.645    38.225    frame_buffer/U0/inst_blk_mem_gen/gnbram.gnativebmg.native_blk_mem_gen/valid.cstr/ramloop[7].ram.r/prim_noinit.ram/DEVICE_7SERIES.NO_BMM_INFO.SDP.SIMPLE_PRIM36.ram
  -------------------------------------------------------------------
                         required time                         38.225    
                         arrival time                          -6.403    
  -------------------------------------------------------------------
                         slack                                 31.821    

Slack (MET) :             31.963ns  (required time - arrival time)
  Source:                 vga/v_cnt_reg[1]/C
                            (rising edge-triggered cell FDRE clocked by clk_out1_clk_viz_1  {rise@0.000ns fall@20.000ns period=40.000ns})
  Destination:            frame_buffer/U0/inst_blk_mem_gen/gnbram.gnativebmg.native_blk_mem_gen/valid.cstr/ramloop[1].ram.r/prim_noinit.ram/DEVICE_7SERIES.NO_BMM_INFO.SDP.SIMPLE_PRIM18.ram/ENBWREN
                            (rising edge-triggered cell RAMB18E1 clocked by clk_out1_clk_viz_1  {rise@0.000ns fall@20.000ns period=40.000ns})
  Path Group:             clk_out1_clk_viz_1
  Path Type:              Setup (Max at Slow Process Corner)
  Requirement:            40.000ns  (clk_out1_clk_viz_1 rise@40.000ns - clk_out1_clk_viz_1 rise@0.000ns)
  Data Path Delay:        7.411ns  (logic 2.711ns (36.583%)  route 4.700ns (63.417%))
  Logic Levels:           6  (CARRY4=4 LUT2=1 LUT3=1)
  Clock Path Skew:        -0.079ns (DCD - SCD + CPR)
    Destination Clock Delay (DCD):    -1.512ns = ( 38.488 - 40.000 ) 
    Source Clock Delay      (SCD):    -0.950ns
    Clock Pessimism Removal (CPR):    0.484ns
  Clock Uncertainty:      0.104ns  ((TSJ^2 + DJ^2)^1/2) / 2 + PE
    Total System Jitter     (TSJ):    0.071ns
    Discrete Jitter          (DJ):    0.195ns
    Phase Error              (PE):    0.000ns

    Location             Delay type                Incr(ns)  Path(ns)    Netlist Resource(s)
  -------------------------------------------------------------------    -------------------
                         (clock clk_out1_clk_viz_1 rise edge)
                                                      0.000     0.000 r  
    W5                                                0.000     0.000 r  clk_100mhz (IN)
                         net (fo=0)                   0.000     0.000    instance_name/inst/clk_in1
    W5                   IBUF (Prop_ibuf_I_O)         1.458     1.458 r  instance_name/inst/clkin1_ibufg/O
                         net (fo=1, routed)           1.233     2.691    instance_name/inst/clk_in1_clk_viz
    MMCME2_ADV_X1Y0      MMCME2_ADV (Prop_mmcme2_adv_CLKIN1_CLKOUT0)
                                                     -6.961    -4.269 r  instance_name/inst/mmcm_adv_inst/CLKOUT0
                         net (fo=1, routed)           1.661    -2.608    instance_name/inst/clk_out1_clk_viz
    BUFGCTRL_X0Y1        BUFG (Prop_bufg_I_O)         0.096    -2.512 r  instance_name/inst/clkout1_buf/O
                         net (fo=83, routed)          1.562    -0.950    vga/CLK
    SLICE_X31Y38         FDRE                                         r  vga/v_cnt_reg[1]/C
  -------------------------------------------------------------------    -------------------
    SLICE_X31Y38         FDRE (Prop_fdre_C_Q)         0.456    -0.494 r  vga/v_cnt_reg[1]/Q
                         net (fo=12, routed)          0.671     0.178    vga/vga_y[1]
    SLICE_X30Y40         LUT2 (Prop_lut2_I1_O)        0.124     0.302 r  vga/frame_buffer_i_16/O
                         net (fo=1, routed)           0.000     0.302    vga/frame_buffer_i_16_n_0
    SLICE_X30Y40         CARRY4 (Prop_carry4_S[1]_CO[3])
                                                      0.533     0.835 r  vga/frame_buffer_i_6/CO[3]
                         net (fo=1, routed)           0.000     0.835    vga/frame_buffer_i_6_n_0
    SLICE_X30Y41         CARRY4 (Prop_carry4_CI_O[0])
                                                      0.219     1.054 r  vga/frame_buffer_i_5/O[0]
                         net (fo=1, routed)           0.589     1.642    vga/read_addr0[11]
    SLICE_X31Y41         CARRY4 (Prop_carry4_S[1]_CO[3])
                                                      0.845     2.487 r  vga/frame_buffer_i_2/CO[3]
                         net (fo=1, routed)           0.000     2.487    vga/frame_buffer_i_2_n_0
    SLICE_X31Y42         CARRY4 (Prop_carry4_CI_O[0])
                                                      0.235     2.722 f  vga/frame_buffer_i_1/O[0]
                         net (fo=27, routed)          2.663     5.386    frame_buffer/U0/inst_blk_mem_gen/gnbram.gnativebmg.native_blk_mem_gen/valid.cstr/addrb[14]
    SLICE_X48Y52         LUT3 (Prop_lut3_I1_O)        0.299     5.685 r  frame_buffer/U0/inst_blk_mem_gen/gnbram.gnativebmg.native_blk_mem_gen/valid.cstr/ramloop[1].ram.ram_enb/O
                         net (fo=2, routed)           0.777     6.461    frame_buffer/U0/inst_blk_mem_gen/gnbram.gnativebmg.native_blk_mem_gen/valid.cstr/ramloop[1].ram.r/prim_noinit.ram/ramloop[1].ram.ram_enb
    RAMB18_X1Y22         RAMB18E1                                     r  frame_buffer/U0/inst_blk_mem_gen/gnbram.gnativebmg.native_blk_mem_gen/valid.cstr/ramloop[1].ram.r/prim_noinit.ram/DEVICE_7SERIES.NO_BMM_INFO.SDP.SIMPLE_PRIM18.ram/ENBWREN
  -------------------------------------------------------------------    -------------------

                         (clock clk_out1_clk_viz_1 rise edge)
                                                     40.000    40.000 r  
    W5                                                0.000    40.000 r  clk_100mhz (IN)
                         net (fo=0)                   0.000    40.000    instance_name/inst/clk_in1
    W5                   IBUF (Prop_ibuf_I_O)         1.388    41.388 r  instance_name/inst/clkin1_ibufg/O
                         net (fo=1, routed)           1.162    42.550    instance_name/inst/clk_in1_clk_viz
    MMCME2_ADV_X1Y0      MMCME2_ADV (Prop_mmcme2_adv_CLKIN1_CLKOUT0)
                                                     -7.217    35.332 r  instance_name/inst/mmcm_adv_inst/CLKOUT0
                         net (fo=1, routed)           1.581    36.914    instance_name/inst/clk_out1_clk_viz
    BUFGCTRL_X0Y1        BUFG (Prop_bufg_I_O)         0.091    37.005 r  instance_name/inst/clkout1_buf/O
                         net (fo=83, routed)          1.483    38.488    frame_buffer/U0/inst_blk_mem_gen/gnbram.gnativebmg.native_blk_mem_gen/valid.cstr/ramloop[1].ram.r/prim_noinit.ram/clkb
    RAMB18_X1Y22         RAMB18E1                                     r  frame_buffer/U0/inst_blk_mem_gen/gnbram.gnativebmg.native_blk_mem_gen/valid.cstr/ramloop[1].ram.r/prim_noinit.ram/DEVICE_7SERIES.NO_BMM_INFO.SDP.SIMPLE_PRIM18.ram/CLKBWRCLK
                         clock pessimism              0.484    38.971    
                         clock uncertainty           -0.104    38.868    
    RAMB18_X1Y22         RAMB18E1 (Setup_ramb18e1_CLKBWRCLK_ENBWREN)
                                                     -0.443    38.425    frame_buffer/U0/inst_blk_mem_gen/gnbram.gnativebmg.native_blk_mem_gen/valid.cstr/ramloop[1].ram.r/prim_noinit.ram/DEVICE_7SERIES.NO_BMM_INFO.SDP.SIMPLE_PRIM18.ram
  -------------------------------------------------------------------
                         required time                         38.425    
                         arrival time                          -6.461    
  -------------------------------------------------------------------
                         slack                                 31.963    

Slack (MET) :             32.078ns  (required time - arrival time)
  Source:                 vga/v_cnt_reg[1]/C
                            (rising edge-triggered cell FDRE clocked by clk_out1_clk_viz_1  {rise@0.000ns fall@20.000ns period=40.000ns})
  Destination:            frame_buffer/U0/inst_blk_mem_gen/gnbram.gnativebmg.native_blk_mem_gen/valid.cstr/ramloop[12].ram.r/prim_noinit.ram/DEVICE_7SERIES.NO_BMM_INFO.SDP.SIMPLE_PRIM36.ram/ADDRBWRADDR[14]
                            (rising edge-triggered cell RAMB36E1 clocked by clk_out1_clk_viz_1  {rise@0.000ns fall@20.000ns period=40.000ns})
  Path Group:             clk_out1_clk_viz_1
  Path Type:              Setup (Max at Slow Process Corner)
  Requirement:            40.000ns  (clk_out1_clk_viz_1 rise@40.000ns - clk_out1_clk_viz_1 rise@0.000ns)
  Data Path Delay:        7.009ns  (logic 2.194ns (31.301%)  route 4.815ns (68.699%))
  Logic Levels:           4  (CARRY4=3 LUT2=1)
  Clock Path Skew:        -0.064ns (DCD - SCD + CPR)
    Destination Clock Delay (DCD):    -1.505ns = ( 38.495 - 40.000 ) 
    Source Clock Delay      (SCD):    -0.950ns
    Clock Pessimism Removal (CPR):    0.492ns
  Clock Uncertainty:      0.104ns  ((TSJ^2 + DJ^2)^1/2) / 2 + PE
    Total System Jitter     (TSJ):    0.071ns
    Discrete Jitter          (DJ):    0.195ns
    Phase Error              (PE):    0.000ns

    Location             Delay type                Incr(ns)  Path(ns)    Netlist Resource(s)
  -------------------------------------------------------------------    -------------------
                         (clock clk_out1_clk_viz_1 rise edge)
                                                      0.000     0.000 r  
    W5                                                0.000     0.000 r  clk_100mhz (IN)
                         net (fo=0)                   0.000     0.000    instance_name/inst/clk_in1
    W5                   IBUF (Prop_ibuf_I_O)         1.458     1.458 r  instance_name/inst/clkin1_ibufg/O
                         net (fo=1, routed)           1.233     2.691    instance_name/inst/clk_in1_clk_viz
    MMCME2_ADV_X1Y0      MMCME2_ADV (Prop_mmcme2_adv_CLKIN1_CLKOUT0)
                                                     -6.961    -4.269 r  instance_name/inst/mmcm_adv_inst/CLKOUT0
                         net (fo=1, routed)           1.661    -2.608    instance_name/inst/clk_out1_clk_viz
    BUFGCTRL_X0Y1        BUFG (Prop_bufg_I_O)         0.096    -2.512 r  instance_name/inst/clkout1_buf/O
                         net (fo=83, routed)          1.562    -0.950    vga/CLK
    SLICE_X31Y38         FDRE                                         r  vga/v_cnt_reg[1]/C
  -------------------------------------------------------------------    -------------------
    SLICE_X31Y38         FDRE (Prop_fdre_C_Q)         0.456    -0.494 r  vga/v_cnt_reg[1]/Q
                         net (fo=12, routed)          0.671     0.178    vga/vga_y[1]
    SLICE_X30Y40         LUT2 (Prop_lut2_I1_O)        0.124     0.302 r  vga/frame_buffer_i_16/O
                         net (fo=1, routed)           0.000     0.302    vga/frame_buffer_i_16_n_0
    SLICE_X30Y40         CARRY4 (Prop_carry4_S[1]_O[2])
                                                      0.578     0.880 r  vga/frame_buffer_i_6/O[2]
                         net (fo=1, routed)           0.488     1.368    vga/read_addr0[9]
    SLICE_X31Y40         CARRY4 (Prop_carry4_S[3]_CO[3])
                                                      0.702     2.070 r  vga/frame_buffer_i_3/CO[3]
                         net (fo=1, routed)           0.000     2.070    vga/frame_buffer_i_3_n_0
    SLICE_X31Y41         CARRY4 (Prop_carry4_CI_O[1])
                                                      0.334     2.404 r  vga/frame_buffer_i_2/O[1]
                         net (fo=27, routed)          3.656     6.060    frame_buffer/U0/inst_blk_mem_gen/gnbram.gnativebmg.native_blk_mem_gen/valid.cstr/ramloop[12].ram.r/prim_noinit.ram/addrb[11]
    RAMB36_X2Y7          RAMB36E1                                     r  frame_buffer/U0/inst_blk_mem_gen/gnbram.gnativebmg.native_blk_mem_gen/valid.cstr/ramloop[12].ram.r/prim_noinit.ram/DEVICE_7SERIES.NO_BMM_INFO.SDP.SIMPLE_PRIM36.ram/ADDRBWRADDR[14]
  -------------------------------------------------------------------    -------------------

                         (clock clk_out1_clk_viz_1 rise edge)
                                                     40.000    40.000 r  
    W5                                                0.000    40.000 r  clk_100mhz (IN)
                         net (fo=0)                   0.000    40.000    instance_name/inst/clk_in1
    W5                   IBUF (Prop_ibuf_I_O)         1.388    41.388 r  instance_name/inst/clkin1_ibufg/O
                         net (fo=1, routed)           1.162    42.550    instance_name/inst/clk_in1_clk_viz
    MMCME2_ADV_X1Y0      MMCME2_ADV (Prop_mmcme2_adv_CLKIN1_CLKOUT0)
                                                     -7.217    35.332 r  instance_name/inst/mmcm_adv_inst/CLKOUT0
                         net (fo=1, routed)           1.581    36.914    instance_name/inst/clk_out1_clk_viz
    BUFGCTRL_X0Y1        BUFG (Prop_bufg_I_O)         0.091    37.005 r  instance_name/inst/clkout1_buf/O
                         net (fo=83, routed)          1.491    38.495    frame_buffer/U0/inst_blk_mem_gen/gnbram.gnativebmg.native_blk_mem_gen/valid.cstr/ramloop[12].ram.r/prim_noinit.ram/clkb
    RAMB36_X2Y7          RAMB36E1                                     r  frame_buffer/U0/inst_blk_mem_gen/gnbram.gnativebmg.native_blk_mem_gen/valid.cstr/ramloop[12].ram.r/prim_noinit.ram/DEVICE_7SERIES.NO_BMM_INFO.SDP.SIMPLE_PRIM36.ram/CLKBWRCLK
                         clock pessimism              0.492    38.987    
                         clock uncertainty           -0.104    38.883    
    RAMB36_X2Y7          RAMB36E1 (Setup_ramb36e1_CLKBWRCLK_ADDRBWRADDR[14])
                                                     -0.745    38.138    frame_buffer/U0/inst_blk_mem_gen/gnbram.gnativebmg.native_blk_mem_gen/valid.cstr/ramloop[12].ram.r/prim_noinit.ram/DEVICE_7SERIES.NO_BMM_INFO.SDP.SIMPLE_PRIM36.ram
  -------------------------------------------------------------------
                         required time                         38.138    
                         arrival time                          -6.060    
  -------------------------------------------------------------------
                         slack                                 32.078    

Slack (MET) :             32.212ns  (required time - arrival time)
  Source:                 vga/v_cnt_reg[1]/C
                            (rising edge-triggered cell FDRE clocked by clk_out1_clk_viz_1  {rise@0.000ns fall@20.000ns period=40.000ns})
  Destination:            frame_buffer/U0/inst_blk_mem_gen/gnbram.gnativebmg.native_blk_mem_gen/valid.cstr/ramloop[6].ram.r/prim_noinit.ram/DEVICE_7SERIES.NO_BMM_INFO.SDP.SIMPLE_PRIM36.ram/ENBWREN
                            (rising edge-triggered cell RAMB36E1 clocked by clk_out1_clk_viz_1  {rise@0.000ns fall@20.000ns period=40.000ns})
  Path Group:             clk_out1_clk_viz_1
  Path Type:              Setup (Max at Slow Process Corner)
  Requirement:            40.000ns  (clk_out1_clk_viz_1 rise@40.000ns - clk_out1_clk_viz_1 rise@0.000ns)
  Data Path Delay:        7.165ns  (logic 2.735ns (38.173%)  route 4.430ns (61.827%))
  Logic Levels:           6  (CARRY4=4 LUT2=1 LUT5=1)
  Clock Path Skew:        -0.076ns (DCD - SCD + CPR)
    Destination Clock Delay (DCD):    -1.509ns = ( 38.491 - 40.000 ) 
    Source Clock Delay      (SCD):    -0.950ns
    Clock Pessimism Removal (CPR):    0.484ns
  Clock Uncertainty:      0.104ns  ((TSJ^2 + DJ^2)^1/2) / 2 + PE
    Total System Jitter     (TSJ):    0.071ns
    Discrete Jitter          (DJ):    0.195ns
    Phase Error              (PE):    0.000ns

    Location             Delay type                Incr(ns)  Path(ns)    Netlist Resource(s)
  -------------------------------------------------------------------    -------------------
                         (clock clk_out1_clk_viz_1 rise edge)
                                                      0.000     0.000 r  
    W5                                                0.000     0.000 r  clk_100mhz (IN)
                         net (fo=0)                   0.000     0.000    instance_name/inst/clk_in1
    W5                   IBUF (Prop_ibuf_I_O)         1.458     1.458 r  instance_name/inst/clkin1_ibufg/O
                         net (fo=1, routed)           1.233     2.691    instance_name/inst/clk_in1_clk_viz
    MMCME2_ADV_X1Y0      MMCME2_ADV (Prop_mmcme2_adv_CLKIN1_CLKOUT0)
                                                     -6.961    -4.269 r  instance_name/inst/mmcm_adv_inst/CLKOUT0
                         net (fo=1, routed)           1.661    -2.608    instance_name/inst/clk_out1_clk_viz
    BUFGCTRL_X0Y1        BUFG (Prop_bufg_I_O)         0.096    -2.512 r  instance_name/inst/clkout1_buf/O
                         net (fo=83, routed)          1.562    -0.950    vga/CLK
    SLICE_X31Y38         FDRE                                         r  vga/v_cnt_reg[1]/C
  -------------------------------------------------------------------    -------------------
    SLICE_X31Y38         FDRE (Prop_fdre_C_Q)         0.456    -0.494 r  vga/v_cnt_reg[1]/Q
                         net (fo=12, routed)          0.671     0.178    vga/vga_y[1]
    SLICE_X30Y40         LUT2 (Prop_lut2_I1_O)        0.124     0.302 r  vga/frame_buffer_i_16/O
                         net (fo=1, routed)           0.000     0.302    vga/frame_buffer_i_16_n_0
    SLICE_X30Y40         CARRY4 (Prop_carry4_S[1]_CO[3])
                                                      0.533     0.835 r  vga/frame_buffer_i_6/CO[3]
                         net (fo=1, routed)           0.000     0.835    vga/frame_buffer_i_6_n_0
    SLICE_X30Y41         CARRY4 (Prop_carry4_CI_O[0])
                                                      0.219     1.054 r  vga/frame_buffer_i_5/O[0]
                         net (fo=1, routed)           0.589     1.642    vga/read_addr0[11]
    SLICE_X31Y41         CARRY4 (Prop_carry4_S[1]_CO[3])
                                                      0.845     2.487 r  vga/frame_buffer_i_2/CO[3]
                         net (fo=1, routed)           0.000     2.487    vga/frame_buffer_i_2_n_0
    SLICE_X31Y42         CARRY4 (Prop_carry4_CI_O[2])
                                                      0.256     2.743 f  vga/frame_buffer_i_1/O[2]
                         net (fo=27, routed)          2.688     5.431    frame_buffer/U0/inst_blk_mem_gen/gnbram.gnativebmg.native_blk_mem_gen/valid.cstr/bindec_b.bindec_inst_b/addrb[4]
    SLICE_X57Y53         LUT5 (Prop_lut5_I1_O)        0.302     5.733 r  frame_buffer/U0/inst_blk_mem_gen/gnbram.gnativebmg.native_blk_mem_gen/valid.cstr/bindec_b.bindec_inst_b/ENOUT_inferred__0/i_/O
                         net (fo=1, routed)           0.482     6.215    frame_buffer/U0/inst_blk_mem_gen/gnbram.gnativebmg.native_blk_mem_gen/valid.cstr/ramloop[6].ram.r/prim_noinit.ram/enb_array[0]
    RAMB36_X2Y10         RAMB36E1                                     r  frame_buffer/U0/inst_blk_mem_gen/gnbram.gnativebmg.native_blk_mem_gen/valid.cstr/ramloop[6].ram.r/prim_noinit.ram/DEVICE_7SERIES.NO_BMM_INFO.SDP.SIMPLE_PRIM36.ram/ENBWREN
  -------------------------------------------------------------------    -------------------

                         (clock clk_out1_clk_viz_1 rise edge)
                                                     40.000    40.000 r  
    W5                                                0.000    40.000 r  clk_100mhz (IN)
                         net (fo=0)                   0.000    40.000    instance_name/inst/clk_in1
    W5                   IBUF (Prop_ibuf_I_O)         1.388    41.388 r  instance_name/inst/clkin1_ibufg/O
                         net (fo=1, routed)           1.162    42.550    instance_name/inst/clk_in1_clk_viz
    MMCME2_ADV_X1Y0      MMCME2_ADV (Prop_mmcme2_adv_CLKIN1_CLKOUT0)
                                                     -7.217    35.332 r  instance_name/inst/mmcm_adv_inst/CLKOUT0
                         net (fo=1, routed)           1.581    36.914    instance_name/inst/clk_out1_clk_viz
    BUFGCTRL_X0Y1        BUFG (Prop_bufg_I_O)         0.091    37.005 r  instance_name/inst/clkout1_buf/O
                         net (fo=83, routed)          1.486    38.491    frame_buffer/U0/inst_blk_mem_gen/gnbram.gnativebmg.native_blk_mem_gen/valid.cstr/ramloop[6].ram.r/prim_noinit.ram/clkb
    RAMB36_X2Y10         RAMB36E1                                     r  frame_buffer/U0/inst_blk_mem_gen/gnbram.gnativebmg.native_blk_mem_gen/valid.cstr/ramloop[6].ram.r/prim_noinit.ram/DEVICE_7SERIES.NO_BMM_INFO.SDP.SIMPLE_PRIM36.ram/CLKBWRCLK
                         clock pessimism              0.484    38.974    
                         clock uncertainty           -0.104    38.871    
    RAMB36_X2Y10         RAMB36E1 (Setup_ramb36e1_CLKBWRCLK_ENBWREN)
                                                     -0.443    38.428    frame_buffer/U0/inst_blk_mem_gen/gnbram.gnativebmg.native_blk_mem_gen/valid.cstr/ramloop[6].ram.r/prim_noinit.ram/DEVICE_7SERIES.NO_BMM_INFO.SDP.SIMPLE_PRIM36.ram
  -------------------------------------------------------------------
                         required time                         38.428    
                         arrival time                          -6.215    
  -------------------------------------------------------------------
                         slack                                 32.212    

Slack (MET) :             32.261ns  (required time - arrival time)
  Source:                 vga/v_cnt_reg[1]/C
                            (rising edge-triggered cell FDRE clocked by clk_out1_clk_viz_1  {rise@0.000ns fall@20.000ns period=40.000ns})
  Destination:            frame_buffer/U0/inst_blk_mem_gen/gnbram.gnativebmg.native_blk_mem_gen/valid.cstr/ramloop[1].ram.r/prim_noinit.ram/DEVICE_7SERIES.NO_BMM_INFO.SDP.SIMPLE_PRIM18.ram/ADDRBWRADDR[13]
                            (rising edge-triggered cell RAMB18E1 clocked by clk_out1_clk_viz_1  {rise@0.000ns fall@20.000ns period=40.000ns})
  Path Group:             clk_out1_clk_viz_1
  Path Type:              Setup (Max at Slow Process Corner)
  Requirement:            40.000ns  (clk_out1_clk_viz_1 rise@40.000ns - clk_out1_clk_viz_1 rise@0.000ns)
  Data Path Delay:        6.808ns  (logic 2.267ns (33.301%)  route 4.541ns (66.699%))
  Logic Levels:           4  (CARRY4=3 LUT2=1)
  Clock Path Skew:        -0.079ns (DCD - SCD + CPR)
    Destination Clock Delay (DCD):    -1.512ns = ( 38.488 - 40.000 ) 
    Source Clock Delay      (SCD):    -0.950ns
    Clock Pessimism Removal (CPR):    0.484ns
  Clock Uncertainty:      0.104ns  ((TSJ^2 + DJ^2)^1/2) / 2 + PE
    Total System Jitter     (TSJ):    0.071ns
    Discrete Jitter          (DJ):    0.195ns
    Phase Error              (PE):    0.000ns

    Location             Delay type                Incr(ns)  Path(ns)    Netlist Resource(s)
  -------------------------------------------------------------------    -------------------
                         (clock clk_out1_clk_viz_1 rise edge)
                                                      0.000     0.000 r  
    W5                                                0.000     0.000 r  clk_100mhz (IN)
                         net (fo=0)                   0.000     0.000    instance_name/inst/clk_in1
    W5                   IBUF (Prop_ibuf_I_O)         1.458     1.458 r  instance_name/inst/clkin1_ibufg/O
                         net (fo=1, routed)           1.233     2.691    instance_name/inst/clk_in1_clk_viz
    MMCME2_ADV_X1Y0      MMCME2_ADV (Prop_mmcme2_adv_CLKIN1_CLKOUT0)
                                                     -6.961    -4.269 r  instance_name/inst/mmcm_adv_inst/CLKOUT0
                         net (fo=1, routed)           1.661    -2.608    instance_name/inst/clk_out1_clk_viz
    BUFGCTRL_X0Y1        BUFG (Prop_bufg_I_O)         0.096    -2.512 r  instance_name/inst/clkout1_buf/O
                         net (fo=83, routed)          1.562    -0.950    vga/CLK
    SLICE_X31Y38         FDRE                                         r  vga/v_cnt_reg[1]/C
  -------------------------------------------------------------------    -------------------
    SLICE_X31Y38         FDRE (Prop_fdre_C_Q)         0.456    -0.494 r  vga/v_cnt_reg[1]/Q
                         net (fo=12, routed)          0.671     0.178    vga/vga_y[1]
    SLICE_X30Y40         LUT2 (Prop_lut2_I1_O)        0.124     0.302 r  vga/frame_buffer_i_16/O
                         net (fo=1, routed)           0.000     0.302    vga/frame_buffer_i_16_n_0
    SLICE_X30Y40         CARRY4 (Prop_carry4_S[1]_CO[3])
                                                      0.533     0.835 r  vga/frame_buffer_i_6/CO[3]
                         net (fo=1, routed)           0.000     0.835    vga/frame_buffer_i_6_n_0
    SLICE_X30Y41         CARRY4 (Prop_carry4_CI_O[0])
                                                      0.219     1.054 r  vga/frame_buffer_i_5/O[0]
                         net (fo=1, routed)           0.589     1.642    vga/read_addr0[11]
    SLICE_X31Y41         CARRY4 (Prop_carry4_S[1]_O[3])
                                                      0.935     2.577 r  vga/frame_buffer_i_2/O[3]
                         net (fo=28, routed)          3.281     5.858    frame_buffer/U0/inst_blk_mem_gen/gnbram.gnativebmg.native_blk_mem_gen/valid.cstr/ramloop[1].ram.r/prim_noinit.ram/addrb[13]
    RAMB18_X1Y22         RAMB18E1                                     r  frame_buffer/U0/inst_blk_mem_gen/gnbram.gnativebmg.native_blk_mem_gen/valid.cstr/ramloop[1].ram.r/prim_noinit.ram/DEVICE_7SERIES.NO_BMM_INFO.SDP.SIMPLE_PRIM18.ram/ADDRBWRADDR[13]
  -------------------------------------------------------------------    -------------------

                         (clock clk_out1_clk_viz_1 rise edge)
                                                     40.000    40.000 r  
    W5                                                0.000    40.000 r  clk_100mhz (IN)
                         net (fo=0)                   0.000    40.000    instance_name/inst/clk_in1
    W5                   IBUF (Prop_ibuf_I_O)         1.388    41.388 r  instance_name/inst/clkin1_ibufg/O
                         net (fo=1, routed)           1.162    42.550    instance_name/inst/clk_in1_clk_viz
    MMCME2_ADV_X1Y0      MMCME2_ADV (Prop_mmcme2_adv_CLKIN1_CLKOUT0)
                                                     -7.217    35.332 r  instance_name/inst/mmcm_adv_inst/CLKOUT0
                         net (fo=1, routed)           1.581    36.914    instance_name/inst/clk_out1_clk_viz
    BUFGCTRL_X0Y1        BUFG (Prop_bufg_I_O)         0.091    37.005 r  instance_name/inst/clkout1_buf/O
                         net (fo=83, routed)          1.483    38.488    frame_buffer/U0/inst_blk_mem_gen/gnbram.gnativebmg.native_blk_mem_gen/valid.cstr/ramloop[1].ram.r/prim_noinit.ram/clkb
    RAMB18_X1Y22         RAMB18E1                                     r  frame_buffer/U0/inst_blk_mem_gen/gnbram.gnativebmg.native_blk_mem_gen/valid.cstr/ramloop[1].ram.r/prim_noinit.ram/DEVICE_7SERIES.NO_BMM_INFO.SDP.SIMPLE_PRIM18.ram/CLKBWRCLK
                         clock pessimism              0.484    38.971    
                         clock uncertainty           -0.104    38.868    
    RAMB18_X1Y22         RAMB18E1 (Setup_ramb18e1_CLKBWRCLK_ADDRBWRADDR[13])
                                                     -0.748    38.120    frame_buffer/U0/inst_blk_mem_gen/gnbram.gnativebmg.native_blk_mem_gen/valid.cstr/ramloop[1].ram.r/prim_noinit.ram/DEVICE_7SERIES.NO_BMM_INFO.SDP.SIMPLE_PRIM18.ram
  -------------------------------------------------------------------
                         required time                         38.120    
                         arrival time                          -5.858    
  -------------------------------------------------------------------
                         slack                                 32.261    

Slack (MET) :             32.390ns  (required time - arrival time)
  Source:                 vga/v_cnt_reg[1]/C
                            (rising edge-triggered cell FDRE clocked by clk_out1_clk_viz_1  {rise@0.000ns fall@20.000ns period=40.000ns})
  Destination:            frame_buffer/U0/inst_blk_mem_gen/gnbram.gnativebmg.native_blk_mem_gen/valid.cstr/ramloop[3].ram.r/prim_noinit.ram/DEVICE_7SERIES.NO_BMM_INFO.SDP.SIMPLE_PRIM36.ram/ENBWREN
                            (rising edge-triggered cell RAMB36E1 clocked by clk_out1_clk_viz_1  {rise@0.000ns fall@20.000ns period=40.000ns})
  Path Group:             clk_out1_clk_viz_1
  Path Type:              Setup (Max at Slow Process Corner)
  Requirement:            40.000ns  (clk_out1_clk_viz_1 rise@40.000ns - clk_out1_clk_viz_1 rise@0.000ns)
  Data Path Delay:        6.985ns  (logic 2.711ns (38.809%)  route 4.274ns (61.191%))
  Logic Levels:           6  (CARRY4=4 LUT2=1 LUT3=1)
  Clock Path Skew:        -0.078ns (DCD - SCD + CPR)
    Destination Clock Delay (DCD):    -1.511ns = ( 38.489 - 40.000 ) 
    Source Clock Delay      (SCD):    -0.950ns
    Clock Pessimism Removal (CPR):    0.484ns
  Clock Uncertainty:      0.104ns  ((TSJ^2 + DJ^2)^1/2) / 2 + PE
    Total System Jitter     (TSJ):    0.071ns
    Discrete Jitter          (DJ):    0.195ns
    Phase Error              (PE):    0.000ns

    Location             Delay type                Incr(ns)  Path(ns)    Netlist Resource(s)
  -------------------------------------------------------------------    -------------------
                         (clock clk_out1_clk_viz_1 rise edge)
                                                      0.000     0.000 r  
    W5                                                0.000     0.000 r  clk_100mhz (IN)
                         net (fo=0)                   0.000     0.000    instance_name/inst/clk_in1
    W5                   IBUF (Prop_ibuf_I_O)         1.458     1.458 r  instance_name/inst/clkin1_ibufg/O
                         net (fo=1, routed)           1.233     2.691    instance_name/inst/clk_in1_clk_viz
    MMCME2_ADV_X1Y0      MMCME2_ADV (Prop_mmcme2_adv_CLKIN1_CLKOUT0)
                                                     -6.961    -4.269 r  instance_name/inst/mmcm_adv_inst/CLKOUT0
                         net (fo=1, routed)           1.661    -2.608    instance_name/inst/clk_out1_clk_viz
    BUFGCTRL_X0Y1        BUFG (Prop_bufg_I_O)         0.096    -2.512 r  instance_name/inst/clkout1_buf/O
                         net (fo=83, routed)          1.562    -0.950    vga/CLK
    SLICE_X31Y38         FDRE                                         r  vga/v_cnt_reg[1]/C
  -------------------------------------------------------------------    -------------------
    SLICE_X31Y38         FDRE (Prop_fdre_C_Q)         0.456    -0.494 r  vga/v_cnt_reg[1]/Q
                         net (fo=12, routed)          0.671     0.178    vga/vga_y[1]
    SLICE_X30Y40         LUT2 (Prop_lut2_I1_O)        0.124     0.302 r  vga/frame_buffer_i_16/O
                         net (fo=1, routed)           0.000     0.302    vga/frame_buffer_i_16_n_0
    SLICE_X30Y40         CARRY4 (Prop_carry4_S[1]_CO[3])
                                                      0.533     0.835 r  vga/frame_buffer_i_6/CO[3]
                         net (fo=1, routed)           0.000     0.835    vga/frame_buffer_i_6_n_0
    SLICE_X30Y41         CARRY4 (Prop_carry4_CI_O[0])
                                                      0.219     1.054 r  vga/frame_buffer_i_5/O[0]
                         net (fo=1, routed)           0.589     1.642    vga/read_addr0[11]
    SLICE_X31Y41         CARRY4 (Prop_carry4_S[1]_CO[3])
                                                      0.845     2.487 r  vga/frame_buffer_i_2/CO[3]
                         net (fo=1, routed)           0.000     2.487    vga/frame_buffer_i_2_n_0
    SLICE_X31Y42         CARRY4 (Prop_carry4_CI_O[0])
                                                      0.235     2.722 f  vga/frame_buffer_i_1/O[0]
                         net (fo=27, routed)          2.663     5.386    frame_buffer/U0/inst_blk_mem_gen/gnbram.gnativebmg.native_blk_mem_gen/valid.cstr/addrb[14]
    SLICE_X48Y52         LUT3 (Prop_lut3_I1_O)        0.299     5.685 r  frame_buffer/U0/inst_blk_mem_gen/gnbram.gnativebmg.native_blk_mem_gen/valid.cstr/ramloop[1].ram.ram_enb/O
                         net (fo=2, routed)           0.351     6.036    frame_buffer/U0/inst_blk_mem_gen/gnbram.gnativebmg.native_blk_mem_gen/valid.cstr/ramloop[3].ram.r/prim_noinit.ram/ramloop[1].ram.ram_enb
    RAMB36_X1Y10         RAMB36E1                                     r  frame_buffer/U0/inst_blk_mem_gen/gnbram.gnativebmg.native_blk_mem_gen/valid.cstr/ramloop[3].ram.r/prim_noinit.ram/DEVICE_7SERIES.NO_BMM_INFO.SDP.SIMPLE_PRIM36.ram/ENBWREN
  -------------------------------------------------------------------    -------------------

                         (clock clk_out1_clk_viz_1 rise edge)
                                                     40.000    40.000 r  
    W5                                                0.000    40.000 r  clk_100mhz (IN)
                         net (fo=0)                   0.000    40.000    instance_name/inst/clk_in1
    W5                   IBUF (Prop_ibuf_I_O)         1.388    41.388 r  instance_name/inst/clkin1_ibufg/O
                         net (fo=1, routed)           1.162    42.550    instance_name/inst/clk_in1_clk_viz
    MMCME2_ADV_X1Y0      MMCME2_ADV (Prop_mmcme2_adv_CLKIN1_CLKOUT0)
                                                     -7.217    35.332 r  instance_name/inst/mmcm_adv_inst/CLKOUT0
                         net (fo=1, routed)           1.581    36.914    instance_name/inst/clk_out1_clk_viz
    BUFGCTRL_X0Y1        BUFG (Prop_bufg_I_O)         0.091    37.005 r  instance_name/inst/clkout1_buf/O
                         net (fo=83, routed)          1.484    38.489    frame_buffer/U0/inst_blk_mem_gen/gnbram.gnativebmg.native_blk_mem_gen/valid.cstr/ramloop[3].ram.r/prim_noinit.ram/clkb
    RAMB36_X1Y10         RAMB36E1                                     r  frame_buffer/U0/inst_blk_mem_gen/gnbram.gnativebmg.native_blk_mem_gen/valid.cstr/ramloop[3].ram.r/prim_noinit.ram/DEVICE_7SERIES.NO_BMM_INFO.SDP.SIMPLE_PRIM36.ram/CLKBWRCLK
                         clock pessimism              0.484    38.972    
                         clock uncertainty           -0.104    38.869    
    RAMB36_X1Y10         RAMB36E1 (Setup_ramb36e1_CLKBWRCLK_ENBWREN)
                                                     -0.443    38.426    frame_buffer/U0/inst_blk_mem_gen/gnbram.gnativebmg.native_blk_mem_gen/valid.cstr/ramloop[3].ram.r/prim_noinit.ram/DEVICE_7SERIES.NO_BMM_INFO.SDP.SIMPLE_PRIM36.ram
  -------------------------------------------------------------------
                         required time                         38.426    
                         arrival time                          -6.036    
  -------------------------------------------------------------------
                         slack                                 32.390    

Slack (MET) :             32.420ns  (required time - arrival time)
  Source:                 vga/v_cnt_reg[1]/C
                            (rising edge-triggered cell FDRE clocked by clk_out1_clk_viz_1  {rise@0.000ns fall@20.000ns period=40.000ns})
  Destination:            frame_buffer/U0/inst_blk_mem_gen/gnbram.gnativebmg.native_blk_mem_gen/valid.cstr/ramloop[10].ram.r/prim_noinit.ram/DEVICE_7SERIES.NO_BMM_INFO.SDP.SIMPLE_PRIM36.ram/ADDRBWRADDR[14]
                            (rising edge-triggered cell RAMB36E1 clocked by clk_out1_clk_viz_1  {rise@0.000ns fall@20.000ns period=40.000ns})
  Path Group:             clk_out1_clk_viz_1
  Path Type:              Setup (Max at Slow Process Corner)
  Requirement:            40.000ns  (clk_out1_clk_viz_1 rise@40.000ns - clk_out1_clk_viz_1 rise@0.000ns)
  Data Path Delay:        6.671ns  (logic 2.194ns (32.886%)  route 4.477ns (67.114%))
  Logic Levels:           4  (CARRY4=3 LUT2=1)
  Clock Path Skew:        -0.060ns (DCD - SCD + CPR)
    Destination Clock Delay (DCD):    -1.501ns = ( 38.499 - 40.000 ) 
    Source Clock Delay      (SCD):    -0.950ns
    Clock Pessimism Removal (CPR):    0.492ns
  Clock Uncertainty:      0.104ns  ((TSJ^2 + DJ^2)^1/2) / 2 + PE
    Total System Jitter     (TSJ):    0.071ns
    Discrete Jitter          (DJ):    0.195ns
    Phase Error              (PE):    0.000ns

    Location             Delay type                Incr(ns)  Path(ns)    Netlist Resource(s)
  -------------------------------------------------------------------    -------------------
                         (clock clk_out1_clk_viz_1 rise edge)
                                                      0.000     0.000 r  
    W5                                                0.000     0.000 r  clk_100mhz (IN)
                         net (fo=0)                   0.000     0.000    instance_name/inst/clk_in1
    W5                   IBUF (Prop_ibuf_I_O)         1.458     1.458 r  instance_name/inst/clkin1_ibufg/O
                         net (fo=1, routed)           1.233     2.691    instance_name/inst/clk_in1_clk_viz
    MMCME2_ADV_X1Y0      MMCME2_ADV (Prop_mmcme2_adv_CLKIN1_CLKOUT0)
                                                     -6.961    -4.269 r  instance_name/inst/mmcm_adv_inst/CLKOUT0
                         net (fo=1, routed)           1.661    -2.608    instance_name/inst/clk_out1_clk_viz
    BUFGCTRL_X0Y1        BUFG (Prop_bufg_I_O)         0.096    -2.512 r  instance_name/inst/clkout1_buf/O
                         net (fo=83, routed)          1.562    -0.950    vga/CLK
    SLICE_X31Y38         FDRE                                         r  vga/v_cnt_reg[1]/C
  -------------------------------------------------------------------    -------------------
    SLICE_X31Y38         FDRE (Prop_fdre_C_Q)         0.456    -0.494 r  vga/v_cnt_reg[1]/Q
                         net (fo=12, routed)          0.671     0.178    vga/vga_y[1]
    SLICE_X30Y40         LUT2 (Prop_lut2_I1_O)        0.124     0.302 r  vga/frame_buffer_i_16/O
                         net (fo=1, routed)           0.000     0.302    vga/frame_buffer_i_16_n_0
    SLICE_X30Y40         CARRY4 (Prop_carry4_S[1]_O[2])
                                                      0.578     0.880 r  vga/frame_buffer_i_6/O[2]
                         net (fo=1, routed)           0.488     1.368    vga/read_addr0[9]
    SLICE_X31Y40         CARRY4 (Prop_carry4_S[3]_CO[3])
                                                      0.702     2.070 r  vga/frame_buffer_i_3/CO[3]
                         net (fo=1, routed)           0.000     2.070    vga/frame_buffer_i_3_n_0
    SLICE_X31Y41         CARRY4 (Prop_carry4_CI_O[1])
                                                      0.334     2.404 r  vga/frame_buffer_i_2/O[1]
                         net (fo=27, routed)          3.318     5.722    frame_buffer/U0/inst_blk_mem_gen/gnbram.gnativebmg.native_blk_mem_gen/valid.cstr/ramloop[10].ram.r/prim_noinit.ram/addrb[11]
    RAMB36_X2Y8          RAMB36E1                                     r  frame_buffer/U0/inst_blk_mem_gen/gnbram.gnativebmg.native_blk_mem_gen/valid.cstr/ramloop[10].ram.r/prim_noinit.ram/DEVICE_7SERIES.NO_BMM_INFO.SDP.SIMPLE_PRIM36.ram/ADDRBWRADDR[14]
  -------------------------------------------------------------------    -------------------

                         (clock clk_out1_clk_viz_1 rise edge)
                                                     40.000    40.000 r  
    W5                                                0.000    40.000 r  clk_100mhz (IN)
                         net (fo=0)                   0.000    40.000    instance_name/inst/clk_in1
    W5                   IBUF (Prop_ibuf_I_O)         1.388    41.388 r  instance_name/inst/clkin1_ibufg/O
                         net (fo=1, routed)           1.162    42.550    instance_name/inst/clk_in1_clk_viz
    MMCME2_ADV_X1Y0      MMCME2_ADV (Prop_mmcme2_adv_CLKIN1_CLKOUT0)
                                                     -7.217    35.332 r  instance_name/inst/mmcm_adv_inst/CLKOUT0
                         net (fo=1, routed)           1.581    36.914    instance_name/inst/clk_out1_clk_viz
    BUFGCTRL_X0Y1        BUFG (Prop_bufg_I_O)         0.091    37.005 r  instance_name/inst/clkout1_buf/O
                         net (fo=83, routed)          1.495    38.499    frame_buffer/U0/inst_blk_mem_gen/gnbram.gnativebmg.native_blk_mem_gen/valid.cstr/ramloop[10].ram.r/prim_noinit.ram/clkb
    RAMB36_X2Y8          RAMB36E1                                     r  frame_buffer/U0/inst_blk_mem_gen/gnbram.gnativebmg.native_blk_mem_gen/valid.cstr/ramloop[10].ram.r/prim_noinit.ram/DEVICE_7SERIES.NO_BMM_INFO.SDP.SIMPLE_PRIM36.ram/CLKBWRCLK
                         clock pessimism              0.492    38.991    
                         clock uncertainty           -0.104    38.887    
    RAMB36_X2Y8          RAMB36E1 (Setup_ramb36e1_CLKBWRCLK_ADDRBWRADDR[14])
                                                     -0.745    38.142    frame_buffer/U0/inst_blk_mem_gen/gnbram.gnativebmg.native_blk_mem_gen/valid.cstr/ramloop[10].ram.r/prim_noinit.ram/DEVICE_7SERIES.NO_BMM_INFO.SDP.SIMPLE_PRIM36.ram
  -------------------------------------------------------------------
                         required time                         38.142    
                         arrival time                          -5.722    
  -------------------------------------------------------------------
                         slack                                 32.420    





Min Delay Paths
--------------------------------------------------------------------------------------
Slack (MET) :             0.174ns  (arrival time - required time)
  Source:                 vga/h_cnt_reg[1]/C
                            (rising edge-triggered cell FDRE clocked by clk_out1_clk_viz_1  {rise@0.000ns fall@20.000ns period=40.000ns})
  Destination:            vga/h_cnt_reg[3]/D
                            (rising edge-triggered cell FDRE clocked by clk_out1_clk_viz_1  {rise@0.000ns fall@20.000ns period=40.000ns})
  Path Group:             clk_out1_clk_viz_1
  Path Type:              Hold (Min at Fast Process Corner)
  Requirement:            0.000ns  (clk_out1_clk_viz_1 rise@0.000ns - clk_out1_clk_viz_1 rise@0.000ns)
  Data Path Delay:        0.307ns  (logic 0.186ns (60.498%)  route 0.121ns (39.502%))
  Logic Levels:           1  (LUT4=1)
  Clock Path Skew:        0.013ns (DCD - SCD - CPR)
    Destination Clock Delay (DCD):    -0.860ns
    Source Clock Delay      (SCD):    -0.620ns
    Clock Pessimism Removal (CPR):    -0.252ns

    Location             Delay type                Incr(ns)  Path(ns)    Netlist Resource(s)
  -------------------------------------------------------------------    -------------------
                         (clock clk_out1_clk_viz_1 rise edge)
                                                      0.000     0.000 r  
    W5                                                0.000     0.000 r  clk_100mhz (IN)
                         net (fo=0)                   0.000     0.000    instance_name/inst/clk_in1
    W5                   IBUF (Prop_ibuf_I_O)         0.226     0.226 r  instance_name/inst/clkin1_ibufg/O
                         net (fo=1, routed)           0.440     0.667    instance_name/inst/clk_in1_clk_viz
    MMCME2_ADV_X1Y0      MMCME2_ADV (Prop_mmcme2_adv_CLKIN1_CLKOUT0)
                                                     -2.360    -1.693 r  instance_name/inst/mmcm_adv_inst/CLKOUT0
                         net (fo=1, routed)           0.486    -1.207    instance_name/inst/clk_out1_clk_viz
    BUFGCTRL_X0Y1        BUFG (Prop_bufg_I_O)         0.026    -1.181 r  instance_name/inst/clkout1_buf/O
                         net (fo=83, routed)          0.561    -0.620    vga/CLK
    SLICE_X35Y40         FDRE                                         r  vga/h_cnt_reg[1]/C
  -------------------------------------------------------------------    -------------------
    SLICE_X35Y40         FDRE (Prop_fdre_C_Q)         0.141    -0.479 r  vga/h_cnt_reg[1]/Q
                         net (fo=34, routed)          0.121    -0.358    vga/Q[0]
    SLICE_X34Y40         LUT4 (Prop_lut4_I1_O)        0.045    -0.313 r  vga/h_cnt[3]_i_1/O
                         net (fo=1, routed)           0.000    -0.313    vga/h_cnt[3]_i_1_n_0
    SLICE_X34Y40         FDRE                                         r  vga/h_cnt_reg[3]/D
  -------------------------------------------------------------------    -------------------

                         (clock clk_out1_clk_viz_1 rise edge)
                                                      0.000     0.000 r  
    W5                                                0.000     0.000 r  clk_100mhz (IN)
                         net (fo=0)                   0.000     0.000    instance_name/inst/clk_in1
    W5                   IBUF (Prop_ibuf_I_O)         0.414     0.414 r  instance_name/inst/clkin1_ibufg/O
                         net (fo=1, routed)           0.480     0.894    instance_name/inst/clk_in1_clk_viz
    MMCME2_ADV_X1Y0      MMCME2_ADV (Prop_mmcme2_adv_CLKIN1_CLKOUT0)
                                                     -3.142    -2.248 r  instance_name/inst/mmcm_adv_inst/CLKOUT0
                         net (fo=1, routed)           0.530    -1.718    instance_name/inst/clk_out1_clk_viz
    BUFGCTRL_X0Y1        BUFG (Prop_bufg_I_O)         0.029    -1.689 r  instance_name/inst/clkout1_buf/O
                         net (fo=83, routed)          0.830    -0.860    vga/CLK
    SLICE_X34Y40         FDRE                                         r  vga/h_cnt_reg[3]/C
                         clock pessimism              0.252    -0.607    
    SLICE_X34Y40         FDRE (Hold_fdre_C_D)         0.120    -0.487    vga/h_cnt_reg[3]
  -------------------------------------------------------------------
                         required time                          0.487    
                         arrival time                          -0.313    
  -------------------------------------------------------------------
                         slack                                  0.174    

Slack (MET) :             0.176ns  (arrival time - required time)
  Source:                 config_unit/sccb/clk_divider_reg[6]/C
                            (rising edge-triggered cell FDRE clocked by clk_out1_clk_viz_1  {rise@0.000ns fall@20.000ns period=40.000ns})
  Destination:            config_unit/sccb/sccb_clk_reg/D
                            (rising edge-triggered cell FDRE clocked by clk_out1_clk_viz_1  {rise@0.000ns fall@20.000ns period=40.000ns})
  Path Group:             clk_out1_clk_viz_1
  Path Type:              Hold (Min at Fast Process Corner)
  Requirement:            0.000ns  (clk_out1_clk_viz_1 rise@0.000ns - clk_out1_clk_viz_1 rise@0.000ns)
  Data Path Delay:        0.281ns  (logic 0.209ns (74.295%)  route 0.072ns (25.705%))
  Logic Levels:           1  (LUT5=1)
  Clock Path Skew:        0.013ns (DCD - SCD - CPR)
    Destination Clock Delay (DCD):    -0.823ns
    Source Clock Delay      (SCD):    -0.585ns
    Clock Pessimism Removal (CPR):    -0.250ns

    Location             Delay type                Incr(ns)  Path(ns)    Netlist Resource(s)
  -------------------------------------------------------------------    -------------------
                         (clock clk_out1_clk_viz_1 rise edge)
                                                      0.000     0.000 r  
    W5                                                0.000     0.000 r  clk_100mhz (IN)
                         net (fo=0)                   0.000     0.000    instance_name/inst/clk_in1
    W5                   IBUF (Prop_ibuf_I_O)         0.226     0.226 r  instance_name/inst/clkin1_ibufg/O
                         net (fo=1, routed)           0.440     0.667    instance_name/inst/clk_in1_clk_viz
    MMCME2_ADV_X1Y0      MMCME2_ADV (Prop_mmcme2_adv_CLKIN1_CLKOUT0)
                                                     -2.360    -1.693 r  instance_name/inst/mmcm_adv_inst/CLKOUT0
                         net (fo=1, routed)           0.486    -1.207    instance_name/inst/clk_out1_clk_viz
    BUFGCTRL_X0Y1        BUFG (Prop_bufg_I_O)         0.026    -1.181 r  instance_name/inst/clkout1_buf/O
                         net (fo=83, routed)          0.596    -0.585    config_unit/sccb/CLK
    SLICE_X2Y2           FDRE                                         r  config_unit/sccb/clk_divider_reg[6]/C
  -------------------------------------------------------------------    -------------------
    SLICE_X2Y2           FDRE (Prop_fdre_C_Q)         0.164    -0.421 r  config_unit/sccb/clk_divider_reg[6]/Q
                         net (fo=4, routed)           0.072    -0.349    config_unit/sccb/clk_divider[6]
    SLICE_X3Y2           LUT5 (Prop_lut5_I1_O)        0.045    -0.304 r  config_unit/sccb/sccb_clk_i_1/O
                         net (fo=1, routed)           0.000    -0.304    config_unit/sccb/sccb_clk_i_1_n_0
    SLICE_X3Y2           FDRE                                         r  config_unit/sccb/sccb_clk_reg/D
  -------------------------------------------------------------------    -------------------

                         (clock clk_out1_clk_viz_1 rise edge)
                                                      0.000     0.000 r  
    W5                                                0.000     0.000 r  clk_100mhz (IN)
                         net (fo=0)                   0.000     0.000    instance_name/inst/clk_in1
    W5                   IBUF (Prop_ibuf_I_O)         0.414     0.414 r  instance_name/inst/clkin1_ibufg/O
                         net (fo=1, routed)           0.480     0.894    instance_name/inst/clk_in1_clk_viz
    MMCME2_ADV_X1Y0      MMCME2_ADV (Prop_mmcme2_adv_CLKIN1_CLKOUT0)
                                                     -3.142    -2.248 r  instance_name/inst/mmcm_adv_inst/CLKOUT0
                         net (fo=1, routed)           0.530    -1.718    instance_name/inst/clk_out1_clk_viz
    BUFGCTRL_X0Y1        BUFG (Prop_bufg_I_O)         0.029    -1.689 r  instance_name/inst/clkout1_buf/O
                         net (fo=83, routed)          0.867    -0.823    config_unit/sccb/CLK
    SLICE_X3Y2           FDRE                                         r  config_unit/sccb/sccb_clk_reg/C
                         clock pessimism              0.250    -0.572    
    SLICE_X3Y2           FDRE (Hold_fdre_C_D)         0.092    -0.480    config_unit/sccb/sccb_clk_reg
  -------------------------------------------------------------------
                         required time                          0.480    
                         arrival time                          -0.304    
  -------------------------------------------------------------------
                         slack                                  0.176    

Slack (MET) :             0.176ns  (arrival time - required time)
  Source:                 vga/h_cnt_reg[4]/C
                            (rising edge-triggered cell FDRE clocked by clk_out1_clk_viz_1  {rise@0.000ns fall@20.000ns period=40.000ns})
  Destination:            vga/h_cnt_reg[5]/D
                            (rising edge-triggered cell FDRE clocked by clk_out1_clk_viz_1  {rise@0.000ns fall@20.000ns period=40.000ns})
  Path Group:             clk_out1_clk_viz_1
  Path Type:              Hold (Min at Fast Process Corner)
  Requirement:            0.000ns  (clk_out1_clk_viz_1 rise@0.000ns - clk_out1_clk_viz_1 rise@0.000ns)
  Data Path Delay:        0.281ns  (logic 0.209ns (74.270%)  route 0.072ns (25.730%))
  Logic Levels:           1  (LUT6=1)
  Clock Path Skew:        0.013ns (DCD - SCD - CPR)
    Destination Clock Delay (DCD):    -0.860ns
    Source Clock Delay      (SCD):    -0.620ns
    Clock Pessimism Removal (CPR):    -0.252ns

    Location             Delay type                Incr(ns)  Path(ns)    Netlist Resource(s)
  -------------------------------------------------------------------    -------------------
                         (clock clk_out1_clk_viz_1 rise edge)
                                                      0.000     0.000 r  
    W5                                                0.000     0.000 r  clk_100mhz (IN)
                         net (fo=0)                   0.000     0.000    instance_name/inst/clk_in1
    W5                   IBUF (Prop_ibuf_I_O)         0.226     0.226 r  instance_name/inst/clkin1_ibufg/O
                         net (fo=1, routed)           0.440     0.667    instance_name/inst/clk_in1_clk_viz
    MMCME2_ADV_X1Y0      MMCME2_ADV (Prop_mmcme2_adv_CLKIN1_CLKOUT0)
                                                     -2.360    -1.693 r  instance_name/inst/mmcm_adv_inst/CLKOUT0
                         net (fo=1, routed)           0.486    -1.207    instance_name/inst/clk_out1_clk_viz
    BUFGCTRL_X0Y1        BUFG (Prop_bufg_I_O)         0.026    -1.181 r  instance_name/inst/clkout1_buf/O
                         net (fo=83, routed)          0.561    -0.620    vga/CLK
    SLICE_X34Y40         FDRE                                         r  vga/h_cnt_reg[4]/C
  -------------------------------------------------------------------    -------------------
    SLICE_X34Y40         FDRE (Prop_fdre_C_Q)         0.164    -0.456 r  vga/h_cnt_reg[4]/Q
                         net (fo=34, routed)          0.072    -0.384    vga/Q[3]
    SLICE_X35Y40         LUT6 (Prop_lut6_I5_O)        0.045    -0.339 r  vga/h_cnt[5]_i_1/O
                         net (fo=1, routed)           0.000    -0.339    vga/h_cnt[5]_i_1_n_0
    SLICE_X35Y40         FDRE                                         r  vga/h_cnt_reg[5]/D
  -------------------------------------------------------------------    -------------------

                         (clock clk_out1_clk_viz_1 rise edge)
                                                      0.000     0.000 r  
    W5                                                0.000     0.000 r  clk_100mhz (IN)
                         net (fo=0)                   0.000     0.000    instance_name/inst/clk_in1
    W5                   IBUF (Prop_ibuf_I_O)         0.414     0.414 r  instance_name/inst/clkin1_ibufg/O
                         net (fo=1, routed)           0.480     0.894    instance_name/inst/clk_in1_clk_viz
    MMCME2_ADV_X1Y0      MMCME2_ADV (Prop_mmcme2_adv_CLKIN1_CLKOUT0)
                                                     -3.142    -2.248 r  instance_name/inst/mmcm_adv_inst/CLKOUT0
                         net (fo=1, routed)           0.530    -1.718    instance_name/inst/clk_out1_clk_viz
    BUFGCTRL_X0Y1        BUFG (Prop_bufg_I_O)         0.029    -1.689 r  instance_name/inst/clkout1_buf/O
                         net (fo=83, routed)          0.830    -0.860    vga/CLK
    SLICE_X35Y40         FDRE                                         r  vga/h_cnt_reg[5]/C
                         clock pessimism              0.252    -0.607    
    SLICE_X35Y40         FDRE (Hold_fdre_C_D)         0.092    -0.515    vga/h_cnt_reg[5]
  -------------------------------------------------------------------
                         required time                          0.515    
                         arrival time                          -0.339    
  -------------------------------------------------------------------
                         slack                                  0.176    

Slack (MET) :             0.177ns  (arrival time - required time)
  Source:                 vga/h_cnt_reg[1]/C
                            (rising edge-triggered cell FDRE clocked by clk_out1_clk_viz_1  {rise@0.000ns fall@20.000ns period=40.000ns})
  Destination:            vga/h_cnt_reg[4]/D
                            (rising edge-triggered cell FDRE clocked by clk_out1_clk_viz_1  {rise@0.000ns fall@20.000ns period=40.000ns})
  Path Group:             clk_out1_clk_viz_1
  Path Type:              Hold (Min at Fast Process Corner)
  Requirement:            0.000ns  (clk_out1_clk_viz_1 rise@0.000ns - clk_out1_clk_viz_1 rise@0.000ns)
  Data Path Delay:        0.311ns  (logic 0.186ns (59.721%)  route 0.125ns (40.279%))
  Logic Levels:           1  (LUT5=1)
  Clock Path Skew:        0.013ns (DCD - SCD - CPR)
    Destination Clock Delay (DCD):    -0.860ns
    Source Clock Delay      (SCD):    -0.620ns
    Clock Pessimism Removal (CPR):    -0.252ns

    Location             Delay type                Incr(ns)  Path(ns)    Netlist Resource(s)
  -------------------------------------------------------------------    -------------------
                         (clock clk_out1_clk_viz_1 rise edge)
                                                      0.000     0.000 r  
    W5                                                0.000     0.000 r  clk_100mhz (IN)
                         net (fo=0)                   0.000     0.000    instance_name/inst/clk_in1
    W5                   IBUF (Prop_ibuf_I_O)         0.226     0.226 r  instance_name/inst/clkin1_ibufg/O
                         net (fo=1, routed)           0.440     0.667    instance_name/inst/clk_in1_clk_viz
    MMCME2_ADV_X1Y0      MMCME2_ADV (Prop_mmcme2_adv_CLKIN1_CLKOUT0)
                                                     -2.360    -1.693 r  instance_name/inst/mmcm_adv_inst/CLKOUT0
                         net (fo=1, routed)           0.486    -1.207    instance_name/inst/clk_out1_clk_viz
    BUFGCTRL_X0Y1        BUFG (Prop_bufg_I_O)         0.026    -1.181 r  instance_name/inst/clkout1_buf/O
                         net (fo=83, routed)          0.561    -0.620    vga/CLK
    SLICE_X35Y40         FDRE                                         r  vga/h_cnt_reg[1]/C
  -------------------------------------------------------------------    -------------------
    SLICE_X35Y40         FDRE (Prop_fdre_C_Q)         0.141    -0.479 r  vga/h_cnt_reg[1]/Q
                         net (fo=34, routed)          0.125    -0.354    vga/Q[0]
    SLICE_X34Y40         LUT5 (Prop_lut5_I3_O)        0.045    -0.309 r  vga/h_cnt[4]_i_1/O
                         net (fo=1, routed)           0.000    -0.309    vga/h_cnt[4]_i_1_n_0
    SLICE_X34Y40         FDRE                                         r  vga/h_cnt_reg[4]/D
  -------------------------------------------------------------------    -------------------

                         (clock clk_out1_clk_viz_1 rise edge)
                                                      0.000     0.000 r  
    W5                                                0.000     0.000 r  clk_100mhz (IN)
                         net (fo=0)                   0.000     0.000    instance_name/inst/clk_in1
    W5                   IBUF (Prop_ibuf_I_O)         0.414     0.414 r  instance_name/inst/clkin1_ibufg/O
                         net (fo=1, routed)           0.480     0.894    instance_name/inst/clk_in1_clk_viz
    MMCME2_ADV_X1Y0      MMCME2_ADV (Prop_mmcme2_adv_CLKIN1_CLKOUT0)
                                                     -3.142    -2.248 r  instance_name/inst/mmcm_adv_inst/CLKOUT0
                         net (fo=1, routed)           0.530    -1.718    instance_name/inst/clk_out1_clk_viz
    BUFGCTRL_X0Y1        BUFG (Prop_bufg_I_O)         0.029    -1.689 r  instance_name/inst/clkout1_buf/O
                         net (fo=83, routed)          0.830    -0.860    vga/CLK
    SLICE_X34Y40         FDRE                                         r  vga/h_cnt_reg[4]/C
                         clock pessimism              0.252    -0.607    
    SLICE_X34Y40         FDRE (Hold_fdre_C_D)         0.121    -0.486    vga/h_cnt_reg[4]
  -------------------------------------------------------------------
                         required time                          0.486    
                         arrival time                          -0.309    
  -------------------------------------------------------------------
                         slack                                  0.177    

Slack (MET) :             0.199ns  (arrival time - required time)
  Source:                 frame_buffer/U0/inst_blk_mem_gen/gnbram.gnativebmg.native_blk_mem_gen/valid.cstr/has_mux_b.B/no_softecc_sel_reg.ce_pri.sel_pipe_reg[4]/C
                            (rising edge-triggered cell FDRE clocked by clk_out1_clk_viz_1  {rise@0.000ns fall@20.000ns period=40.000ns})
  Destination:            frame_buffer/U0/inst_blk_mem_gen/gnbram.gnativebmg.native_blk_mem_gen/valid.cstr/has_mux_b.B/no_softecc_gmuxr.ce_pri.dout_i_reg[1]/D
                            (rising edge-triggered cell FDRE clocked by clk_out1_clk_viz_1  {rise@0.000ns fall@20.000ns period=40.000ns})
  Path Group:             clk_out1_clk_viz_1
  Path Type:              Hold (Min at Fast Process Corner)
  Requirement:            0.000ns  (clk_out1_clk_viz_1 rise@0.000ns - clk_out1_clk_viz_1 rise@0.000ns)
  Data Path Delay:        0.307ns  (logic 0.186ns (60.604%)  route 0.121ns (39.396%))
  Logic Levels:           1  (LUT5=1)
  Clock Path Skew:        0.016ns (DCD - SCD - CPR)
    Destination Clock Delay (DCD):    -0.859ns
    Source Clock Delay      (SCD):    -0.619ns
    Clock Pessimism Removal (CPR):    -0.255ns

    Location             Delay type                Incr(ns)  Path(ns)    Netlist Resource(s)
  -------------------------------------------------------------------    -------------------
                         (clock clk_out1_clk_viz_1 rise edge)
                                                      0.000     0.000 r  
    W5                                                0.000     0.000 r  clk_100mhz (IN)
                         net (fo=0)                   0.000     0.000    instance_name/inst/clk_in1
    W5                   IBUF (Prop_ibuf_I_O)         0.226     0.226 r  instance_name/inst/clkin1_ibufg/O
                         net (fo=1, routed)           0.440     0.667    instance_name/inst/clk_in1_clk_viz
    MMCME2_ADV_X1Y0      MMCME2_ADV (Prop_mmcme2_adv_CLKIN1_CLKOUT0)
                                                     -2.360    -1.693 r  instance_name/inst/mmcm_adv_inst/CLKOUT0
                         net (fo=1, routed)           0.486    -1.207    instance_name/inst/clk_out1_clk_viz
    BUFGCTRL_X0Y1        BUFG (Prop_bufg_I_O)         0.026    -1.181 r  instance_name/inst/clkout1_buf/O
                         net (fo=83, routed)          0.562    -0.619    frame_buffer/U0/inst_blk_mem_gen/gnbram.gnativebmg.native_blk_mem_gen/valid.cstr/has_mux_b.B/clkb
    SLICE_X31Y42         FDRE                                         r  frame_buffer/U0/inst_blk_mem_gen/gnbram.gnativebmg.native_blk_mem_gen/valid.cstr/has_mux_b.B/no_softecc_sel_reg.ce_pri.sel_pipe_reg[4]/C
  -------------------------------------------------------------------    -------------------
    SLICE_X31Y42         FDRE (Prop_fdre_C_Q)         0.141    -0.478 r  frame_buffer/U0/inst_blk_mem_gen/gnbram.gnativebmg.native_blk_mem_gen/valid.cstr/has_mux_b.B/no_softecc_sel_reg.ce_pri.sel_pipe_reg[4]/Q
                         net (fo=12, routed)          0.121    -0.357    frame_buffer/U0/inst_blk_mem_gen/gnbram.gnativebmg.native_blk_mem_gen/valid.cstr/has_mux_b.B/sel_pipe[4]
    SLICE_X32Y41         LUT5 (Prop_lut5_I3_O)        0.045    -0.312 r  frame_buffer/U0/inst_blk_mem_gen/gnbram.gnativebmg.native_blk_mem_gen/valid.cstr/has_mux_b.B/no_softecc_gmuxr.ce_pri.dout_i[1]_i_1/O
                         net (fo=1, routed)           0.000    -0.312    frame_buffer/U0/inst_blk_mem_gen/gnbram.gnativebmg.native_blk_mem_gen/valid.cstr/has_mux_b.B/din_2D[31]_0[1]
    SLICE_X32Y41         FDRE                                         r  frame_buffer/U0/inst_blk_mem_gen/gnbram.gnativebmg.native_blk_mem_gen/valid.cstr/has_mux_b.B/no_softecc_gmuxr.ce_pri.dout_i_reg[1]/D
  -------------------------------------------------------------------    -------------------

                         (clock clk_out1_clk_viz_1 rise edge)
                                                      0.000     0.000 r  
    W5                                                0.000     0.000 r  clk_100mhz (IN)
                         net (fo=0)                   0.000     0.000    instance_name/inst/clk_in1
    W5                   IBUF (Prop_ibuf_I_O)         0.414     0.414 r  instance_name/inst/clkin1_ibufg/O
                         net (fo=1, routed)           0.480     0.894    instance_name/inst/clk_in1_clk_viz
    MMCME2_ADV_X1Y0      MMCME2_ADV (Prop_mmcme2_adv_CLKIN1_CLKOUT0)
                                                     -3.142    -2.248 r  instance_name/inst/mmcm_adv_inst/CLKOUT0
                         net (fo=1, routed)           0.530    -1.718    instance_name/inst/clk_out1_clk_viz
    BUFGCTRL_X0Y1        BUFG (Prop_bufg_I_O)         0.029    -1.689 r  instance_name/inst/clkout1_buf/O
                         net (fo=83, routed)          0.831    -0.859    frame_buffer/U0/inst_blk_mem_gen/gnbram.gnativebmg.native_blk_mem_gen/valid.cstr/has_mux_b.B/clkb
    SLICE_X32Y41         FDRE                                         r  frame_buffer/U0/inst_blk_mem_gen/gnbram.gnativebmg.native_blk_mem_gen/valid.cstr/has_mux_b.B/no_softecc_gmuxr.ce_pri.dout_i_reg[1]/C
                         clock pessimism              0.255    -0.603    
    SLICE_X32Y41         FDRE (Hold_fdre_C_D)         0.092    -0.511    frame_buffer/U0/inst_blk_mem_gen/gnbram.gnativebmg.native_blk_mem_gen/valid.cstr/has_mux_b.B/no_softecc_gmuxr.ce_pri.dout_i_reg[1]
  -------------------------------------------------------------------
                         required time                          0.511    
                         arrival time                          -0.312    
  -------------------------------------------------------------------
                         slack                                  0.199    

Slack (MET) :             0.211ns  (arrival time - required time)
  Source:                 config_unit/rom_addr_reg[4]/C
                            (rising edge-triggered cell FDRE clocked by clk_out1_clk_viz_1  {rise@0.000ns fall@20.000ns period=40.000ns})
  Destination:            config_unit/rom_addr_reg[5]/D
                            (rising edge-triggered cell FDRE clocked by clk_out1_clk_viz_1  {rise@0.000ns fall@20.000ns period=40.000ns})
  Path Group:             clk_out1_clk_viz_1
  Path Type:              Hold (Min at Fast Process Corner)
  Requirement:            0.000ns  (clk_out1_clk_viz_1 rise@0.000ns - clk_out1_clk_viz_1 rise@0.000ns)
  Data Path Delay:        0.332ns  (logic 0.246ns (74.200%)  route 0.086ns (25.800%))
  Logic Levels:           1  (LUT6=1)
  Clock Path Skew:        0.000ns (DCD - SCD - CPR)
    Destination Clock Delay (DCD):    -0.824ns
    Source Clock Delay      (SCD):    -0.586ns
    Clock Pessimism Removal (CPR):    -0.237ns

    Location             Delay type                Incr(ns)  Path(ns)    Netlist Resource(s)
  -------------------------------------------------------------------    -------------------
                         (clock clk_out1_clk_viz_1 rise edge)
                                                      0.000     0.000 r  
    W5                                                0.000     0.000 r  clk_100mhz (IN)
                         net (fo=0)                   0.000     0.000    instance_name/inst/clk_in1
    W5                   IBUF (Prop_ibuf_I_O)         0.226     0.226 r  instance_name/inst/clkin1_ibufg/O
                         net (fo=1, routed)           0.440     0.667    instance_name/inst/clk_in1_clk_viz
    MMCME2_ADV_X1Y0      MMCME2_ADV (Prop_mmcme2_adv_CLKIN1_CLKOUT0)
                                                     -2.360    -1.693 r  instance_name/inst/mmcm_adv_inst/CLKOUT0
                         net (fo=1, routed)           0.486    -1.207    instance_name/inst/clk_out1_clk_viz
    BUFGCTRL_X0Y1        BUFG (Prop_bufg_I_O)         0.026    -1.181 r  instance_name/inst/clkout1_buf/O
                         net (fo=83, routed)          0.595    -0.586    config_unit/CLK
    SLICE_X2Y5           FDRE                                         r  config_unit/rom_addr_reg[4]/C
  -------------------------------------------------------------------    -------------------
    SLICE_X2Y5           FDRE (Prop_fdre_C_Q)         0.148    -0.438 r  config_unit/rom_addr_reg[4]/Q
                         net (fo=5, routed)           0.086    -0.353    config_unit/rom_addr_reg[4]
    SLICE_X2Y5           LUT6 (Prop_lut6_I5_O)        0.098    -0.255 r  config_unit/rom_addr[5]_i_1/O
                         net (fo=1, routed)           0.000    -0.255    config_unit/p_0_in[5]
    SLICE_X2Y5           FDRE                                         r  config_unit/rom_addr_reg[5]/D
  -------------------------------------------------------------------    -------------------

                         (clock clk_out1_clk_viz_1 rise edge)
                                                      0.000     0.000 r  
    W5                                                0.000     0.000 r  clk_100mhz (IN)
                         net (fo=0)                   0.000     0.000    instance_name/inst/clk_in1
    W5                   IBUF (Prop_ibuf_I_O)         0.414     0.414 r  instance_name/inst/clkin1_ibufg/O
                         net (fo=1, routed)           0.480     0.894    instance_name/inst/clk_in1_clk_viz
    MMCME2_ADV_X1Y0      MMCME2_ADV (Prop_mmcme2_adv_CLKIN1_CLKOUT0)
                                                     -3.142    -2.248 r  instance_name/inst/mmcm_adv_inst/CLKOUT0
                         net (fo=1, routed)           0.530    -1.718    instance_name/inst/clk_out1_clk_viz
    BUFGCTRL_X0Y1        BUFG (Prop_bufg_I_O)         0.029    -1.689 r  instance_name/inst/clkout1_buf/O
                         net (fo=83, routed)          0.866    -0.824    config_unit/CLK
    SLICE_X2Y5           FDRE                                         r  config_unit/rom_addr_reg[5]/C
                         clock pessimism              0.237    -0.586    
    SLICE_X2Y5           FDRE (Hold_fdre_C_D)         0.121    -0.465    config_unit/rom_addr_reg[5]
  -------------------------------------------------------------------
                         required time                          0.465    
                         arrival time                          -0.255    
  -------------------------------------------------------------------
                         slack                                  0.211    

Slack (MET) :             0.224ns  (arrival time - required time)
  Source:                 config_unit/sccb/clk_divider_reg[0]/C
                            (rising edge-triggered cell FDRE clocked by clk_out1_clk_viz_1  {rise@0.000ns fall@20.000ns period=40.000ns})
  Destination:            config_unit/sccb/clk_divider_reg[5]/D
                            (rising edge-triggered cell FDRE clocked by clk_out1_clk_viz_1  {rise@0.000ns fall@20.000ns period=40.000ns})
  Path Group:             clk_out1_clk_viz_1
  Path Type:              Hold (Min at Fast Process Corner)
  Requirement:            0.000ns  (clk_out1_clk_viz_1 rise@0.000ns - clk_out1_clk_viz_1 rise@0.000ns)
  Data Path Delay:        0.345ns  (logic 0.246ns (71.337%)  route 0.099ns (28.663%))
  Logic Levels:           1  (LUT6=1)
  Clock Path Skew:        0.000ns (DCD - SCD - CPR)
    Destination Clock Delay (DCD):    -0.823ns
    Source Clock Delay      (SCD):    -0.585ns
    Clock Pessimism Removal (CPR):    -0.237ns

    Location             Delay type                Incr(ns)  Path(ns)    Netlist Resource(s)
  -------------------------------------------------------------------    -------------------
                         (clock clk_out1_clk_viz_1 rise edge)
                                                      0.000     0.000 r  
    W5                                                0.000     0.000 r  clk_100mhz (IN)
                         net (fo=0)                   0.000     0.000    instance_name/inst/clk_in1
    W5                   IBUF (Prop_ibuf_I_O)         0.226     0.226 r  instance_name/inst/clkin1_ibufg/O
                         net (fo=1, routed)           0.440     0.667    instance_name/inst/clk_in1_clk_viz
    MMCME2_ADV_X1Y0      MMCME2_ADV (Prop_mmcme2_adv_CLKIN1_CLKOUT0)
                                                     -2.360    -1.693 r  instance_name/inst/mmcm_adv_inst/CLKOUT0
                         net (fo=1, routed)           0.486    -1.207    instance_name/inst/clk_out1_clk_viz
    BUFGCTRL_X0Y1        BUFG (Prop_bufg_I_O)         0.026    -1.181 r  instance_name/inst/clkout1_buf/O
                         net (fo=83, routed)          0.596    -0.585    config_unit/sccb/CLK
    SLICE_X2Y2           FDRE                                         r  config_unit/sccb/clk_divider_reg[0]/C
  -------------------------------------------------------------------    -------------------
    SLICE_X2Y2           FDRE (Prop_fdre_C_Q)         0.148    -0.437 r  config_unit/sccb/clk_divider_reg[0]/Q
                         net (fo=7, routed)           0.099    -0.339    config_unit/sccb/clk_divider[0]
    SLICE_X2Y2           LUT6 (Prop_lut6_I2_O)        0.098    -0.241 r  config_unit/sccb/clk_divider[5]_i_1/O
                         net (fo=1, routed)           0.000    -0.241    config_unit/sccb/p_1_in[5]
    SLICE_X2Y2           FDRE                                         r  config_unit/sccb/clk_divider_reg[5]/D
  -------------------------------------------------------------------    -------------------

                         (clock clk_out1_clk_viz_1 rise edge)
                                                      0.000     0.000 r  
    W5                                                0.000     0.000 r  clk_100mhz (IN)
                         net (fo=0)                   0.000     0.000    instance_name/inst/clk_in1
    W5                   IBUF (Prop_ibuf_I_O)         0.414     0.414 r  instance_name/inst/clkin1_ibufg/O
                         net (fo=1, routed)           0.480     0.894    instance_name/inst/clk_in1_clk_viz
    MMCME2_ADV_X1Y0      MMCME2_ADV (Prop_mmcme2_adv_CLKIN1_CLKOUT0)
                                                     -3.142    -2.248 r  instance_name/inst/mmcm_adv_inst/CLKOUT0
                         net (fo=1, routed)           0.530    -1.718    instance_name/inst/clk_out1_clk_viz
    BUFGCTRL_X0Y1        BUFG (Prop_bufg_I_O)         0.029    -1.689 r  instance_name/inst/clkout1_buf/O
                         net (fo=83, routed)          0.867    -0.823    config_unit/sccb/CLK
    SLICE_X2Y2           FDRE                                         r  config_unit/sccb/clk_divider_reg[5]/C
                         clock pessimism              0.237    -0.585    
    SLICE_X2Y2           FDRE (Hold_fdre_C_D)         0.121    -0.464    config_unit/sccb/clk_divider_reg[5]
  -------------------------------------------------------------------
                         required time                          0.464    
                         arrival time                          -0.241    
  -------------------------------------------------------------------
                         slack                                  0.224    

Slack (MET) :             0.225ns  (arrival time - required time)
  Source:                 vga/h_cnt_reg[5]/C
                            (rising edge-triggered cell FDRE clocked by clk_out1_clk_viz_1  {rise@0.000ns fall@20.000ns period=40.000ns})
  Destination:            vga/h_cnt_reg[6]/D
                            (rising edge-triggered cell FDRE clocked by clk_out1_clk_viz_1  {rise@0.000ns fall@20.000ns period=40.000ns})
  Path Group:             clk_out1_clk_viz_1
  Path Type:              Hold (Min at Fast Process Corner)
  Requirement:            0.000ns  (clk_out1_clk_viz_1 rise@0.000ns - clk_out1_clk_viz_1 rise@0.000ns)
  Data Path Delay:        0.359ns  (logic 0.186ns (51.881%)  route 0.173ns (48.119%))
  Logic Levels:           1  (LUT3=1)
  Clock Path Skew:        0.013ns (DCD - SCD - CPR)
    Destination Clock Delay (DCD):    -0.860ns
    Source Clock Delay      (SCD):    -0.620ns
    Clock Pessimism Removal (CPR):    -0.252ns

    Location             Delay type                Incr(ns)  Path(ns)    Netlist Resource(s)
  -------------------------------------------------------------------    -------------------
                         (clock clk_out1_clk_viz_1 rise edge)
                                                      0.000     0.000 r  
    W5                                                0.000     0.000 r  clk_100mhz (IN)
                         net (fo=0)                   0.000     0.000    instance_name/inst/clk_in1
    W5                   IBUF (Prop_ibuf_I_O)         0.226     0.226 r  instance_name/inst/clkin1_ibufg/O
                         net (fo=1, routed)           0.440     0.667    instance_name/inst/clk_in1_clk_viz
    MMCME2_ADV_X1Y0      MMCME2_ADV (Prop_mmcme2_adv_CLKIN1_CLKOUT0)
                                                     -2.360    -1.693 r  instance_name/inst/mmcm_adv_inst/CLKOUT0
                         net (fo=1, routed)           0.486    -1.207    instance_name/inst/clk_out1_clk_viz
    BUFGCTRL_X0Y1        BUFG (Prop_bufg_I_O)         0.026    -1.181 r  instance_name/inst/clkout1_buf/O
                         net (fo=83, routed)          0.561    -0.620    vga/CLK
    SLICE_X35Y40         FDRE                                         r  vga/h_cnt_reg[5]/C
  -------------------------------------------------------------------    -------------------
    SLICE_X35Y40         FDRE (Prop_fdre_C_Q)         0.141    -0.479 r  vga/h_cnt_reg[5]/Q
                         net (fo=34, routed)          0.173    -0.307    vga/Q[4]
    SLICE_X34Y40         LUT3 (Prop_lut3_I2_O)        0.045    -0.262 r  vga/h_cnt[6]_i_1/O
                         net (fo=1, routed)           0.000    -0.262    vga/h_cnt[6]_i_1_n_0
    SLICE_X34Y40         FDRE                                         r  vga/h_cnt_reg[6]/D
  -------------------------------------------------------------------    -------------------

                         (clock clk_out1_clk_viz_1 rise edge)
                                                      0.000     0.000 r  
    W5                                                0.000     0.000 r  clk_100mhz (IN)
                         net (fo=0)                   0.000     0.000    instance_name/inst/clk_in1
    W5                   IBUF (Prop_ibuf_I_O)         0.414     0.414 r  instance_name/inst/clkin1_ibufg/O
                         net (fo=1, routed)           0.480     0.894    instance_name/inst/clk_in1_clk_viz
    MMCME2_ADV_X1Y0      MMCME2_ADV (Prop_mmcme2_adv_CLKIN1_CLKOUT0)
                                                     -3.142    -2.248 r  instance_name/inst/mmcm_adv_inst/CLKOUT0
                         net (fo=1, routed)           0.530    -1.718    instance_name/inst/clk_out1_clk_viz
    BUFGCTRL_X0Y1        BUFG (Prop_bufg_I_O)         0.029    -1.689 r  instance_name/inst/clkout1_buf/O
                         net (fo=83, routed)          0.830    -0.860    vga/CLK
    SLICE_X34Y40         FDRE                                         r  vga/h_cnt_reg[6]/C
                         clock pessimism              0.252    -0.607    
    SLICE_X34Y40         FDRE (Hold_fdre_C_D)         0.121    -0.486    vga/h_cnt_reg[6]
  -------------------------------------------------------------------
                         required time                          0.486    
                         arrival time                          -0.262    
  -------------------------------------------------------------------
                         slack                                  0.225    

Slack (MET) :             0.225ns  (arrival time - required time)
  Source:                 vga/h_cnt_reg[8]/C
                            (rising edge-triggered cell FDRE clocked by clk_out1_clk_viz_1  {rise@0.000ns fall@20.000ns period=40.000ns})
  Destination:            vga/h_cnt_reg[9]/D
                            (rising edge-triggered cell FDRE clocked by clk_out1_clk_viz_1  {rise@0.000ns fall@20.000ns period=40.000ns})
  Path Group:             clk_out1_clk_viz_1
  Path Type:              Hold (Min at Fast Process Corner)
  Requirement:            0.000ns  (clk_out1_clk_viz_1 rise@0.000ns - clk_out1_clk_viz_1 rise@0.000ns)
  Data Path Delay:        0.330ns  (logic 0.186ns (56.340%)  route 0.144ns (43.660%))
  Logic Levels:           1  (LUT3=1)
  Clock Path Skew:        0.013ns (DCD - SCD - CPR)
    Destination Clock Delay (DCD):    -0.860ns
    Source Clock Delay      (SCD):    -0.620ns
    Clock Pessimism Removal (CPR):    -0.252ns

    Location             Delay type                Incr(ns)  Path(ns)    Netlist Resource(s)
  -------------------------------------------------------------------    -------------------
                         (clock clk_out1_clk_viz_1 rise edge)
                                                      0.000     0.000 r  
    W5                                                0.000     0.000 r  clk_100mhz (IN)
                         net (fo=0)                   0.000     0.000    instance_name/inst/clk_in1
    W5                   IBUF (Prop_ibuf_I_O)         0.226     0.226 r  instance_name/inst/clkin1_ibufg/O
                         net (fo=1, routed)           0.440     0.667    instance_name/inst/clk_in1_clk_viz
    MMCME2_ADV_X1Y0      MMCME2_ADV (Prop_mmcme2_adv_CLKIN1_CLKOUT0)
                                                     -2.360    -1.693 r  instance_name/inst/mmcm_adv_inst/CLKOUT0
                         net (fo=1, routed)           0.486    -1.207    instance_name/inst/clk_out1_clk_viz
    BUFGCTRL_X0Y1        BUFG (Prop_bufg_I_O)         0.026    -1.181 r  instance_name/inst/clkout1_buf/O
                         net (fo=83, routed)          0.561    -0.620    vga/CLK
    SLICE_X33Y39         FDRE                                         r  vga/h_cnt_reg[8]/C
  -------------------------------------------------------------------    -------------------
    SLICE_X33Y39         FDRE (Prop_fdre_C_Q)         0.141    -0.479 r  vga/h_cnt_reg[8]/Q
                         net (fo=7, routed)           0.144    -0.335    vga/vga_x[8]
    SLICE_X32Y39         LUT3 (Prop_lut3_I2_O)        0.045    -0.290 r  vga/h_cnt[9]_i_2/O
                         net (fo=1, routed)           0.000    -0.290    vga/h_cnt[9]_i_2_n_0
    SLICE_X32Y39         FDRE                                         r  vga/h_cnt_reg[9]/D
  -------------------------------------------------------------------    -------------------

                         (clock clk_out1_clk_viz_1 rise edge)
                                                      0.000     0.000 r  
    W5                                                0.000     0.000 r  clk_100mhz (IN)
                         net (fo=0)                   0.000     0.000    instance_name/inst/clk_in1
    W5                   IBUF (Prop_ibuf_I_O)         0.414     0.414 r  instance_name/inst/clkin1_ibufg/O
                         net (fo=1, routed)           0.480     0.894    instance_name/inst/clk_in1_clk_viz
    MMCME2_ADV_X1Y0      MMCME2_ADV (Prop_mmcme2_adv_CLKIN1_CLKOUT0)
                                                     -3.142    -2.248 r  instance_name/inst/mmcm_adv_inst/CLKOUT0
                         net (fo=1, routed)           0.530    -1.718    instance_name/inst/clk_out1_clk_viz
    BUFGCTRL_X0Y1        BUFG (Prop_bufg_I_O)         0.029    -1.689 r  instance_name/inst/clkout1_buf/O
                         net (fo=83, routed)          0.830    -0.860    vga/CLK
    SLICE_X32Y39         FDRE                                         r  vga/h_cnt_reg[9]/C
                         clock pessimism              0.252    -0.607    
    SLICE_X32Y39         FDRE (Hold_fdre_C_D)         0.092    -0.515    vga/h_cnt_reg[9]
  -------------------------------------------------------------------
                         required time                          0.515    
                         arrival time                          -0.290    
  -------------------------------------------------------------------
                         slack                                  0.225    

Slack (MET) :             0.227ns  (arrival time - required time)
  Source:                 vga/h_cnt_reg[7]/C
                            (rising edge-triggered cell FDRE clocked by clk_out1_clk_viz_1  {rise@0.000ns fall@20.000ns period=40.000ns})
  Destination:            vga/h_cnt_reg[8]/D
                            (rising edge-triggered cell FDRE clocked by clk_out1_clk_viz_1  {rise@0.000ns fall@20.000ns period=40.000ns})
  Path Group:             clk_out1_clk_viz_1
  Path Type:              Hold (Min at Fast Process Corner)
  Requirement:            0.000ns  (clk_out1_clk_viz_1 rise@0.000ns - clk_out1_clk_viz_1 rise@0.000ns)
  Data Path Delay:        0.331ns  (logic 0.186ns (56.117%)  route 0.145ns (43.883%))
  Logic Levels:           1  (LUT6=1)
  Clock Path Skew:        0.013ns (DCD - SCD - CPR)
    Destination Clock Delay (DCD):    -0.860ns
    Source Clock Delay      (SCD):    -0.620ns
    Clock Pessimism Removal (CPR):    -0.252ns

    Location             Delay type                Incr(ns)  Path(ns)    Netlist Resource(s)
  -------------------------------------------------------------------    -------------------
                         (clock clk_out1_clk_viz_1 rise edge)
                                                      0.000     0.000 r  
    W5                                                0.000     0.000 r  clk_100mhz (IN)
                         net (fo=0)                   0.000     0.000    instance_name/inst/clk_in1
    W5                   IBUF (Prop_ibuf_I_O)         0.226     0.226 r  instance_name/inst/clkin1_ibufg/O
                         net (fo=1, routed)           0.440     0.667    instance_name/inst/clk_in1_clk_viz
    MMCME2_ADV_X1Y0      MMCME2_ADV (Prop_mmcme2_adv_CLKIN1_CLKOUT0)
                                                     -2.360    -1.693 r  instance_name/inst/mmcm_adv_inst/CLKOUT0
                         net (fo=1, routed)           0.486    -1.207    instance_name/inst/clk_out1_clk_viz
    BUFGCTRL_X0Y1        BUFG (Prop_bufg_I_O)         0.026    -1.181 r  instance_name/inst/clkout1_buf/O
                         net (fo=83, routed)          0.561    -0.620    vga/CLK
    SLICE_X32Y39         FDRE                                         r  vga/h_cnt_reg[7]/C
  -------------------------------------------------------------------    -------------------
    SLICE_X32Y39         FDRE (Prop_fdre_C_Q)         0.141    -0.479 r  vga/h_cnt_reg[7]/Q
                         net (fo=8, routed)           0.145    -0.334    vga/vga_x[7]
    SLICE_X33Y39         LUT6 (Prop_lut6_I5_O)        0.045    -0.289 r  vga/h_cnt[8]_i_1/O
                         net (fo=1, routed)           0.000    -0.289    vga/h_cnt[8]_i_1_n_0
    SLICE_X33Y39         FDRE                                         r  vga/h_cnt_reg[8]/D
  -------------------------------------------------------------------    -------------------

                         (clock clk_out1_clk_viz_1 rise edge)
                                                      0.000     0.000 r  
    W5                                                0.000     0.000 r  clk_100mhz (IN)
                         net (fo=0)                   0.000     0.000    instance_name/inst/clk_in1
    W5                   IBUF (Prop_ibuf_I_O)         0.414     0.414 r  instance_name/inst/clkin1_ibufg/O
                         net (fo=1, routed)           0.480     0.894    instance_name/inst/clk_in1_clk_viz
    MMCME2_ADV_X1Y0      MMCME2_ADV (Prop_mmcme2_adv_CLKIN1_CLKOUT0)
                                                     -3.142    -2.248 r  instance_name/inst/mmcm_adv_inst/CLKOUT0
                         net (fo=1, routed)           0.530    -1.718    instance_name/inst/clk_out1_clk_viz
    BUFGCTRL_X0Y1        BUFG (Prop_bufg_I_O)         0.029    -1.689 r  instance_name/inst/clkout1_buf/O
                         net (fo=83, routed)          0.830    -0.860    vga/CLK
    SLICE_X33Y39         FDRE                                         r  vga/h_cnt_reg[8]/C
                         clock pessimism              0.252    -0.607    
    SLICE_X33Y39         FDRE (Hold_fdre_C_D)         0.091    -0.516    vga/h_cnt_reg[8]
  -------------------------------------------------------------------
                         required time                          0.516    
                         arrival time                          -0.289    
  -------------------------------------------------------------------
                         slack                                  0.227    





Pulse Width Checks
--------------------------------------------------------------------------------------
Clock Name:         clk_out1_clk_viz_1
Waveform(ns):       { 0.000 20.000 }
Period(ns):         40.000
Sources:            { instance_name/inst/mmcm_adv_inst/CLKOUT0 }

Check Type        Corner  Lib Pin             Reference Pin  Required(ns)  Actual(ns)  Slack(ns)  Location         Pin
Min Period        n/a     RAMB36E1/CLKBWRCLK  n/a            2.892         40.000      37.108     RAMB36_X1Y3      frame_buffer/U0/inst_blk_mem_gen/gnbram.gnativebmg.native_blk_mem_gen/valid.cstr/ramloop[0].ram.r/prim_noinit.ram/DEVICE_7SERIES.NO_BMM_INFO.SDP.CASCADED_PRIM36.ram_B/CLKBWRCLK
Min Period        n/a     RAMB36E1/CLKBWRCLK  n/a            2.892         40.000      37.108     RAMB36_X1Y4      frame_buffer/U0/inst_blk_mem_gen/gnbram.gnativebmg.native_blk_mem_gen/valid.cstr/ramloop[0].ram.r/prim_noinit.ram/DEVICE_7SERIES.NO_BMM_INFO.SDP.CASCADED_PRIM36.ram_T/CLKBWRCLK
Min Period        n/a     RAMB36E1/CLKBWRCLK  n/a            2.892         40.000      37.108     RAMB36_X0Y3      frame_buffer/U0/inst_blk_mem_gen/gnbram.gnativebmg.native_blk_mem_gen/valid.cstr/ramloop[2].ram.r/prim_noinit.ram/DEVICE_7SERIES.NO_BMM_INFO.SDP.CASCADED_PRIM36.ram_B/CLKBWRCLK
Min Period        n/a     RAMB36E1/CLKBWRCLK  n/a            2.892         40.000      37.108     RAMB36_X0Y4      frame_buffer/U0/inst_blk_mem_gen/gnbram.gnativebmg.native_blk_mem_gen/valid.cstr/ramloop[2].ram.r/prim_noinit.ram/DEVICE_7SERIES.NO_BMM_INFO.SDP.CASCADED_PRIM36.ram_T/CLKBWRCLK
Min Period        n/a     RAMB36E1/CLKBWRCLK  n/a            2.892         40.000      37.108     RAMB36_X1Y5      frame_buffer/U0/inst_blk_mem_gen/gnbram.gnativebmg.native_blk_mem_gen/valid.cstr/ramloop[4].ram.r/prim_noinit.ram/DEVICE_7SERIES.NO_BMM_INFO.SDP.CASCADED_PRIM36.ram_B/CLKBWRCLK
Min Period        n/a     RAMB36E1/CLKBWRCLK  n/a            2.892         40.000      37.108     RAMB36_X1Y6      frame_buffer/U0/inst_blk_mem_gen/gnbram.gnativebmg.native_blk_mem_gen/valid.cstr/ramloop[4].ram.r/prim_noinit.ram/DEVICE_7SERIES.NO_BMM_INFO.SDP.CASCADED_PRIM36.ram_T/CLKBWRCLK
Min Period        n/a     RAMB36E1/CLKBWRCLK  n/a            2.576         40.000      37.424     RAMB36_X2Y8      frame_buffer/U0/inst_blk_mem_gen/gnbram.gnativebmg.native_blk_mem_gen/valid.cstr/ramloop[10].ram.r/prim_noinit.ram/DEVICE_7SERIES.NO_BMM_INFO.SDP.SIMPLE_PRIM36.ram/CLKBWRCLK
Min Period        n/a     RAMB36E1/CLKBWRCLK  n/a            2.576         40.000      37.424     RAMB36_X1Y7      frame_buffer/U0/inst_blk_mem_gen/gnbram.gnativebmg.native_blk_mem_gen/valid.cstr/ramloop[11].ram.r/prim_noinit.ram/DEVICE_7SERIES.NO_BMM_INFO.SDP.SIMPLE_PRIM36.ram/CLKBWRCLK
Min Period        n/a     RAMB36E1/CLKBWRCLK  n/a            2.576         40.000      37.424     RAMB36_X2Y7      frame_buffer/U0/inst_blk_mem_gen/gnbram.gnativebmg.native_blk_mem_gen/valid.cstr/ramloop[12].ram.r/prim_noinit.ram/DEVICE_7SERIES.NO_BMM_INFO.SDP.SIMPLE_PRIM36.ram/CLKBWRCLK
Min Period        n/a     RAMB36E1/CLKBWRCLK  n/a            2.576         40.000      37.424     RAMB36_X0Y5      frame_buffer/U0/inst_blk_mem_gen/gnbram.gnativebmg.native_blk_mem_gen/valid.cstr/ramloop[13].ram.r/prim_noinit.ram/DEVICE_7SERIES.NO_BMM_INFO.SDP.SIMPLE_PRIM36.ram/CLKBWRCLK
Max Period        n/a     MMCME2_ADV/CLKOUT0  n/a            213.360       40.000      173.360    MMCME2_ADV_X1Y0  instance_name/inst/mmcm_adv_inst/CLKOUT0
Low Pulse Width   Slow    FDRE/C              n/a            0.500         20.000      19.500     SLICE_X2Y6       config_unit/config_finished_reg/C
Low Pulse Width   Fast    FDRE/C              n/a            0.500         20.000      19.500     SLICE_X2Y6       config_unit/config_finished_reg/C
Low Pulse Width   Slow    FDRE/C              n/a            0.500         20.000      19.500     SLICE_X2Y5       config_unit/rom_addr_reg[0]/C
Low Pulse Width   Fast    FDRE/C              n/a            0.500         20.000      19.500     SLICE_X2Y5       config_unit/rom_addr_reg[0]/C
Low Pulse Width   Slow    FDRE/C              n/a            0.500         20.000      19.500     SLICE_X2Y5       config_unit/rom_addr_reg[1]/C
Low Pulse Width   Fast    FDRE/C              n/a            0.500         20.000      19.500     SLICE_X2Y5       config_unit/rom_addr_reg[1]/C
Low Pulse Width   Slow    FDRE/C              n/a            0.500         20.000      19.500     SLICE_X2Y5       config_unit/rom_addr_reg[2]/C
Low Pulse Width   Fast    FDRE/C              n/a            0.500         20.000      19.500     SLICE_X2Y5       config_unit/rom_addr_reg[2]/C
Low Pulse Width   Slow    FDRE/C              n/a            0.500         20.000      19.500     SLICE_X2Y5       config_unit/rom_addr_reg[3]/C
Low Pulse Width   Fast    FDRE/C              n/a            0.500         20.000      19.500     SLICE_X2Y5       config_unit/rom_addr_reg[3]/C
High Pulse Width  Slow    FDRE/C              n/a            0.500         20.000      19.500     SLICE_X2Y6       config_unit/config_finished_reg/C
High Pulse Width  Fast    FDRE/C              n/a            0.500         20.000      19.500     SLICE_X2Y6       config_unit/config_finished_reg/C
High Pulse Width  Slow    FDRE/C              n/a            0.500         20.000      19.500     SLICE_X2Y5       config_unit/rom_addr_reg[0]/C
High Pulse Width  Fast    FDRE/C              n/a            0.500         20.000      19.500     SLICE_X2Y5       config_unit/rom_addr_reg[0]/C
High Pulse Width  Slow    FDRE/C              n/a            0.500         20.000      19.500     SLICE_X2Y5       config_unit/rom_addr_reg[1]/C
High Pulse Width  Fast    FDRE/C              n/a            0.500         20.000      19.500     SLICE_X2Y5       config_unit/rom_addr_reg[1]/C
High Pulse Width  Slow    FDRE/C              n/a            0.500         20.000      19.500     SLICE_X2Y5       config_unit/rom_addr_reg[2]/C
High Pulse Width  Fast    FDRE/C              n/a            0.500         20.000      19.500     SLICE_X2Y5       config_unit/rom_addr_reg[2]/C
High Pulse Width  Slow    FDRE/C              n/a            0.500         20.000      19.500     SLICE_X2Y5       config_unit/rom_addr_reg[3]/C
High Pulse Width  Fast    FDRE/C              n/a            0.500         20.000      19.500     SLICE_X2Y5       config_unit/rom_addr_reg[3]/C



---------------------------------------------------------------------------------------------------
From Clock:  clk_out2_clk_viz_1
  To Clock:  clk_out2_clk_viz_1

Setup :           NA  Failing Endpoints,  Worst Slack           NA  ,  Total Violation           NA
Hold  :           NA  Failing Endpoints,  Worst Slack           NA  ,  Total Violation           NA
PW    :            0  Failing Endpoints,  Worst Slack       39.511ns,  Total Violation        0.000ns
---------------------------------------------------------------------------------------------------


Pulse Width Checks
--------------------------------------------------------------------------------------
Clock Name:         clk_out2_clk_viz_1
Waveform(ns):       { 0.000 20.833 }
Period(ns):         41.667
Sources:            { instance_name/inst/mmcm_adv_inst/CLKOUT1 }

Check Type  Corner  Lib Pin             Reference Pin  Required(ns)  Actual(ns)  Slack(ns)  Location         Pin
Min Period  n/a     BUFG/I              n/a            2.155         41.667      39.511     BUFGCTRL_X0Y0    instance_name/inst/clkout2_buf/I
Min Period  n/a     MMCME2_ADV/CLKOUT1  n/a            1.249         41.667      40.418     MMCME2_ADV_X1Y0  instance_name/inst/mmcm_adv_inst/CLKOUT1
Max Period  n/a     MMCME2_ADV/CLKOUT1  n/a            213.360       41.667      171.693    MMCME2_ADV_X1Y0  instance_name/inst/mmcm_adv_inst/CLKOUT1



---------------------------------------------------------------------------------------------------
From Clock:  clkfbout_clk_viz_1
  To Clock:  clkfbout_clk_viz_1

Setup :           NA  Failing Endpoints,  Worst Slack           NA  ,  Total Violation           NA
Hold  :           NA  Failing Endpoints,  Worst Slack           NA  ,  Total Violation           NA
PW    :            0  Failing Endpoints,  Worst Slack        7.845ns,  Total Violation        0.000ns
---------------------------------------------------------------------------------------------------


Pulse Width Checks
--------------------------------------------------------------------------------------
Clock Name:         clkfbout_clk_viz_1
Waveform(ns):       { 0.000 5.000 }
Period(ns):         10.000
Sources:            { instance_name/inst/mmcm_adv_inst/CLKFBOUT }

Check Type  Corner  Lib Pin              Reference Pin  Required(ns)  Actual(ns)  Slack(ns)  Location         Pin
Min Period  n/a     BUFG/I               n/a            2.155         10.000      7.845      BUFGCTRL_X0Y2    instance_name/inst/clkf_buf/I
Min Period  n/a     MMCME2_ADV/CLKFBOUT  n/a            1.249         10.000      8.751      MMCME2_ADV_X1Y0  instance_name/inst/mmcm_adv_inst/CLKFBOUT
Min Period  n/a     MMCME2_ADV/CLKFBIN   n/a            1.249         10.000      8.751      MMCME2_ADV_X1Y0  instance_name/inst/mmcm_adv_inst/CLKFBIN
Max Period  n/a     MMCME2_ADV/CLKFBIN   n/a            100.000       10.000      90.000     MMCME2_ADV_X1Y0  instance_name/inst/mmcm_adv_inst/CLKFBIN
Max Period  n/a     MMCME2_ADV/CLKFBOUT  n/a            213.360       10.000      203.360    MMCME2_ADV_X1Y0  instance_name/inst/mmcm_adv_inst/CLKFBOUT



---------------------------------------------------------------------------------------------------
From Clock:  clk_out1_clk_viz_1
  To Clock:  clk_out1_clk_viz

Setup :            0  Failing Endpoints,  Worst Slack       31.012ns,  Total Violation        0.000ns
Hold  :            0  Failing Endpoints,  Worst Slack        0.068ns,  Total Violation        0.000ns
---------------------------------------------------------------------------------------------------


Max Delay Paths
--------------------------------------------------------------------------------------
Slack (MET) :             31.012ns  (required time - arrival time)
  Source:                 vga/v_cnt_reg[1]/C
                            (rising edge-triggered cell FDRE clocked by clk_out1_clk_viz_1  {rise@0.000ns fall@20.000ns period=40.000ns})
  Destination:            frame_buffer/U0/inst_blk_mem_gen/gnbram.gnativebmg.native_blk_mem_gen/valid.cstr/ramloop[23].ram.r/prim_noinit.ram/DEVICE_7SERIES.NO_BMM_INFO.SDP.SIMPLE_PRIM36.ram/ENBWREN
                            (rising edge-triggered cell RAMB36E1 clocked by clk_out1_clk_viz  {rise@0.000ns fall@20.000ns period=40.000ns})
  Path Group:             clk_out1_clk_viz
  Path Type:              Setup (Max at Slow Process Corner)
  Requirement:            40.000ns  (clk_out1_clk_viz rise@40.000ns - clk_out1_clk_viz_1 rise@0.000ns)
  Data Path Delay:        8.151ns  (logic 2.739ns (33.604%)  route 5.412ns (66.396%))
  Logic Levels:           6  (CARRY4=4 LUT2=1 LUT5=1)
  Clock Path Skew:        -0.086ns (DCD - SCD + CPR)
    Destination Clock Delay (DCD):    -1.519ns = ( 38.481 - 40.000 ) 
    Source Clock Delay      (SCD):    -0.950ns
    Clock Pessimism Removal (CPR):    0.484ns
  Clock Uncertainty:      0.106ns  ((TSJ^2 + DJ^2)^1/2) / 2 + PE
    Total System Jitter     (TSJ):    0.071ns
    Discrete Jitter          (DJ):    0.200ns
    Phase Error              (PE):    0.000ns
  Clock Domain Crossing:  Inter clock paths are considered valid unless explicitly excluded by timing constraints such as set_clock_groups or set_false_path.

    Location             Delay type                Incr(ns)  Path(ns)    Netlist Resource(s)
  -------------------------------------------------------------------    -------------------
                         (clock clk_out1_clk_viz_1 rise edge)
                                                      0.000     0.000 r  
    W5                                                0.000     0.000 r  clk_100mhz (IN)
                         net (fo=0)                   0.000     0.000    instance_name/inst/clk_in1
    W5                   IBUF (Prop_ibuf_I_O)         1.458     1.458 r  instance_name/inst/clkin1_ibufg/O
                         net (fo=1, routed)           1.233     2.691    instance_name/inst/clk_in1_clk_viz
    MMCME2_ADV_X1Y0      MMCME2_ADV (Prop_mmcme2_adv_CLKIN1_CLKOUT0)
                                                     -6.961    -4.269 r  instance_name/inst/mmcm_adv_inst/CLKOUT0
                         net (fo=1, routed)           1.661    -2.608    instance_name/inst/clk_out1_clk_viz
    BUFGCTRL_X0Y1        BUFG (Prop_bufg_I_O)         0.096    -2.512 r  instance_name/inst/clkout1_buf/O
                         net (fo=83, routed)          1.562    -0.950    vga/CLK
    SLICE_X31Y38         FDRE                                         r  vga/v_cnt_reg[1]/C
  -------------------------------------------------------------------    -------------------
    SLICE_X31Y38         FDRE (Prop_fdre_C_Q)         0.456    -0.494 r  vga/v_cnt_reg[1]/Q
                         net (fo=12, routed)          0.671     0.178    vga/vga_y[1]
    SLICE_X30Y40         LUT2 (Prop_lut2_I1_O)        0.124     0.302 r  vga/frame_buffer_i_16/O
                         net (fo=1, routed)           0.000     0.302    vga/frame_buffer_i_16_n_0
    SLICE_X30Y40         CARRY4 (Prop_carry4_S[1]_CO[3])
                                                      0.533     0.835 r  vga/frame_buffer_i_6/CO[3]
                         net (fo=1, routed)           0.000     0.835    vga/frame_buffer_i_6_n_0
    SLICE_X30Y41         CARRY4 (Prop_carry4_CI_O[0])
                                                      0.219     1.054 r  vga/frame_buffer_i_5/O[0]
                         net (fo=1, routed)           0.589     1.642    vga/read_addr0[11]
    SLICE_X31Y41         CARRY4 (Prop_carry4_S[1]_CO[3])
                                                      0.845     2.487 r  vga/frame_buffer_i_2/CO[3]
                         net (fo=1, routed)           0.000     2.487    vga/frame_buffer_i_2_n_0
    SLICE_X31Y42         CARRY4 (Prop_carry4_CI_O[0])
                                                      0.235     2.722 f  vga/frame_buffer_i_1/O[0]
                         net (fo=27, routed)          3.250     5.973    frame_buffer/U0/inst_blk_mem_gen/gnbram.gnativebmg.native_blk_mem_gen/valid.cstr/bindec_b.bindec_inst_b/addrb[2]
    SLICE_X48Y53         LUT5 (Prop_lut5_I1_O)        0.327     6.300 r  frame_buffer/U0/inst_blk_mem_gen/gnbram.gnativebmg.native_blk_mem_gen/valid.cstr/bindec_b.bindec_inst_b/ENOUT_inferred__17/i_/O
                         net (fo=1, routed)           0.901     7.201    frame_buffer/U0/inst_blk_mem_gen/gnbram.gnativebmg.native_blk_mem_gen/valid.cstr/ramloop[23].ram.r/prim_noinit.ram/enb_array[0]
    RAMB36_X1Y13         RAMB36E1                                     r  frame_buffer/U0/inst_blk_mem_gen/gnbram.gnativebmg.native_blk_mem_gen/valid.cstr/ramloop[23].ram.r/prim_noinit.ram/DEVICE_7SERIES.NO_BMM_INFO.SDP.SIMPLE_PRIM36.ram/ENBWREN
  -------------------------------------------------------------------    -------------------

                         (clock clk_out1_clk_viz rise edge)
                                                     40.000    40.000 r  
    W5                                                0.000    40.000 r  clk_100mhz (IN)
                         net (fo=0)                   0.000    40.000    instance_name/inst/clk_in1
    W5                   IBUF (Prop_ibuf_I_O)         1.388    41.388 r  instance_name/inst/clkin1_ibufg/O
                         net (fo=1, routed)           1.162    42.550    instance_name/inst/clk_in1_clk_viz
    MMCME2_ADV_X1Y0      MMCME2_ADV (Prop_mmcme2_adv_CLKIN1_CLKOUT0)
                                                     -7.217    35.332 r  instance_name/inst/mmcm_adv_inst/CLKOUT0
                         net (fo=1, routed)           1.581    36.914    instance_name/inst/clk_out1_clk_viz
    BUFGCTRL_X0Y1        BUFG (Prop_bufg_I_O)         0.091    37.005 r  instance_name/inst/clkout1_buf/O
                         net (fo=83, routed)          1.476    38.481    frame_buffer/U0/inst_blk_mem_gen/gnbram.gnativebmg.native_blk_mem_gen/valid.cstr/ramloop[23].ram.r/prim_noinit.ram/clkb
    RAMB36_X1Y13         RAMB36E1                                     r  frame_buffer/U0/inst_blk_mem_gen/gnbram.gnativebmg.native_blk_mem_gen/valid.cstr/ramloop[23].ram.r/prim_noinit.ram/DEVICE_7SERIES.NO_BMM_INFO.SDP.SIMPLE_PRIM36.ram/CLKBWRCLK
                         clock pessimism              0.484    38.964    
                         clock uncertainty           -0.106    38.858    
    RAMB36_X1Y13         RAMB36E1 (Setup_ramb36e1_CLKBWRCLK_ENBWREN)
                                                     -0.645    38.213    frame_buffer/U0/inst_blk_mem_gen/gnbram.gnativebmg.native_blk_mem_gen/valid.cstr/ramloop[23].ram.r/prim_noinit.ram/DEVICE_7SERIES.NO_BMM_INFO.SDP.SIMPLE_PRIM36.ram
  -------------------------------------------------------------------
                         required time                         38.213    
                         arrival time                          -7.201    
  -------------------------------------------------------------------
                         slack                                 31.012    

Slack (MET) :             31.326ns  (required time - arrival time)
  Source:                 vga/v_cnt_reg[1]/C
                            (rising edge-triggered cell FDRE clocked by clk_out1_clk_viz_1  {rise@0.000ns fall@20.000ns period=40.000ns})
  Destination:            frame_buffer/U0/inst_blk_mem_gen/gnbram.gnativebmg.native_blk_mem_gen/valid.cstr/ramloop[21].ram.r/prim_noinit.ram/DEVICE_7SERIES.NO_BMM_INFO.SDP.SIMPLE_PRIM36.ram/ENBWREN
                            (rising edge-triggered cell RAMB36E1 clocked by clk_out1_clk_viz  {rise@0.000ns fall@20.000ns period=40.000ns})
  Path Group:             clk_out1_clk_viz
  Path Type:              Setup (Max at Slow Process Corner)
  Requirement:            40.000ns  (clk_out1_clk_viz rise@40.000ns - clk_out1_clk_viz_1 rise@0.000ns)
  Data Path Delay:        8.042ns  (logic 2.711ns (33.709%)  route 5.331ns (66.291%))
  Logic Levels:           6  (CARRY4=4 LUT2=1 LUT5=1)
  Clock Path Skew:        -0.082ns (DCD - SCD + CPR)
    Destination Clock Delay (DCD):    -1.515ns = ( 38.485 - 40.000 ) 
    Source Clock Delay      (SCD):    -0.950ns
    Clock Pessimism Removal (CPR):    0.484ns
  Clock Uncertainty:      0.106ns  ((TSJ^2 + DJ^2)^1/2) / 2 + PE
    Total System Jitter     (TSJ):    0.071ns
    Discrete Jitter          (DJ):    0.200ns
    Phase Error              (PE):    0.000ns
  Clock Domain Crossing:  Inter clock paths are considered valid unless explicitly excluded by timing constraints such as set_clock_groups or set_false_path.

    Location             Delay type                Incr(ns)  Path(ns)    Netlist Resource(s)
  -------------------------------------------------------------------    -------------------
                         (clock clk_out1_clk_viz_1 rise edge)
                                                      0.000     0.000 r  
    W5                                                0.000     0.000 r  clk_100mhz (IN)
                         net (fo=0)                   0.000     0.000    instance_name/inst/clk_in1
    W5                   IBUF (Prop_ibuf_I_O)         1.458     1.458 r  instance_name/inst/clkin1_ibufg/O
                         net (fo=1, routed)           1.233     2.691    instance_name/inst/clk_in1_clk_viz
    MMCME2_ADV_X1Y0      MMCME2_ADV (Prop_mmcme2_adv_CLKIN1_CLKOUT0)
                                                     -6.961    -4.269 r  instance_name/inst/mmcm_adv_inst/CLKOUT0
                         net (fo=1, routed)           1.661    -2.608    instance_name/inst/clk_out1_clk_viz
    BUFGCTRL_X0Y1        BUFG (Prop_bufg_I_O)         0.096    -2.512 r  instance_name/inst/clkout1_buf/O
                         net (fo=83, routed)          1.562    -0.950    vga/CLK
    SLICE_X31Y38         FDRE                                         r  vga/v_cnt_reg[1]/C
  -------------------------------------------------------------------    -------------------
    SLICE_X31Y38         FDRE (Prop_fdre_C_Q)         0.456    -0.494 r  vga/v_cnt_reg[1]/Q
                         net (fo=12, routed)          0.671     0.178    vga/vga_y[1]
    SLICE_X30Y40         LUT2 (Prop_lut2_I1_O)        0.124     0.302 r  vga/frame_buffer_i_16/O
                         net (fo=1, routed)           0.000     0.302    vga/frame_buffer_i_16_n_0
    SLICE_X30Y40         CARRY4 (Prop_carry4_S[1]_CO[3])
                                                      0.533     0.835 r  vga/frame_buffer_i_6/CO[3]
                         net (fo=1, routed)           0.000     0.835    vga/frame_buffer_i_6_n_0
    SLICE_X30Y41         CARRY4 (Prop_carry4_CI_O[0])
                                                      0.219     1.054 r  vga/frame_buffer_i_5/O[0]
                         net (fo=1, routed)           0.589     1.642    vga/read_addr0[11]
    SLICE_X31Y41         CARRY4 (Prop_carry4_S[1]_CO[3])
                                                      0.845     2.487 r  vga/frame_buffer_i_2/CO[3]
                         net (fo=1, routed)           0.000     2.487    vga/frame_buffer_i_2_n_0
    SLICE_X31Y42         CARRY4 (Prop_carry4_CI_O[0])
                                                      0.235     2.722 f  vga/frame_buffer_i_1/O[0]
                         net (fo=27, routed)          3.250     5.973    frame_buffer/U0/inst_blk_mem_gen/gnbram.gnativebmg.native_blk_mem_gen/valid.cstr/bindec_b.bindec_inst_b/addrb[2]
    SLICE_X48Y53         LUT5 (Prop_lut5_I1_O)        0.299     6.272 r  frame_buffer/U0/inst_blk_mem_gen/gnbram.gnativebmg.native_blk_mem_gen/valid.cstr/bindec_b.bindec_inst_b/ENOUT_inferred__15/i_/O
                         net (fo=1, routed)           0.821     7.093    frame_buffer/U0/inst_blk_mem_gen/gnbram.gnativebmg.native_blk_mem_gen/valid.cstr/ramloop[21].ram.r/prim_noinit.ram/enb_array[0]
    RAMB36_X1Y12         RAMB36E1                                     r  frame_buffer/U0/inst_blk_mem_gen/gnbram.gnativebmg.native_blk_mem_gen/valid.cstr/ramloop[21].ram.r/prim_noinit.ram/DEVICE_7SERIES.NO_BMM_INFO.SDP.SIMPLE_PRIM36.ram/ENBWREN
  -------------------------------------------------------------------    -------------------

                         (clock clk_out1_clk_viz rise edge)
                                                     40.000    40.000 r  
    W5                                                0.000    40.000 r  clk_100mhz (IN)
                         net (fo=0)                   0.000    40.000    instance_name/inst/clk_in1
    W5                   IBUF (Prop_ibuf_I_O)         1.388    41.388 r  instance_name/inst/clkin1_ibufg/O
                         net (fo=1, routed)           1.162    42.550    instance_name/inst/clk_in1_clk_viz
    MMCME2_ADV_X1Y0      MMCME2_ADV (Prop_mmcme2_adv_CLKIN1_CLKOUT0)
                                                     -7.217    35.332 r  instance_name/inst/mmcm_adv_inst/CLKOUT0
                         net (fo=1, routed)           1.581    36.914    instance_name/inst/clk_out1_clk_viz
    BUFGCTRL_X0Y1        BUFG (Prop_bufg_I_O)         0.091    37.005 r  instance_name/inst/clkout1_buf/O
                         net (fo=83, routed)          1.480    38.485    frame_buffer/U0/inst_blk_mem_gen/gnbram.gnativebmg.native_blk_mem_gen/valid.cstr/ramloop[21].ram.r/prim_noinit.ram/clkb
    RAMB36_X1Y12         RAMB36E1                                     r  frame_buffer/U0/inst_blk_mem_gen/gnbram.gnativebmg.native_blk_mem_gen/valid.cstr/ramloop[21].ram.r/prim_noinit.ram/DEVICE_7SERIES.NO_BMM_INFO.SDP.SIMPLE_PRIM36.ram/CLKBWRCLK
                         clock pessimism              0.484    38.968    
                         clock uncertainty           -0.106    38.862    
    RAMB36_X1Y12         RAMB36E1 (Setup_ramb36e1_CLKBWRCLK_ENBWREN)
                                                     -0.443    38.419    frame_buffer/U0/inst_blk_mem_gen/gnbram.gnativebmg.native_blk_mem_gen/valid.cstr/ramloop[21].ram.r/prim_noinit.ram/DEVICE_7SERIES.NO_BMM_INFO.SDP.SIMPLE_PRIM36.ram
  -------------------------------------------------------------------
                         required time                         38.419    
                         arrival time                          -7.093    
  -------------------------------------------------------------------
                         slack                                 31.326    

Slack (MET) :             31.733ns  (required time - arrival time)
  Source:                 vga/v_cnt_reg[1]/C
                            (rising edge-triggered cell FDRE clocked by clk_out1_clk_viz_1  {rise@0.000ns fall@20.000ns period=40.000ns})
  Destination:            frame_buffer/U0/inst_blk_mem_gen/gnbram.gnativebmg.native_blk_mem_gen/valid.cstr/ramloop[8].ram.r/prim_noinit.ram/DEVICE_7SERIES.NO_BMM_INFO.SDP.SIMPLE_PRIM36.ram/ADDRBWRADDR[14]
                            (rising edge-triggered cell RAMB36E1 clocked by clk_out1_clk_viz  {rise@0.000ns fall@20.000ns period=40.000ns})
  Path Group:             clk_out1_clk_viz
  Path Type:              Setup (Max at Slow Process Corner)
  Requirement:            40.000ns  (clk_out1_clk_viz rise@40.000ns - clk_out1_clk_viz_1 rise@0.000ns)
  Data Path Delay:        7.347ns  (logic 2.194ns (29.861%)  route 5.153ns (70.139%))
  Logic Levels:           4  (CARRY4=3 LUT2=1)
  Clock Path Skew:        -0.069ns (DCD - SCD + CPR)
    Destination Clock Delay (DCD):    -1.510ns = ( 38.490 - 40.000 ) 
    Source Clock Delay      (SCD):    -0.950ns
    Clock Pessimism Removal (CPR):    0.492ns
  Clock Uncertainty:      0.106ns  ((TSJ^2 + DJ^2)^1/2) / 2 + PE
    Total System Jitter     (TSJ):    0.071ns
    Discrete Jitter          (DJ):    0.200ns
    Phase Error              (PE):    0.000ns
  Clock Domain Crossing:  Inter clock paths are considered valid unless explicitly excluded by timing constraints such as set_clock_groups or set_false_path.

    Location             Delay type                Incr(ns)  Path(ns)    Netlist Resource(s)
  -------------------------------------------------------------------    -------------------
                         (clock clk_out1_clk_viz_1 rise edge)
                                                      0.000     0.000 r  
    W5                                                0.000     0.000 r  clk_100mhz (IN)
                         net (fo=0)                   0.000     0.000    instance_name/inst/clk_in1
    W5                   IBUF (Prop_ibuf_I_O)         1.458     1.458 r  instance_name/inst/clkin1_ibufg/O
                         net (fo=1, routed)           1.233     2.691    instance_name/inst/clk_in1_clk_viz
    MMCME2_ADV_X1Y0      MMCME2_ADV (Prop_mmcme2_adv_CLKIN1_CLKOUT0)
                                                     -6.961    -4.269 r  instance_name/inst/mmcm_adv_inst/CLKOUT0
                         net (fo=1, routed)           1.661    -2.608    instance_name/inst/clk_out1_clk_viz
    BUFGCTRL_X0Y1        BUFG (Prop_bufg_I_O)         0.096    -2.512 r  instance_name/inst/clkout1_buf/O
                         net (fo=83, routed)          1.562    -0.950    vga/CLK
    SLICE_X31Y38         FDRE                                         r  vga/v_cnt_reg[1]/C
  -------------------------------------------------------------------    -------------------
    SLICE_X31Y38         FDRE (Prop_fdre_C_Q)         0.456    -0.494 r  vga/v_cnt_reg[1]/Q
                         net (fo=12, routed)          0.671     0.178    vga/vga_y[1]
    SLICE_X30Y40         LUT2 (Prop_lut2_I1_O)        0.124     0.302 r  vga/frame_buffer_i_16/O
                         net (fo=1, routed)           0.000     0.302    vga/frame_buffer_i_16_n_0
    SLICE_X30Y40         CARRY4 (Prop_carry4_S[1]_O[2])
                                                      0.578     0.880 r  vga/frame_buffer_i_6/O[2]
                         net (fo=1, routed)           0.488     1.368    vga/read_addr0[9]
    SLICE_X31Y40         CARRY4 (Prop_carry4_S[3]_CO[3])
                                                      0.702     2.070 r  vga/frame_buffer_i_3/CO[3]
                         net (fo=1, routed)           0.000     2.070    vga/frame_buffer_i_3_n_0
    SLICE_X31Y41         CARRY4 (Prop_carry4_CI_O[1])
                                                      0.334     2.404 r  vga/frame_buffer_i_2/O[1]
                         net (fo=27, routed)          3.994     6.398    frame_buffer/U0/inst_blk_mem_gen/gnbram.gnativebmg.native_blk_mem_gen/valid.cstr/ramloop[8].ram.r/prim_noinit.ram/addrb[11]
    RAMB36_X2Y6          RAMB36E1                                     r  frame_buffer/U0/inst_blk_mem_gen/gnbram.gnativebmg.native_blk_mem_gen/valid.cstr/ramloop[8].ram.r/prim_noinit.ram/DEVICE_7SERIES.NO_BMM_INFO.SDP.SIMPLE_PRIM36.ram/ADDRBWRADDR[14]
  -------------------------------------------------------------------    -------------------

                         (clock clk_out1_clk_viz rise edge)
                                                     40.000    40.000 r  
    W5                                                0.000    40.000 r  clk_100mhz (IN)
                         net (fo=0)                   0.000    40.000    instance_name/inst/clk_in1
    W5                   IBUF (Prop_ibuf_I_O)         1.388    41.388 r  instance_name/inst/clkin1_ibufg/O
                         net (fo=1, routed)           1.162    42.550    instance_name/inst/clk_in1_clk_viz
    MMCME2_ADV_X1Y0      MMCME2_ADV (Prop_mmcme2_adv_CLKIN1_CLKOUT0)
                                                     -7.217    35.332 r  instance_name/inst/mmcm_adv_inst/CLKOUT0
                         net (fo=1, routed)           1.581    36.914    instance_name/inst/clk_out1_clk_viz
    BUFGCTRL_X0Y1        BUFG (Prop_bufg_I_O)         0.091    37.005 r  instance_name/inst/clkout1_buf/O
                         net (fo=83, routed)          1.486    38.490    frame_buffer/U0/inst_blk_mem_gen/gnbram.gnativebmg.native_blk_mem_gen/valid.cstr/ramloop[8].ram.r/prim_noinit.ram/clkb
    RAMB36_X2Y6          RAMB36E1                                     r  frame_buffer/U0/inst_blk_mem_gen/gnbram.gnativebmg.native_blk_mem_gen/valid.cstr/ramloop[8].ram.r/prim_noinit.ram/DEVICE_7SERIES.NO_BMM_INFO.SDP.SIMPLE_PRIM36.ram/CLKBWRCLK
                         clock pessimism              0.492    38.982    
                         clock uncertainty           -0.106    38.876    
    RAMB36_X2Y6          RAMB36E1 (Setup_ramb36e1_CLKBWRCLK_ADDRBWRADDR[14])
                                                     -0.745    38.131    frame_buffer/U0/inst_blk_mem_gen/gnbram.gnativebmg.native_blk_mem_gen/valid.cstr/ramloop[8].ram.r/prim_noinit.ram/DEVICE_7SERIES.NO_BMM_INFO.SDP.SIMPLE_PRIM36.ram
  -------------------------------------------------------------------
                         required time                         38.131    
                         arrival time                          -6.398    
  -------------------------------------------------------------------
                         slack                                 31.733    

Slack (MET) :             31.819ns  (required time - arrival time)
  Source:                 vga/v_cnt_reg[1]/C
                            (rising edge-triggered cell FDRE clocked by clk_out1_clk_viz_1  {rise@0.000ns fall@20.000ns period=40.000ns})
  Destination:            frame_buffer/U0/inst_blk_mem_gen/gnbram.gnativebmg.native_blk_mem_gen/valid.cstr/ramloop[7].ram.r/prim_noinit.ram/DEVICE_7SERIES.NO_BMM_INFO.SDP.SIMPLE_PRIM36.ram/ENBWREN
                            (rising edge-triggered cell RAMB36E1 clocked by clk_out1_clk_viz  {rise@0.000ns fall@20.000ns period=40.000ns})
  Path Group:             clk_out1_clk_viz
  Path Type:              Setup (Max at Slow Process Corner)
  Requirement:            40.000ns  (clk_out1_clk_viz rise@40.000ns - clk_out1_clk_viz_1 rise@0.000ns)
  Data Path Delay:        7.353ns  (logic 2.761ns (37.551%)  route 4.592ns (62.449%))
  Logic Levels:           6  (CARRY4=4 LUT2=1 LUT5=1)
  Clock Path Skew:        -0.077ns (DCD - SCD + CPR)
    Destination Clock Delay (DCD):    -1.510ns = ( 38.490 - 40.000 ) 
    Source Clock Delay      (SCD):    -0.950ns
    Clock Pessimism Removal (CPR):    0.484ns
  Clock Uncertainty:      0.106ns  ((TSJ^2 + DJ^2)^1/2) / 2 + PE
    Total System Jitter     (TSJ):    0.071ns
    Discrete Jitter          (DJ):    0.200ns
    Phase Error              (PE):    0.000ns
  Clock Domain Crossing:  Inter clock paths are considered valid unless explicitly excluded by timing constraints such as set_clock_groups or set_false_path.

    Location             Delay type                Incr(ns)  Path(ns)    Netlist Resource(s)
  -------------------------------------------------------------------    -------------------
                         (clock clk_out1_clk_viz_1 rise edge)
                                                      0.000     0.000 r  
    W5                                                0.000     0.000 r  clk_100mhz (IN)
                         net (fo=0)                   0.000     0.000    instance_name/inst/clk_in1
    W5                   IBUF (Prop_ibuf_I_O)         1.458     1.458 r  instance_name/inst/clkin1_ibufg/O
                         net (fo=1, routed)           1.233     2.691    instance_name/inst/clk_in1_clk_viz
    MMCME2_ADV_X1Y0      MMCME2_ADV (Prop_mmcme2_adv_CLKIN1_CLKOUT0)
                                                     -6.961    -4.269 r  instance_name/inst/mmcm_adv_inst/CLKOUT0
                         net (fo=1, routed)           1.661    -2.608    instance_name/inst/clk_out1_clk_viz
    BUFGCTRL_X0Y1        BUFG (Prop_bufg_I_O)         0.096    -2.512 r  instance_name/inst/clkout1_buf/O
                         net (fo=83, routed)          1.562    -0.950    vga/CLK
    SLICE_X31Y38         FDRE                                         r  vga/v_cnt_reg[1]/C
  -------------------------------------------------------------------    -------------------
    SLICE_X31Y38         FDRE (Prop_fdre_C_Q)         0.456    -0.494 r  vga/v_cnt_reg[1]/Q
                         net (fo=12, routed)          0.671     0.178    vga/vga_y[1]
    SLICE_X30Y40         LUT2 (Prop_lut2_I1_O)        0.124     0.302 r  vga/frame_buffer_i_16/O
                         net (fo=1, routed)           0.000     0.302    vga/frame_buffer_i_16_n_0
    SLICE_X30Y40         CARRY4 (Prop_carry4_S[1]_CO[3])
                                                      0.533     0.835 r  vga/frame_buffer_i_6/CO[3]
                         net (fo=1, routed)           0.000     0.835    vga/frame_buffer_i_6_n_0
    SLICE_X30Y41         CARRY4 (Prop_carry4_CI_O[0])
                                                      0.219     1.054 r  vga/frame_buffer_i_5/O[0]
                         net (fo=1, routed)           0.589     1.642    vga/read_addr0[11]
    SLICE_X31Y41         CARRY4 (Prop_carry4_S[1]_CO[3])
                                                      0.845     2.487 r  vga/frame_buffer_i_2/CO[3]
                         net (fo=1, routed)           0.000     2.487    vga/frame_buffer_i_2_n_0
    SLICE_X31Y42         CARRY4 (Prop_carry4_CI_O[2])
                                                      0.256     2.743 f  vga/frame_buffer_i_1/O[2]
                         net (fo=27, routed)          2.688     5.431    frame_buffer/U0/inst_blk_mem_gen/gnbram.gnativebmg.native_blk_mem_gen/valid.cstr/bindec_b.bindec_inst_b/addrb[4]
    SLICE_X57Y53         LUT5 (Prop_lut5_I1_O)        0.328     5.759 r  frame_buffer/U0/inst_blk_mem_gen/gnbram.gnativebmg.native_blk_mem_gen/valid.cstr/bindec_b.bindec_inst_b/ENOUT_inferred__1/i_/O
                         net (fo=1, routed)           0.644     6.403    frame_buffer/U0/inst_blk_mem_gen/gnbram.gnativebmg.native_blk_mem_gen/valid.cstr/ramloop[7].ram.r/prim_noinit.ram/enb_array[0]
    RAMB36_X2Y11         RAMB36E1                                     r  frame_buffer/U0/inst_blk_mem_gen/gnbram.gnativebmg.native_blk_mem_gen/valid.cstr/ramloop[7].ram.r/prim_noinit.ram/DEVICE_7SERIES.NO_BMM_INFO.SDP.SIMPLE_PRIM36.ram/ENBWREN
  -------------------------------------------------------------------    -------------------

                         (clock clk_out1_clk_viz rise edge)
                                                     40.000    40.000 r  
    W5                                                0.000    40.000 r  clk_100mhz (IN)
                         net (fo=0)                   0.000    40.000    instance_name/inst/clk_in1
    W5                   IBUF (Prop_ibuf_I_O)         1.388    41.388 r  instance_name/inst/clkin1_ibufg/O
                         net (fo=1, routed)           1.162    42.550    instance_name/inst/clk_in1_clk_viz
    MMCME2_ADV_X1Y0      MMCME2_ADV (Prop_mmcme2_adv_CLKIN1_CLKOUT0)
                                                     -7.217    35.332 r  instance_name/inst/mmcm_adv_inst/CLKOUT0
                         net (fo=1, routed)           1.581    36.914    instance_name/inst/clk_out1_clk_viz
    BUFGCTRL_X0Y1        BUFG (Prop_bufg_I_O)         0.091    37.005 r  instance_name/inst/clkout1_buf/O
                         net (fo=83, routed)          1.485    38.490    frame_buffer/U0/inst_blk_mem_gen/gnbram.gnativebmg.native_blk_mem_gen/valid.cstr/ramloop[7].ram.r/prim_noinit.ram/clkb
    RAMB36_X2Y11         RAMB36E1                                     r  frame_buffer/U0/inst_blk_mem_gen/gnbram.gnativebmg.native_blk_mem_gen/valid.cstr/ramloop[7].ram.r/prim_noinit.ram/DEVICE_7SERIES.NO_BMM_INFO.SDP.SIMPLE_PRIM36.ram/CLKBWRCLK
                         clock pessimism              0.484    38.973    
                         clock uncertainty           -0.106    38.867    
    RAMB36_X2Y11         RAMB36E1 (Setup_ramb36e1_CLKBWRCLK_ENBWREN)
                                                     -0.645    38.222    frame_buffer/U0/inst_blk_mem_gen/gnbram.gnativebmg.native_blk_mem_gen/valid.cstr/ramloop[7].ram.r/prim_noinit.ram/DEVICE_7SERIES.NO_BMM_INFO.SDP.SIMPLE_PRIM36.ram
  -------------------------------------------------------------------
                         required time                         38.222    
                         arrival time                          -6.403    
  -------------------------------------------------------------------
                         slack                                 31.819    

Slack (MET) :             31.961ns  (required time - arrival time)
  Source:                 vga/v_cnt_reg[1]/C
                            (rising edge-triggered cell FDRE clocked by clk_out1_clk_viz_1  {rise@0.000ns fall@20.000ns period=40.000ns})
  Destination:            frame_buffer/U0/inst_blk_mem_gen/gnbram.gnativebmg.native_blk_mem_gen/valid.cstr/ramloop[1].ram.r/prim_noinit.ram/DEVICE_7SERIES.NO_BMM_INFO.SDP.SIMPLE_PRIM18.ram/ENBWREN
                            (rising edge-triggered cell RAMB18E1 clocked by clk_out1_clk_viz  {rise@0.000ns fall@20.000ns period=40.000ns})
  Path Group:             clk_out1_clk_viz
  Path Type:              Setup (Max at Slow Process Corner)
  Requirement:            40.000ns  (clk_out1_clk_viz rise@40.000ns - clk_out1_clk_viz_1 rise@0.000ns)
  Data Path Delay:        7.411ns  (logic 2.711ns (36.583%)  route 4.700ns (63.417%))
  Logic Levels:           6  (CARRY4=4 LUT2=1 LUT3=1)
  Clock Path Skew:        -0.079ns (DCD - SCD + CPR)
    Destination Clock Delay (DCD):    -1.512ns = ( 38.488 - 40.000 ) 
    Source Clock Delay      (SCD):    -0.950ns
    Clock Pessimism Removal (CPR):    0.484ns
  Clock Uncertainty:      0.106ns  ((TSJ^2 + DJ^2)^1/2) / 2 + PE
    Total System Jitter     (TSJ):    0.071ns
    Discrete Jitter          (DJ):    0.200ns
    Phase Error              (PE):    0.000ns
  Clock Domain Crossing:  Inter clock paths are considered valid unless explicitly excluded by timing constraints such as set_clock_groups or set_false_path.

    Location             Delay type                Incr(ns)  Path(ns)    Netlist Resource(s)
  -------------------------------------------------------------------    -------------------
                         (clock clk_out1_clk_viz_1 rise edge)
                                                      0.000     0.000 r  
    W5                                                0.000     0.000 r  clk_100mhz (IN)
                         net (fo=0)                   0.000     0.000    instance_name/inst/clk_in1
    W5                   IBUF (Prop_ibuf_I_O)         1.458     1.458 r  instance_name/inst/clkin1_ibufg/O
                         net (fo=1, routed)           1.233     2.691    instance_name/inst/clk_in1_clk_viz
    MMCME2_ADV_X1Y0      MMCME2_ADV (Prop_mmcme2_adv_CLKIN1_CLKOUT0)
                                                     -6.961    -4.269 r  instance_name/inst/mmcm_adv_inst/CLKOUT0
                         net (fo=1, routed)           1.661    -2.608    instance_name/inst/clk_out1_clk_viz
    BUFGCTRL_X0Y1        BUFG (Prop_bufg_I_O)         0.096    -2.512 r  instance_name/inst/clkout1_buf/O
                         net (fo=83, routed)          1.562    -0.950    vga/CLK
    SLICE_X31Y38         FDRE                                         r  vga/v_cnt_reg[1]/C
  -------------------------------------------------------------------    -------------------
    SLICE_X31Y38         FDRE (Prop_fdre_C_Q)         0.456    -0.494 r  vga/v_cnt_reg[1]/Q
                         net (fo=12, routed)          0.671     0.178    vga/vga_y[1]
    SLICE_X30Y40         LUT2 (Prop_lut2_I1_O)        0.124     0.302 r  vga/frame_buffer_i_16/O
                         net (fo=1, routed)           0.000     0.302    vga/frame_buffer_i_16_n_0
    SLICE_X30Y40         CARRY4 (Prop_carry4_S[1]_CO[3])
                                                      0.533     0.835 r  vga/frame_buffer_i_6/CO[3]
                         net (fo=1, routed)           0.000     0.835    vga/frame_buffer_i_6_n_0
    SLICE_X30Y41         CARRY4 (Prop_carry4_CI_O[0])
                                                      0.219     1.054 r  vga/frame_buffer_i_5/O[0]
                         net (fo=1, routed)           0.589     1.642    vga/read_addr0[11]
    SLICE_X31Y41         CARRY4 (Prop_carry4_S[1]_CO[3])
                                                      0.845     2.487 r  vga/frame_buffer_i_2/CO[3]
                         net (fo=1, routed)           0.000     2.487    vga/frame_buffer_i_2_n_0
    SLICE_X31Y42         CARRY4 (Prop_carry4_CI_O[0])
                                                      0.235     2.722 f  vga/frame_buffer_i_1/O[0]
                         net (fo=27, routed)          2.663     5.386    frame_buffer/U0/inst_blk_mem_gen/gnbram.gnativebmg.native_blk_mem_gen/valid.cstr/addrb[14]
    SLICE_X48Y52         LUT3 (Prop_lut3_I1_O)        0.299     5.685 r  frame_buffer/U0/inst_blk_mem_gen/gnbram.gnativebmg.native_blk_mem_gen/valid.cstr/ramloop[1].ram.ram_enb/O
                         net (fo=2, routed)           0.777     6.461    frame_buffer/U0/inst_blk_mem_gen/gnbram.gnativebmg.native_blk_mem_gen/valid.cstr/ramloop[1].ram.r/prim_noinit.ram/ramloop[1].ram.ram_enb
    RAMB18_X1Y22         RAMB18E1                                     r  frame_buffer/U0/inst_blk_mem_gen/gnbram.gnativebmg.native_blk_mem_gen/valid.cstr/ramloop[1].ram.r/prim_noinit.ram/DEVICE_7SERIES.NO_BMM_INFO.SDP.SIMPLE_PRIM18.ram/ENBWREN
  -------------------------------------------------------------------    -------------------

                         (clock clk_out1_clk_viz rise edge)
                                                     40.000    40.000 r  
    W5                                                0.000    40.000 r  clk_100mhz (IN)
                         net (fo=0)                   0.000    40.000    instance_name/inst/clk_in1
    W5                   IBUF (Prop_ibuf_I_O)         1.388    41.388 r  instance_name/inst/clkin1_ibufg/O
                         net (fo=1, routed)           1.162    42.550    instance_name/inst/clk_in1_clk_viz
    MMCME2_ADV_X1Y0      MMCME2_ADV (Prop_mmcme2_adv_CLKIN1_CLKOUT0)
                                                     -7.217    35.332 r  instance_name/inst/mmcm_adv_inst/CLKOUT0
                         net (fo=1, routed)           1.581    36.914    instance_name/inst/clk_out1_clk_viz
    BUFGCTRL_X0Y1        BUFG (Prop_bufg_I_O)         0.091    37.005 r  instance_name/inst/clkout1_buf/O
                         net (fo=83, routed)          1.483    38.488    frame_buffer/U0/inst_blk_mem_gen/gnbram.gnativebmg.native_blk_mem_gen/valid.cstr/ramloop[1].ram.r/prim_noinit.ram/clkb
    RAMB18_X1Y22         RAMB18E1                                     r  frame_buffer/U0/inst_blk_mem_gen/gnbram.gnativebmg.native_blk_mem_gen/valid.cstr/ramloop[1].ram.r/prim_noinit.ram/DEVICE_7SERIES.NO_BMM_INFO.SDP.SIMPLE_PRIM18.ram/CLKBWRCLK
                         clock pessimism              0.484    38.971    
                         clock uncertainty           -0.106    38.865    
    RAMB18_X1Y22         RAMB18E1 (Setup_ramb18e1_CLKBWRCLK_ENBWREN)
                                                     -0.443    38.422    frame_buffer/U0/inst_blk_mem_gen/gnbram.gnativebmg.native_blk_mem_gen/valid.cstr/ramloop[1].ram.r/prim_noinit.ram/DEVICE_7SERIES.NO_BMM_INFO.SDP.SIMPLE_PRIM18.ram
  -------------------------------------------------------------------
                         required time                         38.422    
                         arrival time                          -6.461    
  -------------------------------------------------------------------
                         slack                                 31.961    

Slack (MET) :             32.076ns  (required time - arrival time)
  Source:                 vga/v_cnt_reg[1]/C
                            (rising edge-triggered cell FDRE clocked by clk_out1_clk_viz_1  {rise@0.000ns fall@20.000ns period=40.000ns})
  Destination:            frame_buffer/U0/inst_blk_mem_gen/gnbram.gnativebmg.native_blk_mem_gen/valid.cstr/ramloop[12].ram.r/prim_noinit.ram/DEVICE_7SERIES.NO_BMM_INFO.SDP.SIMPLE_PRIM36.ram/ADDRBWRADDR[14]
                            (rising edge-triggered cell RAMB36E1 clocked by clk_out1_clk_viz  {rise@0.000ns fall@20.000ns period=40.000ns})
  Path Group:             clk_out1_clk_viz
  Path Type:              Setup (Max at Slow Process Corner)
  Requirement:            40.000ns  (clk_out1_clk_viz rise@40.000ns - clk_out1_clk_viz_1 rise@0.000ns)
  Data Path Delay:        7.009ns  (logic 2.194ns (31.301%)  route 4.815ns (68.699%))
  Logic Levels:           4  (CARRY4=3 LUT2=1)
  Clock Path Skew:        -0.064ns (DCD - SCD + CPR)
    Destination Clock Delay (DCD):    -1.505ns = ( 38.495 - 40.000 ) 
    Source Clock Delay      (SCD):    -0.950ns
    Clock Pessimism Removal (CPR):    0.492ns
  Clock Uncertainty:      0.106ns  ((TSJ^2 + DJ^2)^1/2) / 2 + PE
    Total System Jitter     (TSJ):    0.071ns
    Discrete Jitter          (DJ):    0.200ns
    Phase Error              (PE):    0.000ns
  Clock Domain Crossing:  Inter clock paths are considered valid unless explicitly excluded by timing constraints such as set_clock_groups or set_false_path.

    Location             Delay type                Incr(ns)  Path(ns)    Netlist Resource(s)
  -------------------------------------------------------------------    -------------------
                         (clock clk_out1_clk_viz_1 rise edge)
                                                      0.000     0.000 r  
    W5                                                0.000     0.000 r  clk_100mhz (IN)
                         net (fo=0)                   0.000     0.000    instance_name/inst/clk_in1
    W5                   IBUF (Prop_ibuf_I_O)         1.458     1.458 r  instance_name/inst/clkin1_ibufg/O
                         net (fo=1, routed)           1.233     2.691    instance_name/inst/clk_in1_clk_viz
    MMCME2_ADV_X1Y0      MMCME2_ADV (Prop_mmcme2_adv_CLKIN1_CLKOUT0)
                                                     -6.961    -4.269 r  instance_name/inst/mmcm_adv_inst/CLKOUT0
                         net (fo=1, routed)           1.661    -2.608    instance_name/inst/clk_out1_clk_viz
    BUFGCTRL_X0Y1        BUFG (Prop_bufg_I_O)         0.096    -2.512 r  instance_name/inst/clkout1_buf/O
                         net (fo=83, routed)          1.562    -0.950    vga/CLK
    SLICE_X31Y38         FDRE                                         r  vga/v_cnt_reg[1]/C
  -------------------------------------------------------------------    -------------------
    SLICE_X31Y38         FDRE (Prop_fdre_C_Q)         0.456    -0.494 r  vga/v_cnt_reg[1]/Q
                         net (fo=12, routed)          0.671     0.178    vga/vga_y[1]
    SLICE_X30Y40         LUT2 (Prop_lut2_I1_O)        0.124     0.302 r  vga/frame_buffer_i_16/O
                         net (fo=1, routed)           0.000     0.302    vga/frame_buffer_i_16_n_0
    SLICE_X30Y40         CARRY4 (Prop_carry4_S[1]_O[2])
                                                      0.578     0.880 r  vga/frame_buffer_i_6/O[2]
                         net (fo=1, routed)           0.488     1.368    vga/read_addr0[9]
    SLICE_X31Y40         CARRY4 (Prop_carry4_S[3]_CO[3])
                                                      0.702     2.070 r  vga/frame_buffer_i_3/CO[3]
                         net (fo=1, routed)           0.000     2.070    vga/frame_buffer_i_3_n_0
    SLICE_X31Y41         CARRY4 (Prop_carry4_CI_O[1])
                                                      0.334     2.404 r  vga/frame_buffer_i_2/O[1]
                         net (fo=27, routed)          3.656     6.060    frame_buffer/U0/inst_blk_mem_gen/gnbram.gnativebmg.native_blk_mem_gen/valid.cstr/ramloop[12].ram.r/prim_noinit.ram/addrb[11]
    RAMB36_X2Y7          RAMB36E1                                     r  frame_buffer/U0/inst_blk_mem_gen/gnbram.gnativebmg.native_blk_mem_gen/valid.cstr/ramloop[12].ram.r/prim_noinit.ram/DEVICE_7SERIES.NO_BMM_INFO.SDP.SIMPLE_PRIM36.ram/ADDRBWRADDR[14]
  -------------------------------------------------------------------    -------------------

                         (clock clk_out1_clk_viz rise edge)
                                                     40.000    40.000 r  
    W5                                                0.000    40.000 r  clk_100mhz (IN)
                         net (fo=0)                   0.000    40.000    instance_name/inst/clk_in1
    W5                   IBUF (Prop_ibuf_I_O)         1.388    41.388 r  instance_name/inst/clkin1_ibufg/O
                         net (fo=1, routed)           1.162    42.550    instance_name/inst/clk_in1_clk_viz
    MMCME2_ADV_X1Y0      MMCME2_ADV (Prop_mmcme2_adv_CLKIN1_CLKOUT0)
                                                     -7.217    35.332 r  instance_name/inst/mmcm_adv_inst/CLKOUT0
                         net (fo=1, routed)           1.581    36.914    instance_name/inst/clk_out1_clk_viz
    BUFGCTRL_X0Y1        BUFG (Prop_bufg_I_O)         0.091    37.005 r  instance_name/inst/clkout1_buf/O
                         net (fo=83, routed)          1.491    38.495    frame_buffer/U0/inst_blk_mem_gen/gnbram.gnativebmg.native_blk_mem_gen/valid.cstr/ramloop[12].ram.r/prim_noinit.ram/clkb
    RAMB36_X2Y7          RAMB36E1                                     r  frame_buffer/U0/inst_blk_mem_gen/gnbram.gnativebmg.native_blk_mem_gen/valid.cstr/ramloop[12].ram.r/prim_noinit.ram/DEVICE_7SERIES.NO_BMM_INFO.SDP.SIMPLE_PRIM36.ram/CLKBWRCLK
                         clock pessimism              0.492    38.987    
                         clock uncertainty           -0.106    38.881    
    RAMB36_X2Y7          RAMB36E1 (Setup_ramb36e1_CLKBWRCLK_ADDRBWRADDR[14])
                                                     -0.745    38.136    frame_buffer/U0/inst_blk_mem_gen/gnbram.gnativebmg.native_blk_mem_gen/valid.cstr/ramloop[12].ram.r/prim_noinit.ram/DEVICE_7SERIES.NO_BMM_INFO.SDP.SIMPLE_PRIM36.ram
  -------------------------------------------------------------------
                         required time                         38.136    
                         arrival time                          -6.060    
  -------------------------------------------------------------------
                         slack                                 32.076    

Slack (MET) :             32.210ns  (required time - arrival time)
  Source:                 vga/v_cnt_reg[1]/C
                            (rising edge-triggered cell FDRE clocked by clk_out1_clk_viz_1  {rise@0.000ns fall@20.000ns period=40.000ns})
  Destination:            frame_buffer/U0/inst_blk_mem_gen/gnbram.gnativebmg.native_blk_mem_gen/valid.cstr/ramloop[6].ram.r/prim_noinit.ram/DEVICE_7SERIES.NO_BMM_INFO.SDP.SIMPLE_PRIM36.ram/ENBWREN
                            (rising edge-triggered cell RAMB36E1 clocked by clk_out1_clk_viz  {rise@0.000ns fall@20.000ns period=40.000ns})
  Path Group:             clk_out1_clk_viz
  Path Type:              Setup (Max at Slow Process Corner)
  Requirement:            40.000ns  (clk_out1_clk_viz rise@40.000ns - clk_out1_clk_viz_1 rise@0.000ns)
  Data Path Delay:        7.165ns  (logic 2.735ns (38.173%)  route 4.430ns (61.827%))
  Logic Levels:           6  (CARRY4=4 LUT2=1 LUT5=1)
  Clock Path Skew:        -0.076ns (DCD - SCD + CPR)
    Destination Clock Delay (DCD):    -1.509ns = ( 38.491 - 40.000 ) 
    Source Clock Delay      (SCD):    -0.950ns
    Clock Pessimism Removal (CPR):    0.484ns
  Clock Uncertainty:      0.106ns  ((TSJ^2 + DJ^2)^1/2) / 2 + PE
    Total System Jitter     (TSJ):    0.071ns
    Discrete Jitter          (DJ):    0.200ns
    Phase Error              (PE):    0.000ns
  Clock Domain Crossing:  Inter clock paths are considered valid unless explicitly excluded by timing constraints such as set_clock_groups or set_false_path.

    Location             Delay type                Incr(ns)  Path(ns)    Netlist Resource(s)
  -------------------------------------------------------------------    -------------------
                         (clock clk_out1_clk_viz_1 rise edge)
                                                      0.000     0.000 r  
    W5                                                0.000     0.000 r  clk_100mhz (IN)
                         net (fo=0)                   0.000     0.000    instance_name/inst/clk_in1
    W5                   IBUF (Prop_ibuf_I_O)         1.458     1.458 r  instance_name/inst/clkin1_ibufg/O
                         net (fo=1, routed)           1.233     2.691    instance_name/inst/clk_in1_clk_viz
    MMCME2_ADV_X1Y0      MMCME2_ADV (Prop_mmcme2_adv_CLKIN1_CLKOUT0)
                                                     -6.961    -4.269 r  instance_name/inst/mmcm_adv_inst/CLKOUT0
                         net (fo=1, routed)           1.661    -2.608    instance_name/inst/clk_out1_clk_viz
    BUFGCTRL_X0Y1        BUFG (Prop_bufg_I_O)         0.096    -2.512 r  instance_name/inst/clkout1_buf/O
                         net (fo=83, routed)          1.562    -0.950    vga/CLK
    SLICE_X31Y38         FDRE                                         r  vga/v_cnt_reg[1]/C
  -------------------------------------------------------------------    -------------------
    SLICE_X31Y38         FDRE (Prop_fdre_C_Q)         0.456    -0.494 r  vga/v_cnt_reg[1]/Q
                         net (fo=12, routed)          0.671     0.178    vga/vga_y[1]
    SLICE_X30Y40         LUT2 (Prop_lut2_I1_O)        0.124     0.302 r  vga/frame_buffer_i_16/O
                         net (fo=1, routed)           0.000     0.302    vga/frame_buffer_i_16_n_0
    SLICE_X30Y40         CARRY4 (Prop_carry4_S[1]_CO[3])
                                                      0.533     0.835 r  vga/frame_buffer_i_6/CO[3]
                         net (fo=1, routed)           0.000     0.835    vga/frame_buffer_i_6_n_0
    SLICE_X30Y41         CARRY4 (Prop_carry4_CI_O[0])
                                                      0.219     1.054 r  vga/frame_buffer_i_5/O[0]
                         net (fo=1, routed)           0.589     1.642    vga/read_addr0[11]
    SLICE_X31Y41         CARRY4 (Prop_carry4_S[1]_CO[3])
                                                      0.845     2.487 r  vga/frame_buffer_i_2/CO[3]
                         net (fo=1, routed)           0.000     2.487    vga/frame_buffer_i_2_n_0
    SLICE_X31Y42         CARRY4 (Prop_carry4_CI_O[2])
                                                      0.256     2.743 f  vga/frame_buffer_i_1/O[2]
                         net (fo=27, routed)          2.688     5.431    frame_buffer/U0/inst_blk_mem_gen/gnbram.gnativebmg.native_blk_mem_gen/valid.cstr/bindec_b.bindec_inst_b/addrb[4]
    SLICE_X57Y53         LUT5 (Prop_lut5_I1_O)        0.302     5.733 r  frame_buffer/U0/inst_blk_mem_gen/gnbram.gnativebmg.native_blk_mem_gen/valid.cstr/bindec_b.bindec_inst_b/ENOUT_inferred__0/i_/O
                         net (fo=1, routed)           0.482     6.215    frame_buffer/U0/inst_blk_mem_gen/gnbram.gnativebmg.native_blk_mem_gen/valid.cstr/ramloop[6].ram.r/prim_noinit.ram/enb_array[0]
    RAMB36_X2Y10         RAMB36E1                                     r  frame_buffer/U0/inst_blk_mem_gen/gnbram.gnativebmg.native_blk_mem_gen/valid.cstr/ramloop[6].ram.r/prim_noinit.ram/DEVICE_7SERIES.NO_BMM_INFO.SDP.SIMPLE_PRIM36.ram/ENBWREN
  -------------------------------------------------------------------    -------------------

                         (clock clk_out1_clk_viz rise edge)
                                                     40.000    40.000 r  
    W5                                                0.000    40.000 r  clk_100mhz (IN)
                         net (fo=0)                   0.000    40.000    instance_name/inst/clk_in1
    W5                   IBUF (Prop_ibuf_I_O)         1.388    41.388 r  instance_name/inst/clkin1_ibufg/O
                         net (fo=1, routed)           1.162    42.550    instance_name/inst/clk_in1_clk_viz
    MMCME2_ADV_X1Y0      MMCME2_ADV (Prop_mmcme2_adv_CLKIN1_CLKOUT0)
                                                     -7.217    35.332 r  instance_name/inst/mmcm_adv_inst/CLKOUT0
                         net (fo=1, routed)           1.581    36.914    instance_name/inst/clk_out1_clk_viz
    BUFGCTRL_X0Y1        BUFG (Prop_bufg_I_O)         0.091    37.005 r  instance_name/inst/clkout1_buf/O
                         net (fo=83, routed)          1.486    38.491    frame_buffer/U0/inst_blk_mem_gen/gnbram.gnativebmg.native_blk_mem_gen/valid.cstr/ramloop[6].ram.r/prim_noinit.ram/clkb
    RAMB36_X2Y10         RAMB36E1                                     r  frame_buffer/U0/inst_blk_mem_gen/gnbram.gnativebmg.native_blk_mem_gen/valid.cstr/ramloop[6].ram.r/prim_noinit.ram/DEVICE_7SERIES.NO_BMM_INFO.SDP.SIMPLE_PRIM36.ram/CLKBWRCLK
                         clock pessimism              0.484    38.974    
                         clock uncertainty           -0.106    38.868    
    RAMB36_X2Y10         RAMB36E1 (Setup_ramb36e1_CLKBWRCLK_ENBWREN)
                                                     -0.443    38.425    frame_buffer/U0/inst_blk_mem_gen/gnbram.gnativebmg.native_blk_mem_gen/valid.cstr/ramloop[6].ram.r/prim_noinit.ram/DEVICE_7SERIES.NO_BMM_INFO.SDP.SIMPLE_PRIM36.ram
  -------------------------------------------------------------------
                         required time                         38.425    
                         arrival time                          -6.215    
  -------------------------------------------------------------------
                         slack                                 32.210    

Slack (MET) :             32.259ns  (required time - arrival time)
  Source:                 vga/v_cnt_reg[1]/C
                            (rising edge-triggered cell FDRE clocked by clk_out1_clk_viz_1  {rise@0.000ns fall@20.000ns period=40.000ns})
  Destination:            frame_buffer/U0/inst_blk_mem_gen/gnbram.gnativebmg.native_blk_mem_gen/valid.cstr/ramloop[1].ram.r/prim_noinit.ram/DEVICE_7SERIES.NO_BMM_INFO.SDP.SIMPLE_PRIM18.ram/ADDRBWRADDR[13]
                            (rising edge-triggered cell RAMB18E1 clocked by clk_out1_clk_viz  {rise@0.000ns fall@20.000ns period=40.000ns})
  Path Group:             clk_out1_clk_viz
  Path Type:              Setup (Max at Slow Process Corner)
  Requirement:            40.000ns  (clk_out1_clk_viz rise@40.000ns - clk_out1_clk_viz_1 rise@0.000ns)
  Data Path Delay:        6.808ns  (logic 2.267ns (33.301%)  route 4.541ns (66.699%))
  Logic Levels:           4  (CARRY4=3 LUT2=1)
  Clock Path Skew:        -0.079ns (DCD - SCD + CPR)
    Destination Clock Delay (DCD):    -1.512ns = ( 38.488 - 40.000 ) 
    Source Clock Delay      (SCD):    -0.950ns
    Clock Pessimism Removal (CPR):    0.484ns
  Clock Uncertainty:      0.106ns  ((TSJ^2 + DJ^2)^1/2) / 2 + PE
    Total System Jitter     (TSJ):    0.071ns
    Discrete Jitter          (DJ):    0.200ns
    Phase Error              (PE):    0.000ns
  Clock Domain Crossing:  Inter clock paths are considered valid unless explicitly excluded by timing constraints such as set_clock_groups or set_false_path.

    Location             Delay type                Incr(ns)  Path(ns)    Netlist Resource(s)
  -------------------------------------------------------------------    -------------------
                         (clock clk_out1_clk_viz_1 rise edge)
                                                      0.000     0.000 r  
    W5                                                0.000     0.000 r  clk_100mhz (IN)
                         net (fo=0)                   0.000     0.000    instance_name/inst/clk_in1
    W5                   IBUF (Prop_ibuf_I_O)         1.458     1.458 r  instance_name/inst/clkin1_ibufg/O
                         net (fo=1, routed)           1.233     2.691    instance_name/inst/clk_in1_clk_viz
    MMCME2_ADV_X1Y0      MMCME2_ADV (Prop_mmcme2_adv_CLKIN1_CLKOUT0)
                                                     -6.961    -4.269 r  instance_name/inst/mmcm_adv_inst/CLKOUT0
                         net (fo=1, routed)           1.661    -2.608    instance_name/inst/clk_out1_clk_viz
    BUFGCTRL_X0Y1        BUFG (Prop_bufg_I_O)         0.096    -2.512 r  instance_name/inst/clkout1_buf/O
                         net (fo=83, routed)          1.562    -0.950    vga/CLK
    SLICE_X31Y38         FDRE                                         r  vga/v_cnt_reg[1]/C
  -------------------------------------------------------------------    -------------------
    SLICE_X31Y38         FDRE (Prop_fdre_C_Q)         0.456    -0.494 r  vga/v_cnt_reg[1]/Q
                         net (fo=12, routed)          0.671     0.178    vga/vga_y[1]
    SLICE_X30Y40         LUT2 (Prop_lut2_I1_O)        0.124     0.302 r  vga/frame_buffer_i_16/O
                         net (fo=1, routed)           0.000     0.302    vga/frame_buffer_i_16_n_0
    SLICE_X30Y40         CARRY4 (Prop_carry4_S[1]_CO[3])
                                                      0.533     0.835 r  vga/frame_buffer_i_6/CO[3]
                         net (fo=1, routed)           0.000     0.835    vga/frame_buffer_i_6_n_0
    SLICE_X30Y41         CARRY4 (Prop_carry4_CI_O[0])
                                                      0.219     1.054 r  vga/frame_buffer_i_5/O[0]
                         net (fo=1, routed)           0.589     1.642    vga/read_addr0[11]
    SLICE_X31Y41         CARRY4 (Prop_carry4_S[1]_O[3])
                                                      0.935     2.577 r  vga/frame_buffer_i_2/O[3]
                         net (fo=28, routed)          3.281     5.858    frame_buffer/U0/inst_blk_mem_gen/gnbram.gnativebmg.native_blk_mem_gen/valid.cstr/ramloop[1].ram.r/prim_noinit.ram/addrb[13]
    RAMB18_X1Y22         RAMB18E1                                     r  frame_buffer/U0/inst_blk_mem_gen/gnbram.gnativebmg.native_blk_mem_gen/valid.cstr/ramloop[1].ram.r/prim_noinit.ram/DEVICE_7SERIES.NO_BMM_INFO.SDP.SIMPLE_PRIM18.ram/ADDRBWRADDR[13]
  -------------------------------------------------------------------    -------------------

                         (clock clk_out1_clk_viz rise edge)
                                                     40.000    40.000 r  
    W5                                                0.000    40.000 r  clk_100mhz (IN)
                         net (fo=0)                   0.000    40.000    instance_name/inst/clk_in1
    W5                   IBUF (Prop_ibuf_I_O)         1.388    41.388 r  instance_name/inst/clkin1_ibufg/O
                         net (fo=1, routed)           1.162    42.550    instance_name/inst/clk_in1_clk_viz
    MMCME2_ADV_X1Y0      MMCME2_ADV (Prop_mmcme2_adv_CLKIN1_CLKOUT0)
                                                     -7.217    35.332 r  instance_name/inst/mmcm_adv_inst/CLKOUT0
                         net (fo=1, routed)           1.581    36.914    instance_name/inst/clk_out1_clk_viz
    BUFGCTRL_X0Y1        BUFG (Prop_bufg_I_O)         0.091    37.005 r  instance_name/inst/clkout1_buf/O
                         net (fo=83, routed)          1.483    38.488    frame_buffer/U0/inst_blk_mem_gen/gnbram.gnativebmg.native_blk_mem_gen/valid.cstr/ramloop[1].ram.r/prim_noinit.ram/clkb
    RAMB18_X1Y22         RAMB18E1                                     r  frame_buffer/U0/inst_blk_mem_gen/gnbram.gnativebmg.native_blk_mem_gen/valid.cstr/ramloop[1].ram.r/prim_noinit.ram/DEVICE_7SERIES.NO_BMM_INFO.SDP.SIMPLE_PRIM18.ram/CLKBWRCLK
                         clock pessimism              0.484    38.971    
                         clock uncertainty           -0.106    38.865    
    RAMB18_X1Y22         RAMB18E1 (Setup_ramb18e1_CLKBWRCLK_ADDRBWRADDR[13])
                                                     -0.748    38.117    frame_buffer/U0/inst_blk_mem_gen/gnbram.gnativebmg.native_blk_mem_gen/valid.cstr/ramloop[1].ram.r/prim_noinit.ram/DEVICE_7SERIES.NO_BMM_INFO.SDP.SIMPLE_PRIM18.ram
  -------------------------------------------------------------------
                         required time                         38.117    
                         arrival time                          -5.858    
  -------------------------------------------------------------------
                         slack                                 32.259    

Slack (MET) :             32.387ns  (required time - arrival time)
  Source:                 vga/v_cnt_reg[1]/C
                            (rising edge-triggered cell FDRE clocked by clk_out1_clk_viz_1  {rise@0.000ns fall@20.000ns period=40.000ns})
  Destination:            frame_buffer/U0/inst_blk_mem_gen/gnbram.gnativebmg.native_blk_mem_gen/valid.cstr/ramloop[3].ram.r/prim_noinit.ram/DEVICE_7SERIES.NO_BMM_INFO.SDP.SIMPLE_PRIM36.ram/ENBWREN
                            (rising edge-triggered cell RAMB36E1 clocked by clk_out1_clk_viz  {rise@0.000ns fall@20.000ns period=40.000ns})
  Path Group:             clk_out1_clk_viz
  Path Type:              Setup (Max at Slow Process Corner)
  Requirement:            40.000ns  (clk_out1_clk_viz rise@40.000ns - clk_out1_clk_viz_1 rise@0.000ns)
  Data Path Delay:        6.985ns  (logic 2.711ns (38.809%)  route 4.274ns (61.191%))
  Logic Levels:           6  (CARRY4=4 LUT2=1 LUT3=1)
  Clock Path Skew:        -0.078ns (DCD - SCD + CPR)
    Destination Clock Delay (DCD):    -1.511ns = ( 38.489 - 40.000 ) 
    Source Clock Delay      (SCD):    -0.950ns
    Clock Pessimism Removal (CPR):    0.484ns
  Clock Uncertainty:      0.106ns  ((TSJ^2 + DJ^2)^1/2) / 2 + PE
    Total System Jitter     (TSJ):    0.071ns
    Discrete Jitter          (DJ):    0.200ns
    Phase Error              (PE):    0.000ns
  Clock Domain Crossing:  Inter clock paths are considered valid unless explicitly excluded by timing constraints such as set_clock_groups or set_false_path.

    Location             Delay type                Incr(ns)  Path(ns)    Netlist Resource(s)
  -------------------------------------------------------------------    -------------------
                         (clock clk_out1_clk_viz_1 rise edge)
                                                      0.000     0.000 r  
    W5                                                0.000     0.000 r  clk_100mhz (IN)
                         net (fo=0)                   0.000     0.000    instance_name/inst/clk_in1
    W5                   IBUF (Prop_ibuf_I_O)         1.458     1.458 r  instance_name/inst/clkin1_ibufg/O
                         net (fo=1, routed)           1.233     2.691    instance_name/inst/clk_in1_clk_viz
    MMCME2_ADV_X1Y0      MMCME2_ADV (Prop_mmcme2_adv_CLKIN1_CLKOUT0)
                                                     -6.961    -4.269 r  instance_name/inst/mmcm_adv_inst/CLKOUT0
                         net (fo=1, routed)           1.661    -2.608    instance_name/inst/clk_out1_clk_viz
    BUFGCTRL_X0Y1        BUFG (Prop_bufg_I_O)         0.096    -2.512 r  instance_name/inst/clkout1_buf/O
                         net (fo=83, routed)          1.562    -0.950    vga/CLK
    SLICE_X31Y38         FDRE                                         r  vga/v_cnt_reg[1]/C
  -------------------------------------------------------------------    -------------------
    SLICE_X31Y38         FDRE (Prop_fdre_C_Q)         0.456    -0.494 r  vga/v_cnt_reg[1]/Q
                         net (fo=12, routed)          0.671     0.178    vga/vga_y[1]
    SLICE_X30Y40         LUT2 (Prop_lut2_I1_O)        0.124     0.302 r  vga/frame_buffer_i_16/O
                         net (fo=1, routed)           0.000     0.302    vga/frame_buffer_i_16_n_0
    SLICE_X30Y40         CARRY4 (Prop_carry4_S[1]_CO[3])
                                                      0.533     0.835 r  vga/frame_buffer_i_6/CO[3]
                         net (fo=1, routed)           0.000     0.835    vga/frame_buffer_i_6_n_0
    SLICE_X30Y41         CARRY4 (Prop_carry4_CI_O[0])
                                                      0.219     1.054 r  vga/frame_buffer_i_5/O[0]
                         net (fo=1, routed)           0.589     1.642    vga/read_addr0[11]
    SLICE_X31Y41         CARRY4 (Prop_carry4_S[1]_CO[3])
                                                      0.845     2.487 r  vga/frame_buffer_i_2/CO[3]
                         net (fo=1, routed)           0.000     2.487    vga/frame_buffer_i_2_n_0
    SLICE_X31Y42         CARRY4 (Prop_carry4_CI_O[0])
                                                      0.235     2.722 f  vga/frame_buffer_i_1/O[0]
                         net (fo=27, routed)          2.663     5.386    frame_buffer/U0/inst_blk_mem_gen/gnbram.gnativebmg.native_blk_mem_gen/valid.cstr/addrb[14]
    SLICE_X48Y52         LUT3 (Prop_lut3_I1_O)        0.299     5.685 r  frame_buffer/U0/inst_blk_mem_gen/gnbram.gnativebmg.native_blk_mem_gen/valid.cstr/ramloop[1].ram.ram_enb/O
                         net (fo=2, routed)           0.351     6.036    frame_buffer/U0/inst_blk_mem_gen/gnbram.gnativebmg.native_blk_mem_gen/valid.cstr/ramloop[3].ram.r/prim_noinit.ram/ramloop[1].ram.ram_enb
    RAMB36_X1Y10         RAMB36E1                                     r  frame_buffer/U0/inst_blk_mem_gen/gnbram.gnativebmg.native_blk_mem_gen/valid.cstr/ramloop[3].ram.r/prim_noinit.ram/DEVICE_7SERIES.NO_BMM_INFO.SDP.SIMPLE_PRIM36.ram/ENBWREN
  -------------------------------------------------------------------    -------------------

                         (clock clk_out1_clk_viz rise edge)
                                                     40.000    40.000 r  
    W5                                                0.000    40.000 r  clk_100mhz (IN)
                         net (fo=0)                   0.000    40.000    instance_name/inst/clk_in1
    W5                   IBUF (Prop_ibuf_I_O)         1.388    41.388 r  instance_name/inst/clkin1_ibufg/O
                         net (fo=1, routed)           1.162    42.550    instance_name/inst/clk_in1_clk_viz
    MMCME2_ADV_X1Y0      MMCME2_ADV (Prop_mmcme2_adv_CLKIN1_CLKOUT0)
                                                     -7.217    35.332 r  instance_name/inst/mmcm_adv_inst/CLKOUT0
                         net (fo=1, routed)           1.581    36.914    instance_name/inst/clk_out1_clk_viz
    BUFGCTRL_X0Y1        BUFG (Prop_bufg_I_O)         0.091    37.005 r  instance_name/inst/clkout1_buf/O
                         net (fo=83, routed)          1.484    38.489    frame_buffer/U0/inst_blk_mem_gen/gnbram.gnativebmg.native_blk_mem_gen/valid.cstr/ramloop[3].ram.r/prim_noinit.ram/clkb
    RAMB36_X1Y10         RAMB36E1                                     r  frame_buffer/U0/inst_blk_mem_gen/gnbram.gnativebmg.native_blk_mem_gen/valid.cstr/ramloop[3].ram.r/prim_noinit.ram/DEVICE_7SERIES.NO_BMM_INFO.SDP.SIMPLE_PRIM36.ram/CLKBWRCLK
                         clock pessimism              0.484    38.972    
                         clock uncertainty           -0.106    38.866    
    RAMB36_X1Y10         RAMB36E1 (Setup_ramb36e1_CLKBWRCLK_ENBWREN)
                                                     -0.443    38.423    frame_buffer/U0/inst_blk_mem_gen/gnbram.gnativebmg.native_blk_mem_gen/valid.cstr/ramloop[3].ram.r/prim_noinit.ram/DEVICE_7SERIES.NO_BMM_INFO.SDP.SIMPLE_PRIM36.ram
  -------------------------------------------------------------------
                         required time                         38.423    
                         arrival time                          -6.036    
  -------------------------------------------------------------------
                         slack                                 32.387    

Slack (MET) :             32.418ns  (required time - arrival time)
  Source:                 vga/v_cnt_reg[1]/C
                            (rising edge-triggered cell FDRE clocked by clk_out1_clk_viz_1  {rise@0.000ns fall@20.000ns period=40.000ns})
  Destination:            frame_buffer/U0/inst_blk_mem_gen/gnbram.gnativebmg.native_blk_mem_gen/valid.cstr/ramloop[10].ram.r/prim_noinit.ram/DEVICE_7SERIES.NO_BMM_INFO.SDP.SIMPLE_PRIM36.ram/ADDRBWRADDR[14]
                            (rising edge-triggered cell RAMB36E1 clocked by clk_out1_clk_viz  {rise@0.000ns fall@20.000ns period=40.000ns})
  Path Group:             clk_out1_clk_viz
  Path Type:              Setup (Max at Slow Process Corner)
  Requirement:            40.000ns  (clk_out1_clk_viz rise@40.000ns - clk_out1_clk_viz_1 rise@0.000ns)
  Data Path Delay:        6.671ns  (logic 2.194ns (32.886%)  route 4.477ns (67.114%))
  Logic Levels:           4  (CARRY4=3 LUT2=1)
  Clock Path Skew:        -0.060ns (DCD - SCD + CPR)
    Destination Clock Delay (DCD):    -1.501ns = ( 38.499 - 40.000 ) 
    Source Clock Delay      (SCD):    -0.950ns
    Clock Pessimism Removal (CPR):    0.492ns
  Clock Uncertainty:      0.106ns  ((TSJ^2 + DJ^2)^1/2) / 2 + PE
    Total System Jitter     (TSJ):    0.071ns
    Discrete Jitter          (DJ):    0.200ns
    Phase Error              (PE):    0.000ns
  Clock Domain Crossing:  Inter clock paths are considered valid unless explicitly excluded by timing constraints such as set_clock_groups or set_false_path.

    Location             Delay type                Incr(ns)  Path(ns)    Netlist Resource(s)
  -------------------------------------------------------------------    -------------------
                         (clock clk_out1_clk_viz_1 rise edge)
                                                      0.000     0.000 r  
    W5                                                0.000     0.000 r  clk_100mhz (IN)
                         net (fo=0)                   0.000     0.000    instance_name/inst/clk_in1
    W5                   IBUF (Prop_ibuf_I_O)         1.458     1.458 r  instance_name/inst/clkin1_ibufg/O
                         net (fo=1, routed)           1.233     2.691    instance_name/inst/clk_in1_clk_viz
    MMCME2_ADV_X1Y0      MMCME2_ADV (Prop_mmcme2_adv_CLKIN1_CLKOUT0)
                                                     -6.961    -4.269 r  instance_name/inst/mmcm_adv_inst/CLKOUT0
                         net (fo=1, routed)           1.661    -2.608    instance_name/inst/clk_out1_clk_viz
    BUFGCTRL_X0Y1        BUFG (Prop_bufg_I_O)         0.096    -2.512 r  instance_name/inst/clkout1_buf/O
                         net (fo=83, routed)          1.562    -0.950    vga/CLK
    SLICE_X31Y38         FDRE                                         r  vga/v_cnt_reg[1]/C
  -------------------------------------------------------------------    -------------------
    SLICE_X31Y38         FDRE (Prop_fdre_C_Q)         0.456    -0.494 r  vga/v_cnt_reg[1]/Q
                         net (fo=12, routed)          0.671     0.178    vga/vga_y[1]
    SLICE_X30Y40         LUT2 (Prop_lut2_I1_O)        0.124     0.302 r  vga/frame_buffer_i_16/O
                         net (fo=1, routed)           0.000     0.302    vga/frame_buffer_i_16_n_0
    SLICE_X30Y40         CARRY4 (Prop_carry4_S[1]_O[2])
                                                      0.578     0.880 r  vga/frame_buffer_i_6/O[2]
                         net (fo=1, routed)           0.488     1.368    vga/read_addr0[9]
    SLICE_X31Y40         CARRY4 (Prop_carry4_S[3]_CO[3])
                                                      0.702     2.070 r  vga/frame_buffer_i_3/CO[3]
                         net (fo=1, routed)           0.000     2.070    vga/frame_buffer_i_3_n_0
    SLICE_X31Y41         CARRY4 (Prop_carry4_CI_O[1])
                                                      0.334     2.404 r  vga/frame_buffer_i_2/O[1]
                         net (fo=27, routed)          3.318     5.722    frame_buffer/U0/inst_blk_mem_gen/gnbram.gnativebmg.native_blk_mem_gen/valid.cstr/ramloop[10].ram.r/prim_noinit.ram/addrb[11]
    RAMB36_X2Y8          RAMB36E1                                     r  frame_buffer/U0/inst_blk_mem_gen/gnbram.gnativebmg.native_blk_mem_gen/valid.cstr/ramloop[10].ram.r/prim_noinit.ram/DEVICE_7SERIES.NO_BMM_INFO.SDP.SIMPLE_PRIM36.ram/ADDRBWRADDR[14]
  -------------------------------------------------------------------    -------------------

                         (clock clk_out1_clk_viz rise edge)
                                                     40.000    40.000 r  
    W5                                                0.000    40.000 r  clk_100mhz (IN)
                         net (fo=0)                   0.000    40.000    instance_name/inst/clk_in1
    W5                   IBUF (Prop_ibuf_I_O)         1.388    41.388 r  instance_name/inst/clkin1_ibufg/O
                         net (fo=1, routed)           1.162    42.550    instance_name/inst/clk_in1_clk_viz
    MMCME2_ADV_X1Y0      MMCME2_ADV (Prop_mmcme2_adv_CLKIN1_CLKOUT0)
                                                     -7.217    35.332 r  instance_name/inst/mmcm_adv_inst/CLKOUT0
                         net (fo=1, routed)           1.581    36.914    instance_name/inst/clk_out1_clk_viz
    BUFGCTRL_X0Y1        BUFG (Prop_bufg_I_O)         0.091    37.005 r  instance_name/inst/clkout1_buf/O
                         net (fo=83, routed)          1.495    38.499    frame_buffer/U0/inst_blk_mem_gen/gnbram.gnativebmg.native_blk_mem_gen/valid.cstr/ramloop[10].ram.r/prim_noinit.ram/clkb
    RAMB36_X2Y8          RAMB36E1                                     r  frame_buffer/U0/inst_blk_mem_gen/gnbram.gnativebmg.native_blk_mem_gen/valid.cstr/ramloop[10].ram.r/prim_noinit.ram/DEVICE_7SERIES.NO_BMM_INFO.SDP.SIMPLE_PRIM36.ram/CLKBWRCLK
                         clock pessimism              0.492    38.991    
                         clock uncertainty           -0.106    38.885    
    RAMB36_X2Y8          RAMB36E1 (Setup_ramb36e1_CLKBWRCLK_ADDRBWRADDR[14])
                                                     -0.745    38.140    frame_buffer/U0/inst_blk_mem_gen/gnbram.gnativebmg.native_blk_mem_gen/valid.cstr/ramloop[10].ram.r/prim_noinit.ram/DEVICE_7SERIES.NO_BMM_INFO.SDP.SIMPLE_PRIM36.ram
  -------------------------------------------------------------------
                         required time                         38.140    
                         arrival time                          -5.722    
  -------------------------------------------------------------------
                         slack                                 32.418    





Min Delay Paths
--------------------------------------------------------------------------------------
Slack (MET) :             0.068ns  (arrival time - required time)
  Source:                 vga/h_cnt_reg[1]/C
                            (rising edge-triggered cell FDRE clocked by clk_out1_clk_viz_1  {rise@0.000ns fall@20.000ns period=40.000ns})
  Destination:            vga/h_cnt_reg[3]/D
                            (rising edge-triggered cell FDRE clocked by clk_out1_clk_viz  {rise@0.000ns fall@20.000ns period=40.000ns})
  Path Group:             clk_out1_clk_viz
  Path Type:              Hold (Min at Fast Process Corner)
  Requirement:            0.000ns  (clk_out1_clk_viz rise@0.000ns - clk_out1_clk_viz_1 rise@0.000ns)
  Data Path Delay:        0.307ns  (logic 0.186ns (60.498%)  route 0.121ns (39.502%))
  Logic Levels:           1  (LUT4=1)
  Clock Path Skew:        0.013ns (DCD - SCD - CPR)
    Destination Clock Delay (DCD):    -0.860ns
    Source Clock Delay      (SCD):    -0.620ns
    Clock Pessimism Removal (CPR):    -0.252ns
  Clock Uncertainty:      0.106ns  ((TSJ^2 + DJ^2)^1/2) / 2 + PE
    Total System Jitter     (TSJ):    0.071ns
    Discrete Jitter          (DJ):    0.200ns
    Phase Error              (PE):    0.000ns
  Clock Domain Crossing:  Inter clock paths are considered valid unless explicitly excluded by timing constraints such as set_clock_groups or set_false_path.

    Location             Delay type                Incr(ns)  Path(ns)    Netlist Resource(s)
  -------------------------------------------------------------------    -------------------
                         (clock clk_out1_clk_viz_1 rise edge)
                                                      0.000     0.000 r  
    W5                                                0.000     0.000 r  clk_100mhz (IN)
                         net (fo=0)                   0.000     0.000    instance_name/inst/clk_in1
    W5                   IBUF (Prop_ibuf_I_O)         0.226     0.226 r  instance_name/inst/clkin1_ibufg/O
                         net (fo=1, routed)           0.440     0.667    instance_name/inst/clk_in1_clk_viz
    MMCME2_ADV_X1Y0      MMCME2_ADV (Prop_mmcme2_adv_CLKIN1_CLKOUT0)
                                                     -2.360    -1.693 r  instance_name/inst/mmcm_adv_inst/CLKOUT0
                         net (fo=1, routed)           0.486    -1.207    instance_name/inst/clk_out1_clk_viz
    BUFGCTRL_X0Y1        BUFG (Prop_bufg_I_O)         0.026    -1.181 r  instance_name/inst/clkout1_buf/O
                         net (fo=83, routed)          0.561    -0.620    vga/CLK
    SLICE_X35Y40         FDRE                                         r  vga/h_cnt_reg[1]/C
  -------------------------------------------------------------------    -------------------
    SLICE_X35Y40         FDRE (Prop_fdre_C_Q)         0.141    -0.479 r  vga/h_cnt_reg[1]/Q
                         net (fo=34, routed)          0.121    -0.358    vga/Q[0]
    SLICE_X34Y40         LUT4 (Prop_lut4_I1_O)        0.045    -0.313 r  vga/h_cnt[3]_i_1/O
                         net (fo=1, routed)           0.000    -0.313    vga/h_cnt[3]_i_1_n_0
    SLICE_X34Y40         FDRE                                         r  vga/h_cnt_reg[3]/D
  -------------------------------------------------------------------    -------------------

                         (clock clk_out1_clk_viz rise edge)
                                                      0.000     0.000 r  
    W5                                                0.000     0.000 r  clk_100mhz (IN)
                         net (fo=0)                   0.000     0.000    instance_name/inst/clk_in1
    W5                   IBUF (Prop_ibuf_I_O)         0.414     0.414 r  instance_name/inst/clkin1_ibufg/O
                         net (fo=1, routed)           0.480     0.894    instance_name/inst/clk_in1_clk_viz
    MMCME2_ADV_X1Y0      MMCME2_ADV (Prop_mmcme2_adv_CLKIN1_CLKOUT0)
                                                     -3.142    -2.248 r  instance_name/inst/mmcm_adv_inst/CLKOUT0
                         net (fo=1, routed)           0.530    -1.718    instance_name/inst/clk_out1_clk_viz
    BUFGCTRL_X0Y1        BUFG (Prop_bufg_I_O)         0.029    -1.689 r  instance_name/inst/clkout1_buf/O
                         net (fo=83, routed)          0.830    -0.860    vga/CLK
    SLICE_X34Y40         FDRE                                         r  vga/h_cnt_reg[3]/C
                         clock pessimism              0.252    -0.607    
                         clock uncertainty            0.106    -0.501    
    SLICE_X34Y40         FDRE (Hold_fdre_C_D)         0.120    -0.381    vga/h_cnt_reg[3]
  -------------------------------------------------------------------
                         required time                          0.381    
                         arrival time                          -0.313    
  -------------------------------------------------------------------
                         slack                                  0.068    

Slack (MET) :             0.070ns  (arrival time - required time)
  Source:                 config_unit/sccb/clk_divider_reg[6]/C
                            (rising edge-triggered cell FDRE clocked by clk_out1_clk_viz_1  {rise@0.000ns fall@20.000ns period=40.000ns})
  Destination:            config_unit/sccb/sccb_clk_reg/D
                            (rising edge-triggered cell FDRE clocked by clk_out1_clk_viz  {rise@0.000ns fall@20.000ns period=40.000ns})
  Path Group:             clk_out1_clk_viz
  Path Type:              Hold (Min at Fast Process Corner)
  Requirement:            0.000ns  (clk_out1_clk_viz rise@0.000ns - clk_out1_clk_viz_1 rise@0.000ns)
  Data Path Delay:        0.281ns  (logic 0.209ns (74.295%)  route 0.072ns (25.705%))
  Logic Levels:           1  (LUT5=1)
  Clock Path Skew:        0.013ns (DCD - SCD - CPR)
    Destination Clock Delay (DCD):    -0.823ns
    Source Clock Delay      (SCD):    -0.585ns
    Clock Pessimism Removal (CPR):    -0.250ns
  Clock Uncertainty:      0.106ns  ((TSJ^2 + DJ^2)^1/2) / 2 + PE
    Total System Jitter     (TSJ):    0.071ns
    Discrete Jitter          (DJ):    0.200ns
    Phase Error              (PE):    0.000ns
  Clock Domain Crossing:  Inter clock paths are considered valid unless explicitly excluded by timing constraints such as set_clock_groups or set_false_path.

    Location             Delay type                Incr(ns)  Path(ns)    Netlist Resource(s)
  -------------------------------------------------------------------    -------------------
                         (clock clk_out1_clk_viz_1 rise edge)
                                                      0.000     0.000 r  
    W5                                                0.000     0.000 r  clk_100mhz (IN)
                         net (fo=0)                   0.000     0.000    instance_name/inst/clk_in1
    W5                   IBUF (Prop_ibuf_I_O)         0.226     0.226 r  instance_name/inst/clkin1_ibufg/O
                         net (fo=1, routed)           0.440     0.667    instance_name/inst/clk_in1_clk_viz
    MMCME2_ADV_X1Y0      MMCME2_ADV (Prop_mmcme2_adv_CLKIN1_CLKOUT0)
                                                     -2.360    -1.693 r  instance_name/inst/mmcm_adv_inst/CLKOUT0
                         net (fo=1, routed)           0.486    -1.207    instance_name/inst/clk_out1_clk_viz
    BUFGCTRL_X0Y1        BUFG (Prop_bufg_I_O)         0.026    -1.181 r  instance_name/inst/clkout1_buf/O
                         net (fo=83, routed)          0.596    -0.585    config_unit/sccb/CLK
    SLICE_X2Y2           FDRE                                         r  config_unit/sccb/clk_divider_reg[6]/C
  -------------------------------------------------------------------    -------------------
    SLICE_X2Y2           FDRE (Prop_fdre_C_Q)         0.164    -0.421 r  config_unit/sccb/clk_divider_reg[6]/Q
                         net (fo=4, routed)           0.072    -0.349    config_unit/sccb/clk_divider[6]
    SLICE_X3Y2           LUT5 (Prop_lut5_I1_O)        0.045    -0.304 r  config_unit/sccb/sccb_clk_i_1/O
                         net (fo=1, routed)           0.000    -0.304    config_unit/sccb/sccb_clk_i_1_n_0
    SLICE_X3Y2           FDRE                                         r  config_unit/sccb/sccb_clk_reg/D
  -------------------------------------------------------------------    -------------------

                         (clock clk_out1_clk_viz rise edge)
                                                      0.000     0.000 r  
    W5                                                0.000     0.000 r  clk_100mhz (IN)
                         net (fo=0)                   0.000     0.000    instance_name/inst/clk_in1
    W5                   IBUF (Prop_ibuf_I_O)         0.414     0.414 r  instance_name/inst/clkin1_ibufg/O
                         net (fo=1, routed)           0.480     0.894    instance_name/inst/clk_in1_clk_viz
    MMCME2_ADV_X1Y0      MMCME2_ADV (Prop_mmcme2_adv_CLKIN1_CLKOUT0)
                                                     -3.142    -2.248 r  instance_name/inst/mmcm_adv_inst/CLKOUT0
                         net (fo=1, routed)           0.530    -1.718    instance_name/inst/clk_out1_clk_viz
    BUFGCTRL_X0Y1        BUFG (Prop_bufg_I_O)         0.029    -1.689 r  instance_name/inst/clkout1_buf/O
                         net (fo=83, routed)          0.867    -0.823    config_unit/sccb/CLK
    SLICE_X3Y2           FDRE                                         r  config_unit/sccb/sccb_clk_reg/C
                         clock pessimism              0.250    -0.572    
                         clock uncertainty            0.106    -0.466    
    SLICE_X3Y2           FDRE (Hold_fdre_C_D)         0.092    -0.374    config_unit/sccb/sccb_clk_reg
  -------------------------------------------------------------------
                         required time                          0.374    
                         arrival time                          -0.304    
  -------------------------------------------------------------------
                         slack                                  0.070    

Slack (MET) :             0.070ns  (arrival time - required time)
  Source:                 vga/h_cnt_reg[4]/C
                            (rising edge-triggered cell FDRE clocked by clk_out1_clk_viz_1  {rise@0.000ns fall@20.000ns period=40.000ns})
  Destination:            vga/h_cnt_reg[5]/D
                            (rising edge-triggered cell FDRE clocked by clk_out1_clk_viz  {rise@0.000ns fall@20.000ns period=40.000ns})
  Path Group:             clk_out1_clk_viz
  Path Type:              Hold (Min at Fast Process Corner)
  Requirement:            0.000ns  (clk_out1_clk_viz rise@0.000ns - clk_out1_clk_viz_1 rise@0.000ns)
  Data Path Delay:        0.281ns  (logic 0.209ns (74.270%)  route 0.072ns (25.730%))
  Logic Levels:           1  (LUT6=1)
  Clock Path Skew:        0.013ns (DCD - SCD - CPR)
    Destination Clock Delay (DCD):    -0.860ns
    Source Clock Delay      (SCD):    -0.620ns
    Clock Pessimism Removal (CPR):    -0.252ns
  Clock Uncertainty:      0.106ns  ((TSJ^2 + DJ^2)^1/2) / 2 + PE
    Total System Jitter     (TSJ):    0.071ns
    Discrete Jitter          (DJ):    0.200ns
    Phase Error              (PE):    0.000ns
  Clock Domain Crossing:  Inter clock paths are considered valid unless explicitly excluded by timing constraints such as set_clock_groups or set_false_path.

    Location             Delay type                Incr(ns)  Path(ns)    Netlist Resource(s)
  -------------------------------------------------------------------    -------------------
                         (clock clk_out1_clk_viz_1 rise edge)
                                                      0.000     0.000 r  
    W5                                                0.000     0.000 r  clk_100mhz (IN)
                         net (fo=0)                   0.000     0.000    instance_name/inst/clk_in1
    W5                   IBUF (Prop_ibuf_I_O)         0.226     0.226 r  instance_name/inst/clkin1_ibufg/O
                         net (fo=1, routed)           0.440     0.667    instance_name/inst/clk_in1_clk_viz
    MMCME2_ADV_X1Y0      MMCME2_ADV (Prop_mmcme2_adv_CLKIN1_CLKOUT0)
                                                     -2.360    -1.693 r  instance_name/inst/mmcm_adv_inst/CLKOUT0
                         net (fo=1, routed)           0.486    -1.207    instance_name/inst/clk_out1_clk_viz
    BUFGCTRL_X0Y1        BUFG (Prop_bufg_I_O)         0.026    -1.181 r  instance_name/inst/clkout1_buf/O
                         net (fo=83, routed)          0.561    -0.620    vga/CLK
    SLICE_X34Y40         FDRE                                         r  vga/h_cnt_reg[4]/C
  -------------------------------------------------------------------    -------------------
    SLICE_X34Y40         FDRE (Prop_fdre_C_Q)         0.164    -0.456 r  vga/h_cnt_reg[4]/Q
                         net (fo=34, routed)          0.072    -0.384    vga/Q[3]
    SLICE_X35Y40         LUT6 (Prop_lut6_I5_O)        0.045    -0.339 r  vga/h_cnt[5]_i_1/O
                         net (fo=1, routed)           0.000    -0.339    vga/h_cnt[5]_i_1_n_0
    SLICE_X35Y40         FDRE                                         r  vga/h_cnt_reg[5]/D
  -------------------------------------------------------------------    -------------------

                         (clock clk_out1_clk_viz rise edge)
                                                      0.000     0.000 r  
    W5                                                0.000     0.000 r  clk_100mhz (IN)
                         net (fo=0)                   0.000     0.000    instance_name/inst/clk_in1
    W5                   IBUF (Prop_ibuf_I_O)         0.414     0.414 r  instance_name/inst/clkin1_ibufg/O
                         net (fo=1, routed)           0.480     0.894    instance_name/inst/clk_in1_clk_viz
    MMCME2_ADV_X1Y0      MMCME2_ADV (Prop_mmcme2_adv_CLKIN1_CLKOUT0)
                                                     -3.142    -2.248 r  instance_name/inst/mmcm_adv_inst/CLKOUT0
                         net (fo=1, routed)           0.530    -1.718    instance_name/inst/clk_out1_clk_viz
    BUFGCTRL_X0Y1        BUFG (Prop_bufg_I_O)         0.029    -1.689 r  instance_name/inst/clkout1_buf/O
                         net (fo=83, routed)          0.830    -0.860    vga/CLK
    SLICE_X35Y40         FDRE                                         r  vga/h_cnt_reg[5]/C
                         clock pessimism              0.252    -0.607    
                         clock uncertainty            0.106    -0.501    
    SLICE_X35Y40         FDRE (Hold_fdre_C_D)         0.092    -0.409    vga/h_cnt_reg[5]
  -------------------------------------------------------------------
                         required time                          0.409    
                         arrival time                          -0.339    
  -------------------------------------------------------------------
                         slack                                  0.070    

Slack (MET) :             0.071ns  (arrival time - required time)
  Source:                 vga/h_cnt_reg[1]/C
                            (rising edge-triggered cell FDRE clocked by clk_out1_clk_viz_1  {rise@0.000ns fall@20.000ns period=40.000ns})
  Destination:            vga/h_cnt_reg[4]/D
                            (rising edge-triggered cell FDRE clocked by clk_out1_clk_viz  {rise@0.000ns fall@20.000ns period=40.000ns})
  Path Group:             clk_out1_clk_viz
  Path Type:              Hold (Min at Fast Process Corner)
  Requirement:            0.000ns  (clk_out1_clk_viz rise@0.000ns - clk_out1_clk_viz_1 rise@0.000ns)
  Data Path Delay:        0.311ns  (logic 0.186ns (59.721%)  route 0.125ns (40.279%))
  Logic Levels:           1  (LUT5=1)
  Clock Path Skew:        0.013ns (DCD - SCD - CPR)
    Destination Clock Delay (DCD):    -0.860ns
    Source Clock Delay      (SCD):    -0.620ns
    Clock Pessimism Removal (CPR):    -0.252ns
  Clock Uncertainty:      0.106ns  ((TSJ^2 + DJ^2)^1/2) / 2 + PE
    Total System Jitter     (TSJ):    0.071ns
    Discrete Jitter          (DJ):    0.200ns
    Phase Error              (PE):    0.000ns
  Clock Domain Crossing:  Inter clock paths are considered valid unless explicitly excluded by timing constraints such as set_clock_groups or set_false_path.

    Location             Delay type                Incr(ns)  Path(ns)    Netlist Resource(s)
  -------------------------------------------------------------------    -------------------
                         (clock clk_out1_clk_viz_1 rise edge)
                                                      0.000     0.000 r  
    W5                                                0.000     0.000 r  clk_100mhz (IN)
                         net (fo=0)                   0.000     0.000    instance_name/inst/clk_in1
    W5                   IBUF (Prop_ibuf_I_O)         0.226     0.226 r  instance_name/inst/clkin1_ibufg/O
                         net (fo=1, routed)           0.440     0.667    instance_name/inst/clk_in1_clk_viz
    MMCME2_ADV_X1Y0      MMCME2_ADV (Prop_mmcme2_adv_CLKIN1_CLKOUT0)
                                                     -2.360    -1.693 r  instance_name/inst/mmcm_adv_inst/CLKOUT0
                         net (fo=1, routed)           0.486    -1.207    instance_name/inst/clk_out1_clk_viz
    BUFGCTRL_X0Y1        BUFG (Prop_bufg_I_O)         0.026    -1.181 r  instance_name/inst/clkout1_buf/O
                         net (fo=83, routed)          0.561    -0.620    vga/CLK
    SLICE_X35Y40         FDRE                                         r  vga/h_cnt_reg[1]/C
  -------------------------------------------------------------------    -------------------
    SLICE_X35Y40         FDRE (Prop_fdre_C_Q)         0.141    -0.479 r  vga/h_cnt_reg[1]/Q
                         net (fo=34, routed)          0.125    -0.354    vga/Q[0]
    SLICE_X34Y40         LUT5 (Prop_lut5_I3_O)        0.045    -0.309 r  vga/h_cnt[4]_i_1/O
                         net (fo=1, routed)           0.000    -0.309    vga/h_cnt[4]_i_1_n_0
    SLICE_X34Y40         FDRE                                         r  vga/h_cnt_reg[4]/D
  -------------------------------------------------------------------    -------------------

                         (clock clk_out1_clk_viz rise edge)
                                                      0.000     0.000 r  
    W5                                                0.000     0.000 r  clk_100mhz (IN)
                         net (fo=0)                   0.000     0.000    instance_name/inst/clk_in1
    W5                   IBUF (Prop_ibuf_I_O)         0.414     0.414 r  instance_name/inst/clkin1_ibufg/O
                         net (fo=1, routed)           0.480     0.894    instance_name/inst/clk_in1_clk_viz
    MMCME2_ADV_X1Y0      MMCME2_ADV (Prop_mmcme2_adv_CLKIN1_CLKOUT0)
                                                     -3.142    -2.248 r  instance_name/inst/mmcm_adv_inst/CLKOUT0
                         net (fo=1, routed)           0.530    -1.718    instance_name/inst/clk_out1_clk_viz
    BUFGCTRL_X0Y1        BUFG (Prop_bufg_I_O)         0.029    -1.689 r  instance_name/inst/clkout1_buf/O
                         net (fo=83, routed)          0.830    -0.860    vga/CLK
    SLICE_X34Y40         FDRE                                         r  vga/h_cnt_reg[4]/C
                         clock pessimism              0.252    -0.607    
                         clock uncertainty            0.106    -0.501    
    SLICE_X34Y40         FDRE (Hold_fdre_C_D)         0.121    -0.380    vga/h_cnt_reg[4]
  -------------------------------------------------------------------
                         required time                          0.380    
                         arrival time                          -0.309    
  -------------------------------------------------------------------
                         slack                                  0.071    

Slack (MET) :             0.093ns  (arrival time - required time)
  Source:                 frame_buffer/U0/inst_blk_mem_gen/gnbram.gnativebmg.native_blk_mem_gen/valid.cstr/has_mux_b.B/no_softecc_sel_reg.ce_pri.sel_pipe_reg[4]/C
                            (rising edge-triggered cell FDRE clocked by clk_out1_clk_viz_1  {rise@0.000ns fall@20.000ns period=40.000ns})
  Destination:            frame_buffer/U0/inst_blk_mem_gen/gnbram.gnativebmg.native_blk_mem_gen/valid.cstr/has_mux_b.B/no_softecc_gmuxr.ce_pri.dout_i_reg[1]/D
                            (rising edge-triggered cell FDRE clocked by clk_out1_clk_viz  {rise@0.000ns fall@20.000ns period=40.000ns})
  Path Group:             clk_out1_clk_viz
  Path Type:              Hold (Min at Fast Process Corner)
  Requirement:            0.000ns  (clk_out1_clk_viz rise@0.000ns - clk_out1_clk_viz_1 rise@0.000ns)
  Data Path Delay:        0.307ns  (logic 0.186ns (60.604%)  route 0.121ns (39.396%))
  Logic Levels:           1  (LUT5=1)
  Clock Path Skew:        0.016ns (DCD - SCD - CPR)
    Destination Clock Delay (DCD):    -0.859ns
    Source Clock Delay      (SCD):    -0.619ns
    Clock Pessimism Removal (CPR):    -0.255ns
  Clock Uncertainty:      0.106ns  ((TSJ^2 + DJ^2)^1/2) / 2 + PE
    Total System Jitter     (TSJ):    0.071ns
    Discrete Jitter          (DJ):    0.200ns
    Phase Error              (PE):    0.000ns
  Clock Domain Crossing:  Inter clock paths are considered valid unless explicitly excluded by timing constraints such as set_clock_groups or set_false_path.

    Location             Delay type                Incr(ns)  Path(ns)    Netlist Resource(s)
  -------------------------------------------------------------------    -------------------
                         (clock clk_out1_clk_viz_1 rise edge)
                                                      0.000     0.000 r  
    W5                                                0.000     0.000 r  clk_100mhz (IN)
                         net (fo=0)                   0.000     0.000    instance_name/inst/clk_in1
    W5                   IBUF (Prop_ibuf_I_O)         0.226     0.226 r  instance_name/inst/clkin1_ibufg/O
                         net (fo=1, routed)           0.440     0.667    instance_name/inst/clk_in1_clk_viz
    MMCME2_ADV_X1Y0      MMCME2_ADV (Prop_mmcme2_adv_CLKIN1_CLKOUT0)
                                                     -2.360    -1.693 r  instance_name/inst/mmcm_adv_inst/CLKOUT0
                         net (fo=1, routed)           0.486    -1.207    instance_name/inst/clk_out1_clk_viz
    BUFGCTRL_X0Y1        BUFG (Prop_bufg_I_O)         0.026    -1.181 r  instance_name/inst/clkout1_buf/O
                         net (fo=83, routed)          0.562    -0.619    frame_buffer/U0/inst_blk_mem_gen/gnbram.gnativebmg.native_blk_mem_gen/valid.cstr/has_mux_b.B/clkb
    SLICE_X31Y42         FDRE                                         r  frame_buffer/U0/inst_blk_mem_gen/gnbram.gnativebmg.native_blk_mem_gen/valid.cstr/has_mux_b.B/no_softecc_sel_reg.ce_pri.sel_pipe_reg[4]/C
  -------------------------------------------------------------------    -------------------
    SLICE_X31Y42         FDRE (Prop_fdre_C_Q)         0.141    -0.478 r  frame_buffer/U0/inst_blk_mem_gen/gnbram.gnativebmg.native_blk_mem_gen/valid.cstr/has_mux_b.B/no_softecc_sel_reg.ce_pri.sel_pipe_reg[4]/Q
                         net (fo=12, routed)          0.121    -0.357    frame_buffer/U0/inst_blk_mem_gen/gnbram.gnativebmg.native_blk_mem_gen/valid.cstr/has_mux_b.B/sel_pipe[4]
    SLICE_X32Y41         LUT5 (Prop_lut5_I3_O)        0.045    -0.312 r  frame_buffer/U0/inst_blk_mem_gen/gnbram.gnativebmg.native_blk_mem_gen/valid.cstr/has_mux_b.B/no_softecc_gmuxr.ce_pri.dout_i[1]_i_1/O
                         net (fo=1, routed)           0.000    -0.312    frame_buffer/U0/inst_blk_mem_gen/gnbram.gnativebmg.native_blk_mem_gen/valid.cstr/has_mux_b.B/din_2D[31]_0[1]
    SLICE_X32Y41         FDRE                                         r  frame_buffer/U0/inst_blk_mem_gen/gnbram.gnativebmg.native_blk_mem_gen/valid.cstr/has_mux_b.B/no_softecc_gmuxr.ce_pri.dout_i_reg[1]/D
  -------------------------------------------------------------------    -------------------

                         (clock clk_out1_clk_viz rise edge)
                                                      0.000     0.000 r  
    W5                                                0.000     0.000 r  clk_100mhz (IN)
                         net (fo=0)                   0.000     0.000    instance_name/inst/clk_in1
    W5                   IBUF (Prop_ibuf_I_O)         0.414     0.414 r  instance_name/inst/clkin1_ibufg/O
                         net (fo=1, routed)           0.480     0.894    instance_name/inst/clk_in1_clk_viz
    MMCME2_ADV_X1Y0      MMCME2_ADV (Prop_mmcme2_adv_CLKIN1_CLKOUT0)
                                                     -3.142    -2.248 r  instance_name/inst/mmcm_adv_inst/CLKOUT0
                         net (fo=1, routed)           0.530    -1.718    instance_name/inst/clk_out1_clk_viz
    BUFGCTRL_X0Y1        BUFG (Prop_bufg_I_O)         0.029    -1.689 r  instance_name/inst/clkout1_buf/O
                         net (fo=83, routed)          0.831    -0.859    frame_buffer/U0/inst_blk_mem_gen/gnbram.gnativebmg.native_blk_mem_gen/valid.cstr/has_mux_b.B/clkb
    SLICE_X32Y41         FDRE                                         r  frame_buffer/U0/inst_blk_mem_gen/gnbram.gnativebmg.native_blk_mem_gen/valid.cstr/has_mux_b.B/no_softecc_gmuxr.ce_pri.dout_i_reg[1]/C
                         clock pessimism              0.255    -0.603    
                         clock uncertainty            0.106    -0.497    
    SLICE_X32Y41         FDRE (Hold_fdre_C_D)         0.092    -0.405    frame_buffer/U0/inst_blk_mem_gen/gnbram.gnativebmg.native_blk_mem_gen/valid.cstr/has_mux_b.B/no_softecc_gmuxr.ce_pri.dout_i_reg[1]
  -------------------------------------------------------------------
                         required time                          0.405    
                         arrival time                          -0.312    
  -------------------------------------------------------------------
                         slack                                  0.093    

Slack (MET) :             0.104ns  (arrival time - required time)
  Source:                 config_unit/rom_addr_reg[4]/C
                            (rising edge-triggered cell FDRE clocked by clk_out1_clk_viz_1  {rise@0.000ns fall@20.000ns period=40.000ns})
  Destination:            config_unit/rom_addr_reg[5]/D
                            (rising edge-triggered cell FDRE clocked by clk_out1_clk_viz  {rise@0.000ns fall@20.000ns period=40.000ns})
  Path Group:             clk_out1_clk_viz
  Path Type:              Hold (Min at Fast Process Corner)
  Requirement:            0.000ns  (clk_out1_clk_viz rise@0.000ns - clk_out1_clk_viz_1 rise@0.000ns)
  Data Path Delay:        0.332ns  (logic 0.246ns (74.200%)  route 0.086ns (25.800%))
  Logic Levels:           1  (LUT6=1)
  Clock Path Skew:        0.000ns (DCD - SCD - CPR)
    Destination Clock Delay (DCD):    -0.824ns
    Source Clock Delay      (SCD):    -0.586ns
    Clock Pessimism Removal (CPR):    -0.237ns
  Clock Uncertainty:      0.106ns  ((TSJ^2 + DJ^2)^1/2) / 2 + PE
    Total System Jitter     (TSJ):    0.071ns
    Discrete Jitter          (DJ):    0.200ns
    Phase Error              (PE):    0.000ns
  Clock Domain Crossing:  Inter clock paths are considered valid unless explicitly excluded by timing constraints such as set_clock_groups or set_false_path.

    Location             Delay type                Incr(ns)  Path(ns)    Netlist Resource(s)
  -------------------------------------------------------------------    -------------------
                         (clock clk_out1_clk_viz_1 rise edge)
                                                      0.000     0.000 r  
    W5                                                0.000     0.000 r  clk_100mhz (IN)
                         net (fo=0)                   0.000     0.000    instance_name/inst/clk_in1
    W5                   IBUF (Prop_ibuf_I_O)         0.226     0.226 r  instance_name/inst/clkin1_ibufg/O
                         net (fo=1, routed)           0.440     0.667    instance_name/inst/clk_in1_clk_viz
    MMCME2_ADV_X1Y0      MMCME2_ADV (Prop_mmcme2_adv_CLKIN1_CLKOUT0)
                                                     -2.360    -1.693 r  instance_name/inst/mmcm_adv_inst/CLKOUT0
                         net (fo=1, routed)           0.486    -1.207    instance_name/inst/clk_out1_clk_viz
    BUFGCTRL_X0Y1        BUFG (Prop_bufg_I_O)         0.026    -1.181 r  instance_name/inst/clkout1_buf/O
                         net (fo=83, routed)          0.595    -0.586    config_unit/CLK
    SLICE_X2Y5           FDRE                                         r  config_unit/rom_addr_reg[4]/C
  -------------------------------------------------------------------    -------------------
    SLICE_X2Y5           FDRE (Prop_fdre_C_Q)         0.148    -0.438 r  config_unit/rom_addr_reg[4]/Q
                         net (fo=5, routed)           0.086    -0.353    config_unit/rom_addr_reg[4]
    SLICE_X2Y5           LUT6 (Prop_lut6_I5_O)        0.098    -0.255 r  config_unit/rom_addr[5]_i_1/O
                         net (fo=1, routed)           0.000    -0.255    config_unit/p_0_in[5]
    SLICE_X2Y5           FDRE                                         r  config_unit/rom_addr_reg[5]/D
  -------------------------------------------------------------------    -------------------

                         (clock clk_out1_clk_viz rise edge)
                                                      0.000     0.000 r  
    W5                                                0.000     0.000 r  clk_100mhz (IN)
                         net (fo=0)                   0.000     0.000    instance_name/inst/clk_in1
    W5                   IBUF (Prop_ibuf_I_O)         0.414     0.414 r  instance_name/inst/clkin1_ibufg/O
                         net (fo=1, routed)           0.480     0.894    instance_name/inst/clk_in1_clk_viz
    MMCME2_ADV_X1Y0      MMCME2_ADV (Prop_mmcme2_adv_CLKIN1_CLKOUT0)
                                                     -3.142    -2.248 r  instance_name/inst/mmcm_adv_inst/CLKOUT0
                         net (fo=1, routed)           0.530    -1.718    instance_name/inst/clk_out1_clk_viz
    BUFGCTRL_X0Y1        BUFG (Prop_bufg_I_O)         0.029    -1.689 r  instance_name/inst/clkout1_buf/O
                         net (fo=83, routed)          0.866    -0.824    config_unit/CLK
    SLICE_X2Y5           FDRE                                         r  config_unit/rom_addr_reg[5]/C
                         clock pessimism              0.237    -0.586    
                         clock uncertainty            0.106    -0.480    
    SLICE_X2Y5           FDRE (Hold_fdre_C_D)         0.121    -0.359    config_unit/rom_addr_reg[5]
  -------------------------------------------------------------------
                         required time                          0.359    
                         arrival time                          -0.255    
  -------------------------------------------------------------------
                         slack                                  0.104    

Slack (MET) :             0.118ns  (arrival time - required time)
  Source:                 config_unit/sccb/clk_divider_reg[0]/C
                            (rising edge-triggered cell FDRE clocked by clk_out1_clk_viz_1  {rise@0.000ns fall@20.000ns period=40.000ns})
  Destination:            config_unit/sccb/clk_divider_reg[5]/D
                            (rising edge-triggered cell FDRE clocked by clk_out1_clk_viz  {rise@0.000ns fall@20.000ns period=40.000ns})
  Path Group:             clk_out1_clk_viz
  Path Type:              Hold (Min at Fast Process Corner)
  Requirement:            0.000ns  (clk_out1_clk_viz rise@0.000ns - clk_out1_clk_viz_1 rise@0.000ns)
  Data Path Delay:        0.345ns  (logic 0.246ns (71.337%)  route 0.099ns (28.663%))
  Logic Levels:           1  (LUT6=1)
  Clock Path Skew:        0.000ns (DCD - SCD - CPR)
    Destination Clock Delay (DCD):    -0.823ns
    Source Clock Delay      (SCD):    -0.585ns
    Clock Pessimism Removal (CPR):    -0.237ns
  Clock Uncertainty:      0.106ns  ((TSJ^2 + DJ^2)^1/2) / 2 + PE
    Total System Jitter     (TSJ):    0.071ns
    Discrete Jitter          (DJ):    0.200ns
    Phase Error              (PE):    0.000ns
  Clock Domain Crossing:  Inter clock paths are considered valid unless explicitly excluded by timing constraints such as set_clock_groups or set_false_path.

    Location             Delay type                Incr(ns)  Path(ns)    Netlist Resource(s)
  -------------------------------------------------------------------    -------------------
                         (clock clk_out1_clk_viz_1 rise edge)
                                                      0.000     0.000 r  
    W5                                                0.000     0.000 r  clk_100mhz (IN)
                         net (fo=0)                   0.000     0.000    instance_name/inst/clk_in1
    W5                   IBUF (Prop_ibuf_I_O)         0.226     0.226 r  instance_name/inst/clkin1_ibufg/O
                         net (fo=1, routed)           0.440     0.667    instance_name/inst/clk_in1_clk_viz
    MMCME2_ADV_X1Y0      MMCME2_ADV (Prop_mmcme2_adv_CLKIN1_CLKOUT0)
                                                     -2.360    -1.693 r  instance_name/inst/mmcm_adv_inst/CLKOUT0
                         net (fo=1, routed)           0.486    -1.207    instance_name/inst/clk_out1_clk_viz
    BUFGCTRL_X0Y1        BUFG (Prop_bufg_I_O)         0.026    -1.181 r  instance_name/inst/clkout1_buf/O
                         net (fo=83, routed)          0.596    -0.585    config_unit/sccb/CLK
    SLICE_X2Y2           FDRE                                         r  config_unit/sccb/clk_divider_reg[0]/C
  -------------------------------------------------------------------    -------------------
    SLICE_X2Y2           FDRE (Prop_fdre_C_Q)         0.148    -0.437 r  config_unit/sccb/clk_divider_reg[0]/Q
                         net (fo=7, routed)           0.099    -0.339    config_unit/sccb/clk_divider[0]
    SLICE_X2Y2           LUT6 (Prop_lut6_I2_O)        0.098    -0.241 r  config_unit/sccb/clk_divider[5]_i_1/O
                         net (fo=1, routed)           0.000    -0.241    config_unit/sccb/p_1_in[5]
    SLICE_X2Y2           FDRE                                         r  config_unit/sccb/clk_divider_reg[5]/D
  -------------------------------------------------------------------    -------------------

                         (clock clk_out1_clk_viz rise edge)
                                                      0.000     0.000 r  
    W5                                                0.000     0.000 r  clk_100mhz (IN)
                         net (fo=0)                   0.000     0.000    instance_name/inst/clk_in1
    W5                   IBUF (Prop_ibuf_I_O)         0.414     0.414 r  instance_name/inst/clkin1_ibufg/O
                         net (fo=1, routed)           0.480     0.894    instance_name/inst/clk_in1_clk_viz
    MMCME2_ADV_X1Y0      MMCME2_ADV (Prop_mmcme2_adv_CLKIN1_CLKOUT0)
                                                     -3.142    -2.248 r  instance_name/inst/mmcm_adv_inst/CLKOUT0
                         net (fo=1, routed)           0.530    -1.718    instance_name/inst/clk_out1_clk_viz
    BUFGCTRL_X0Y1        BUFG (Prop_bufg_I_O)         0.029    -1.689 r  instance_name/inst/clkout1_buf/O
                         net (fo=83, routed)          0.867    -0.823    config_unit/sccb/CLK
    SLICE_X2Y2           FDRE                                         r  config_unit/sccb/clk_divider_reg[5]/C
                         clock pessimism              0.237    -0.585    
                         clock uncertainty            0.106    -0.479    
    SLICE_X2Y2           FDRE (Hold_fdre_C_D)         0.121    -0.358    config_unit/sccb/clk_divider_reg[5]
  -------------------------------------------------------------------
                         required time                          0.358    
                         arrival time                          -0.241    
  -------------------------------------------------------------------
                         slack                                  0.118    

Slack (MET) :             0.118ns  (arrival time - required time)
  Source:                 vga/h_cnt_reg[5]/C
                            (rising edge-triggered cell FDRE clocked by clk_out1_clk_viz_1  {rise@0.000ns fall@20.000ns period=40.000ns})
  Destination:            vga/h_cnt_reg[6]/D
                            (rising edge-triggered cell FDRE clocked by clk_out1_clk_viz  {rise@0.000ns fall@20.000ns period=40.000ns})
  Path Group:             clk_out1_clk_viz
  Path Type:              Hold (Min at Fast Process Corner)
  Requirement:            0.000ns  (clk_out1_clk_viz rise@0.000ns - clk_out1_clk_viz_1 rise@0.000ns)
  Data Path Delay:        0.359ns  (logic 0.186ns (51.881%)  route 0.173ns (48.119%))
  Logic Levels:           1  (LUT3=1)
  Clock Path Skew:        0.013ns (DCD - SCD - CPR)
    Destination Clock Delay (DCD):    -0.860ns
    Source Clock Delay      (SCD):    -0.620ns
    Clock Pessimism Removal (CPR):    -0.252ns
  Clock Uncertainty:      0.106ns  ((TSJ^2 + DJ^2)^1/2) / 2 + PE
    Total System Jitter     (TSJ):    0.071ns
    Discrete Jitter          (DJ):    0.200ns
    Phase Error              (PE):    0.000ns
  Clock Domain Crossing:  Inter clock paths are considered valid unless explicitly excluded by timing constraints such as set_clock_groups or set_false_path.

    Location             Delay type                Incr(ns)  Path(ns)    Netlist Resource(s)
  -------------------------------------------------------------------    -------------------
                         (clock clk_out1_clk_viz_1 rise edge)
                                                      0.000     0.000 r  
    W5                                                0.000     0.000 r  clk_100mhz (IN)
                         net (fo=0)                   0.000     0.000    instance_name/inst/clk_in1
    W5                   IBUF (Prop_ibuf_I_O)         0.226     0.226 r  instance_name/inst/clkin1_ibufg/O
                         net (fo=1, routed)           0.440     0.667    instance_name/inst/clk_in1_clk_viz
    MMCME2_ADV_X1Y0      MMCME2_ADV (Prop_mmcme2_adv_CLKIN1_CLKOUT0)
                                                     -2.360    -1.693 r  instance_name/inst/mmcm_adv_inst/CLKOUT0
                         net (fo=1, routed)           0.486    -1.207    instance_name/inst/clk_out1_clk_viz
    BUFGCTRL_X0Y1        BUFG (Prop_bufg_I_O)         0.026    -1.181 r  instance_name/inst/clkout1_buf/O
                         net (fo=83, routed)          0.561    -0.620    vga/CLK
    SLICE_X35Y40         FDRE                                         r  vga/h_cnt_reg[5]/C
  -------------------------------------------------------------------    -------------------
    SLICE_X35Y40         FDRE (Prop_fdre_C_Q)         0.141    -0.479 r  vga/h_cnt_reg[5]/Q
                         net (fo=34, routed)          0.173    -0.307    vga/Q[4]
    SLICE_X34Y40         LUT3 (Prop_lut3_I2_O)        0.045    -0.262 r  vga/h_cnt[6]_i_1/O
                         net (fo=1, routed)           0.000    -0.262    vga/h_cnt[6]_i_1_n_0
    SLICE_X34Y40         FDRE                                         r  vga/h_cnt_reg[6]/D
  -------------------------------------------------------------------    -------------------

                         (clock clk_out1_clk_viz rise edge)
                                                      0.000     0.000 r  
    W5                                                0.000     0.000 r  clk_100mhz (IN)
                         net (fo=0)                   0.000     0.000    instance_name/inst/clk_in1
    W5                   IBUF (Prop_ibuf_I_O)         0.414     0.414 r  instance_name/inst/clkin1_ibufg/O
                         net (fo=1, routed)           0.480     0.894    instance_name/inst/clk_in1_clk_viz
    MMCME2_ADV_X1Y0      MMCME2_ADV (Prop_mmcme2_adv_CLKIN1_CLKOUT0)
                                                     -3.142    -2.248 r  instance_name/inst/mmcm_adv_inst/CLKOUT0
                         net (fo=1, routed)           0.530    -1.718    instance_name/inst/clk_out1_clk_viz
    BUFGCTRL_X0Y1        BUFG (Prop_bufg_I_O)         0.029    -1.689 r  instance_name/inst/clkout1_buf/O
                         net (fo=83, routed)          0.830    -0.860    vga/CLK
    SLICE_X34Y40         FDRE                                         r  vga/h_cnt_reg[6]/C
                         clock pessimism              0.252    -0.607    
                         clock uncertainty            0.106    -0.501    
    SLICE_X34Y40         FDRE (Hold_fdre_C_D)         0.121    -0.380    vga/h_cnt_reg[6]
  -------------------------------------------------------------------
                         required time                          0.380    
                         arrival time                          -0.262    
  -------------------------------------------------------------------
                         slack                                  0.118    

Slack (MET) :             0.119ns  (arrival time - required time)
  Source:                 vga/h_cnt_reg[8]/C
                            (rising edge-triggered cell FDRE clocked by clk_out1_clk_viz_1  {rise@0.000ns fall@20.000ns period=40.000ns})
  Destination:            vga/h_cnt_reg[9]/D
                            (rising edge-triggered cell FDRE clocked by clk_out1_clk_viz  {rise@0.000ns fall@20.000ns period=40.000ns})
  Path Group:             clk_out1_clk_viz
  Path Type:              Hold (Min at Fast Process Corner)
  Requirement:            0.000ns  (clk_out1_clk_viz rise@0.000ns - clk_out1_clk_viz_1 rise@0.000ns)
  Data Path Delay:        0.330ns  (logic 0.186ns (56.340%)  route 0.144ns (43.660%))
  Logic Levels:           1  (LUT3=1)
  Clock Path Skew:        0.013ns (DCD - SCD - CPR)
    Destination Clock Delay (DCD):    -0.860ns
    Source Clock Delay      (SCD):    -0.620ns
    Clock Pessimism Removal (CPR):    -0.252ns
  Clock Uncertainty:      0.106ns  ((TSJ^2 + DJ^2)^1/2) / 2 + PE
    Total System Jitter     (TSJ):    0.071ns
    Discrete Jitter          (DJ):    0.200ns
    Phase Error              (PE):    0.000ns
  Clock Domain Crossing:  Inter clock paths are considered valid unless explicitly excluded by timing constraints such as set_clock_groups or set_false_path.

    Location             Delay type                Incr(ns)  Path(ns)    Netlist Resource(s)
  -------------------------------------------------------------------    -------------------
                         (clock clk_out1_clk_viz_1 rise edge)
                                                      0.000     0.000 r  
    W5                                                0.000     0.000 r  clk_100mhz (IN)
                         net (fo=0)                   0.000     0.000    instance_name/inst/clk_in1
    W5                   IBUF (Prop_ibuf_I_O)         0.226     0.226 r  instance_name/inst/clkin1_ibufg/O
                         net (fo=1, routed)           0.440     0.667    instance_name/inst/clk_in1_clk_viz
    MMCME2_ADV_X1Y0      MMCME2_ADV (Prop_mmcme2_adv_CLKIN1_CLKOUT0)
                                                     -2.360    -1.693 r  instance_name/inst/mmcm_adv_inst/CLKOUT0
                         net (fo=1, routed)           0.486    -1.207    instance_name/inst/clk_out1_clk_viz
    BUFGCTRL_X0Y1        BUFG (Prop_bufg_I_O)         0.026    -1.181 r  instance_name/inst/clkout1_buf/O
                         net (fo=83, routed)          0.561    -0.620    vga/CLK
    SLICE_X33Y39         FDRE                                         r  vga/h_cnt_reg[8]/C
  -------------------------------------------------------------------    -------------------
    SLICE_X33Y39         FDRE (Prop_fdre_C_Q)         0.141    -0.479 r  vga/h_cnt_reg[8]/Q
                         net (fo=7, routed)           0.144    -0.335    vga/vga_x[8]
    SLICE_X32Y39         LUT3 (Prop_lut3_I2_O)        0.045    -0.290 r  vga/h_cnt[9]_i_2/O
                         net (fo=1, routed)           0.000    -0.290    vga/h_cnt[9]_i_2_n_0
    SLICE_X32Y39         FDRE                                         r  vga/h_cnt_reg[9]/D
  -------------------------------------------------------------------    -------------------

                         (clock clk_out1_clk_viz rise edge)
                                                      0.000     0.000 r  
    W5                                                0.000     0.000 r  clk_100mhz (IN)
                         net (fo=0)                   0.000     0.000    instance_name/inst/clk_in1
    W5                   IBUF (Prop_ibuf_I_O)         0.414     0.414 r  instance_name/inst/clkin1_ibufg/O
                         net (fo=1, routed)           0.480     0.894    instance_name/inst/clk_in1_clk_viz
    MMCME2_ADV_X1Y0      MMCME2_ADV (Prop_mmcme2_adv_CLKIN1_CLKOUT0)
                                                     -3.142    -2.248 r  instance_name/inst/mmcm_adv_inst/CLKOUT0
                         net (fo=1, routed)           0.530    -1.718    instance_name/inst/clk_out1_clk_viz
    BUFGCTRL_X0Y1        BUFG (Prop_bufg_I_O)         0.029    -1.689 r  instance_name/inst/clkout1_buf/O
                         net (fo=83, routed)          0.830    -0.860    vga/CLK
    SLICE_X32Y39         FDRE                                         r  vga/h_cnt_reg[9]/C
                         clock pessimism              0.252    -0.607    
                         clock uncertainty            0.106    -0.501    
    SLICE_X32Y39         FDRE (Hold_fdre_C_D)         0.092    -0.409    vga/h_cnt_reg[9]
  -------------------------------------------------------------------
                         required time                          0.409    
                         arrival time                          -0.290    
  -------------------------------------------------------------------
                         slack                                  0.119    

Slack (MET) :             0.121ns  (arrival time - required time)
  Source:                 vga/h_cnt_reg[7]/C
                            (rising edge-triggered cell FDRE clocked by clk_out1_clk_viz_1  {rise@0.000ns fall@20.000ns period=40.000ns})
  Destination:            vga/h_cnt_reg[8]/D
                            (rising edge-triggered cell FDRE clocked by clk_out1_clk_viz  {rise@0.000ns fall@20.000ns period=40.000ns})
  Path Group:             clk_out1_clk_viz
  Path Type:              Hold (Min at Fast Process Corner)
  Requirement:            0.000ns  (clk_out1_clk_viz rise@0.000ns - clk_out1_clk_viz_1 rise@0.000ns)
  Data Path Delay:        0.331ns  (logic 0.186ns (56.117%)  route 0.145ns (43.883%))
  Logic Levels:           1  (LUT6=1)
  Clock Path Skew:        0.013ns (DCD - SCD - CPR)
    Destination Clock Delay (DCD):    -0.860ns
    Source Clock Delay      (SCD):    -0.620ns
    Clock Pessimism Removal (CPR):    -0.252ns
  Clock Uncertainty:      0.106ns  ((TSJ^2 + DJ^2)^1/2) / 2 + PE
    Total System Jitter     (TSJ):    0.071ns
    Discrete Jitter          (DJ):    0.200ns
    Phase Error              (PE):    0.000ns
  Clock Domain Crossing:  Inter clock paths are considered valid unless explicitly excluded by timing constraints such as set_clock_groups or set_false_path.

    Location             Delay type                Incr(ns)  Path(ns)    Netlist Resource(s)
  -------------------------------------------------------------------    -------------------
                         (clock clk_out1_clk_viz_1 rise edge)
                                                      0.000     0.000 r  
    W5                                                0.000     0.000 r  clk_100mhz (IN)
                         net (fo=0)                   0.000     0.000    instance_name/inst/clk_in1
    W5                   IBUF (Prop_ibuf_I_O)         0.226     0.226 r  instance_name/inst/clkin1_ibufg/O
                         net (fo=1, routed)           0.440     0.667    instance_name/inst/clk_in1_clk_viz
    MMCME2_ADV_X1Y0      MMCME2_ADV (Prop_mmcme2_adv_CLKIN1_CLKOUT0)
                                                     -2.360    -1.693 r  instance_name/inst/mmcm_adv_inst/CLKOUT0
                         net (fo=1, routed)           0.486    -1.207    instance_name/inst/clk_out1_clk_viz
    BUFGCTRL_X0Y1        BUFG (Prop_bufg_I_O)         0.026    -1.181 r  instance_name/inst/clkout1_buf/O
                         net (fo=83, routed)          0.561    -0.620    vga/CLK
    SLICE_X32Y39         FDRE                                         r  vga/h_cnt_reg[7]/C
  -------------------------------------------------------------------    -------------------
    SLICE_X32Y39         FDRE (Prop_fdre_C_Q)         0.141    -0.479 r  vga/h_cnt_reg[7]/Q
                         net (fo=8, routed)           0.145    -0.334    vga/vga_x[7]
    SLICE_X33Y39         LUT6 (Prop_lut6_I5_O)        0.045    -0.289 r  vga/h_cnt[8]_i_1/O
                         net (fo=1, routed)           0.000    -0.289    vga/h_cnt[8]_i_1_n_0
    SLICE_X33Y39         FDRE                                         r  vga/h_cnt_reg[8]/D
  -------------------------------------------------------------------    -------------------

                         (clock clk_out1_clk_viz rise edge)
                                                      0.000     0.000 r  
    W5                                                0.000     0.000 r  clk_100mhz (IN)
                         net (fo=0)                   0.000     0.000    instance_name/inst/clk_in1
    W5                   IBUF (Prop_ibuf_I_O)         0.414     0.414 r  instance_name/inst/clkin1_ibufg/O
                         net (fo=1, routed)           0.480     0.894    instance_name/inst/clk_in1_clk_viz
    MMCME2_ADV_X1Y0      MMCME2_ADV (Prop_mmcme2_adv_CLKIN1_CLKOUT0)
                                                     -3.142    -2.248 r  instance_name/inst/mmcm_adv_inst/CLKOUT0
                         net (fo=1, routed)           0.530    -1.718    instance_name/inst/clk_out1_clk_viz
    BUFGCTRL_X0Y1        BUFG (Prop_bufg_I_O)         0.029    -1.689 r  instance_name/inst/clkout1_buf/O
                         net (fo=83, routed)          0.830    -0.860    vga/CLK
    SLICE_X33Y39         FDRE                                         r  vga/h_cnt_reg[8]/C
                         clock pessimism              0.252    -0.607    
                         clock uncertainty            0.106    -0.501    
    SLICE_X33Y39         FDRE (Hold_fdre_C_D)         0.091    -0.410    vga/h_cnt_reg[8]
  -------------------------------------------------------------------
                         required time                          0.410    
                         arrival time                          -0.289    
  -------------------------------------------------------------------
                         slack                                  0.121    





---------------------------------------------------------------------------------------------------
From Clock:  clk_out1_clk_viz
  To Clock:  clk_out1_clk_viz_1

Setup :            0  Failing Endpoints,  Worst Slack       31.012ns,  Total Violation        0.000ns
Hold  :            0  Failing Endpoints,  Worst Slack        0.068ns,  Total Violation        0.000ns
---------------------------------------------------------------------------------------------------


Max Delay Paths
--------------------------------------------------------------------------------------
Slack (MET) :             31.012ns  (required time - arrival time)
  Source:                 vga/v_cnt_reg[1]/C
                            (rising edge-triggered cell FDRE clocked by clk_out1_clk_viz  {rise@0.000ns fall@20.000ns period=40.000ns})
  Destination:            frame_buffer/U0/inst_blk_mem_gen/gnbram.gnativebmg.native_blk_mem_gen/valid.cstr/ramloop[23].ram.r/prim_noinit.ram/DEVICE_7SERIES.NO_BMM_INFO.SDP.SIMPLE_PRIM36.ram/ENBWREN
                            (rising edge-triggered cell RAMB36E1 clocked by clk_out1_clk_viz_1  {rise@0.000ns fall@20.000ns period=40.000ns})
  Path Group:             clk_out1_clk_viz_1
  Path Type:              Setup (Max at Slow Process Corner)
  Requirement:            40.000ns  (clk_out1_clk_viz_1 rise@40.000ns - clk_out1_clk_viz rise@0.000ns)
  Data Path Delay:        8.151ns  (logic 2.739ns (33.604%)  route 5.412ns (66.396%))
  Logic Levels:           6  (CARRY4=4 LUT2=1 LUT5=1)
  Clock Path Skew:        -0.086ns (DCD - SCD + CPR)
    Destination Clock Delay (DCD):    -1.519ns = ( 38.481 - 40.000 ) 
    Source Clock Delay      (SCD):    -0.950ns
    Clock Pessimism Removal (CPR):    0.484ns
  Clock Uncertainty:      0.106ns  ((TSJ^2 + DJ^2)^1/2) / 2 + PE
    Total System Jitter     (TSJ):    0.071ns
    Discrete Jitter          (DJ):    0.200ns
    Phase Error              (PE):    0.000ns
  Clock Domain Crossing:  Inter clock paths are considered valid unless explicitly excluded by timing constraints such as set_clock_groups or set_false_path.

    Location             Delay type                Incr(ns)  Path(ns)    Netlist Resource(s)
  -------------------------------------------------------------------    -------------------
                         (clock clk_out1_clk_viz rise edge)
                                                      0.000     0.000 r  
    W5                                                0.000     0.000 r  clk_100mhz (IN)
                         net (fo=0)                   0.000     0.000    instance_name/inst/clk_in1
    W5                   IBUF (Prop_ibuf_I_O)         1.458     1.458 r  instance_name/inst/clkin1_ibufg/O
                         net (fo=1, routed)           1.233     2.691    instance_name/inst/clk_in1_clk_viz
    MMCME2_ADV_X1Y0      MMCME2_ADV (Prop_mmcme2_adv_CLKIN1_CLKOUT0)
                                                     -6.961    -4.269 r  instance_name/inst/mmcm_adv_inst/CLKOUT0
                         net (fo=1, routed)           1.661    -2.608    instance_name/inst/clk_out1_clk_viz
    BUFGCTRL_X0Y1        BUFG (Prop_bufg_I_O)         0.096    -2.512 r  instance_name/inst/clkout1_buf/O
                         net (fo=83, routed)          1.562    -0.950    vga/CLK
    SLICE_X31Y38         FDRE                                         r  vga/v_cnt_reg[1]/C
  -------------------------------------------------------------------    -------------------
    SLICE_X31Y38         FDRE (Prop_fdre_C_Q)         0.456    -0.494 r  vga/v_cnt_reg[1]/Q
                         net (fo=12, routed)          0.671     0.178    vga/vga_y[1]
    SLICE_X30Y40         LUT2 (Prop_lut2_I1_O)        0.124     0.302 r  vga/frame_buffer_i_16/O
                         net (fo=1, routed)           0.000     0.302    vga/frame_buffer_i_16_n_0
    SLICE_X30Y40         CARRY4 (Prop_carry4_S[1]_CO[3])
                                                      0.533     0.835 r  vga/frame_buffer_i_6/CO[3]
                         net (fo=1, routed)           0.000     0.835    vga/frame_buffer_i_6_n_0
    SLICE_X30Y41         CARRY4 (Prop_carry4_CI_O[0])
                                                      0.219     1.054 r  vga/frame_buffer_i_5/O[0]
                         net (fo=1, routed)           0.589     1.642    vga/read_addr0[11]
    SLICE_X31Y41         CARRY4 (Prop_carry4_S[1]_CO[3])
                                                      0.845     2.487 r  vga/frame_buffer_i_2/CO[3]
                         net (fo=1, routed)           0.000     2.487    vga/frame_buffer_i_2_n_0
    SLICE_X31Y42         CARRY4 (Prop_carry4_CI_O[0])
                                                      0.235     2.722 f  vga/frame_buffer_i_1/O[0]
                         net (fo=27, routed)          3.250     5.973    frame_buffer/U0/inst_blk_mem_gen/gnbram.gnativebmg.native_blk_mem_gen/valid.cstr/bindec_b.bindec_inst_b/addrb[2]
    SLICE_X48Y53         LUT5 (Prop_lut5_I1_O)        0.327     6.300 r  frame_buffer/U0/inst_blk_mem_gen/gnbram.gnativebmg.native_blk_mem_gen/valid.cstr/bindec_b.bindec_inst_b/ENOUT_inferred__17/i_/O
                         net (fo=1, routed)           0.901     7.201    frame_buffer/U0/inst_blk_mem_gen/gnbram.gnativebmg.native_blk_mem_gen/valid.cstr/ramloop[23].ram.r/prim_noinit.ram/enb_array[0]
    RAMB36_X1Y13         RAMB36E1                                     r  frame_buffer/U0/inst_blk_mem_gen/gnbram.gnativebmg.native_blk_mem_gen/valid.cstr/ramloop[23].ram.r/prim_noinit.ram/DEVICE_7SERIES.NO_BMM_INFO.SDP.SIMPLE_PRIM36.ram/ENBWREN
  -------------------------------------------------------------------    -------------------

                         (clock clk_out1_clk_viz_1 rise edge)
                                                     40.000    40.000 r  
    W5                                                0.000    40.000 r  clk_100mhz (IN)
                         net (fo=0)                   0.000    40.000    instance_name/inst/clk_in1
    W5                   IBUF (Prop_ibuf_I_O)         1.388    41.388 r  instance_name/inst/clkin1_ibufg/O
                         net (fo=1, routed)           1.162    42.550    instance_name/inst/clk_in1_clk_viz
    MMCME2_ADV_X1Y0      MMCME2_ADV (Prop_mmcme2_adv_CLKIN1_CLKOUT0)
                                                     -7.217    35.332 r  instance_name/inst/mmcm_adv_inst/CLKOUT0
                         net (fo=1, routed)           1.581    36.914    instance_name/inst/clk_out1_clk_viz
    BUFGCTRL_X0Y1        BUFG (Prop_bufg_I_O)         0.091    37.005 r  instance_name/inst/clkout1_buf/O
                         net (fo=83, routed)          1.476    38.481    frame_buffer/U0/inst_blk_mem_gen/gnbram.gnativebmg.native_blk_mem_gen/valid.cstr/ramloop[23].ram.r/prim_noinit.ram/clkb
    RAMB36_X1Y13         RAMB36E1                                     r  frame_buffer/U0/inst_blk_mem_gen/gnbram.gnativebmg.native_blk_mem_gen/valid.cstr/ramloop[23].ram.r/prim_noinit.ram/DEVICE_7SERIES.NO_BMM_INFO.SDP.SIMPLE_PRIM36.ram/CLKBWRCLK
                         clock pessimism              0.484    38.964    
                         clock uncertainty           -0.106    38.858    
    RAMB36_X1Y13         RAMB36E1 (Setup_ramb36e1_CLKBWRCLK_ENBWREN)
                                                     -0.645    38.213    frame_buffer/U0/inst_blk_mem_gen/gnbram.gnativebmg.native_blk_mem_gen/valid.cstr/ramloop[23].ram.r/prim_noinit.ram/DEVICE_7SERIES.NO_BMM_INFO.SDP.SIMPLE_PRIM36.ram
  -------------------------------------------------------------------
                         required time                         38.213    
                         arrival time                          -7.201    
  -------------------------------------------------------------------
                         slack                                 31.012    

Slack (MET) :             31.326ns  (required time - arrival time)
  Source:                 vga/v_cnt_reg[1]/C
                            (rising edge-triggered cell FDRE clocked by clk_out1_clk_viz  {rise@0.000ns fall@20.000ns period=40.000ns})
  Destination:            frame_buffer/U0/inst_blk_mem_gen/gnbram.gnativebmg.native_blk_mem_gen/valid.cstr/ramloop[21].ram.r/prim_noinit.ram/DEVICE_7SERIES.NO_BMM_INFO.SDP.SIMPLE_PRIM36.ram/ENBWREN
                            (rising edge-triggered cell RAMB36E1 clocked by clk_out1_clk_viz_1  {rise@0.000ns fall@20.000ns period=40.000ns})
  Path Group:             clk_out1_clk_viz_1
  Path Type:              Setup (Max at Slow Process Corner)
  Requirement:            40.000ns  (clk_out1_clk_viz_1 rise@40.000ns - clk_out1_clk_viz rise@0.000ns)
  Data Path Delay:        8.042ns  (logic 2.711ns (33.709%)  route 5.331ns (66.291%))
  Logic Levels:           6  (CARRY4=4 LUT2=1 LUT5=1)
  Clock Path Skew:        -0.082ns (DCD - SCD + CPR)
    Destination Clock Delay (DCD):    -1.515ns = ( 38.485 - 40.000 ) 
    Source Clock Delay      (SCD):    -0.950ns
    Clock Pessimism Removal (CPR):    0.484ns
  Clock Uncertainty:      0.106ns  ((TSJ^2 + DJ^2)^1/2) / 2 + PE
    Total System Jitter     (TSJ):    0.071ns
    Discrete Jitter          (DJ):    0.200ns
    Phase Error              (PE):    0.000ns
  Clock Domain Crossing:  Inter clock paths are considered valid unless explicitly excluded by timing constraints such as set_clock_groups or set_false_path.

    Location             Delay type                Incr(ns)  Path(ns)    Netlist Resource(s)
  -------------------------------------------------------------------    -------------------
                         (clock clk_out1_clk_viz rise edge)
                                                      0.000     0.000 r  
    W5                                                0.000     0.000 r  clk_100mhz (IN)
                         net (fo=0)                   0.000     0.000    instance_name/inst/clk_in1
    W5                   IBUF (Prop_ibuf_I_O)         1.458     1.458 r  instance_name/inst/clkin1_ibufg/O
                         net (fo=1, routed)           1.233     2.691    instance_name/inst/clk_in1_clk_viz
    MMCME2_ADV_X1Y0      MMCME2_ADV (Prop_mmcme2_adv_CLKIN1_CLKOUT0)
                                                     -6.961    -4.269 r  instance_name/inst/mmcm_adv_inst/CLKOUT0
                         net (fo=1, routed)           1.661    -2.608    instance_name/inst/clk_out1_clk_viz
    BUFGCTRL_X0Y1        BUFG (Prop_bufg_I_O)         0.096    -2.512 r  instance_name/inst/clkout1_buf/O
                         net (fo=83, routed)          1.562    -0.950    vga/CLK
    SLICE_X31Y38         FDRE                                         r  vga/v_cnt_reg[1]/C
  -------------------------------------------------------------------    -------------------
    SLICE_X31Y38         FDRE (Prop_fdre_C_Q)         0.456    -0.494 r  vga/v_cnt_reg[1]/Q
                         net (fo=12, routed)          0.671     0.178    vga/vga_y[1]
    SLICE_X30Y40         LUT2 (Prop_lut2_I1_O)        0.124     0.302 r  vga/frame_buffer_i_16/O
                         net (fo=1, routed)           0.000     0.302    vga/frame_buffer_i_16_n_0
    SLICE_X30Y40         CARRY4 (Prop_carry4_S[1]_CO[3])
                                                      0.533     0.835 r  vga/frame_buffer_i_6/CO[3]
                         net (fo=1, routed)           0.000     0.835    vga/frame_buffer_i_6_n_0
    SLICE_X30Y41         CARRY4 (Prop_carry4_CI_O[0])
                                                      0.219     1.054 r  vga/frame_buffer_i_5/O[0]
                         net (fo=1, routed)           0.589     1.642    vga/read_addr0[11]
    SLICE_X31Y41         CARRY4 (Prop_carry4_S[1]_CO[3])
                                                      0.845     2.487 r  vga/frame_buffer_i_2/CO[3]
                         net (fo=1, routed)           0.000     2.487    vga/frame_buffer_i_2_n_0
    SLICE_X31Y42         CARRY4 (Prop_carry4_CI_O[0])
                                                      0.235     2.722 f  vga/frame_buffer_i_1/O[0]
                         net (fo=27, routed)          3.250     5.973    frame_buffer/U0/inst_blk_mem_gen/gnbram.gnativebmg.native_blk_mem_gen/valid.cstr/bindec_b.bindec_inst_b/addrb[2]
    SLICE_X48Y53         LUT5 (Prop_lut5_I1_O)        0.299     6.272 r  frame_buffer/U0/inst_blk_mem_gen/gnbram.gnativebmg.native_blk_mem_gen/valid.cstr/bindec_b.bindec_inst_b/ENOUT_inferred__15/i_/O
                         net (fo=1, routed)           0.821     7.093    frame_buffer/U0/inst_blk_mem_gen/gnbram.gnativebmg.native_blk_mem_gen/valid.cstr/ramloop[21].ram.r/prim_noinit.ram/enb_array[0]
    RAMB36_X1Y12         RAMB36E1                                     r  frame_buffer/U0/inst_blk_mem_gen/gnbram.gnativebmg.native_blk_mem_gen/valid.cstr/ramloop[21].ram.r/prim_noinit.ram/DEVICE_7SERIES.NO_BMM_INFO.SDP.SIMPLE_PRIM36.ram/ENBWREN
  -------------------------------------------------------------------    -------------------

                         (clock clk_out1_clk_viz_1 rise edge)
                                                     40.000    40.000 r  
    W5                                                0.000    40.000 r  clk_100mhz (IN)
                         net (fo=0)                   0.000    40.000    instance_name/inst/clk_in1
    W5                   IBUF (Prop_ibuf_I_O)         1.388    41.388 r  instance_name/inst/clkin1_ibufg/O
                         net (fo=1, routed)           1.162    42.550    instance_name/inst/clk_in1_clk_viz
    MMCME2_ADV_X1Y0      MMCME2_ADV (Prop_mmcme2_adv_CLKIN1_CLKOUT0)
                                                     -7.217    35.332 r  instance_name/inst/mmcm_adv_inst/CLKOUT0
                         net (fo=1, routed)           1.581    36.914    instance_name/inst/clk_out1_clk_viz
    BUFGCTRL_X0Y1        BUFG (Prop_bufg_I_O)         0.091    37.005 r  instance_name/inst/clkout1_buf/O
                         net (fo=83, routed)          1.480    38.485    frame_buffer/U0/inst_blk_mem_gen/gnbram.gnativebmg.native_blk_mem_gen/valid.cstr/ramloop[21].ram.r/prim_noinit.ram/clkb
    RAMB36_X1Y12         RAMB36E1                                     r  frame_buffer/U0/inst_blk_mem_gen/gnbram.gnativebmg.native_blk_mem_gen/valid.cstr/ramloop[21].ram.r/prim_noinit.ram/DEVICE_7SERIES.NO_BMM_INFO.SDP.SIMPLE_PRIM36.ram/CLKBWRCLK
                         clock pessimism              0.484    38.968    
                         clock uncertainty           -0.106    38.862    
    RAMB36_X1Y12         RAMB36E1 (Setup_ramb36e1_CLKBWRCLK_ENBWREN)
                                                     -0.443    38.419    frame_buffer/U0/inst_blk_mem_gen/gnbram.gnativebmg.native_blk_mem_gen/valid.cstr/ramloop[21].ram.r/prim_noinit.ram/DEVICE_7SERIES.NO_BMM_INFO.SDP.SIMPLE_PRIM36.ram
  -------------------------------------------------------------------
                         required time                         38.419    
                         arrival time                          -7.093    
  -------------------------------------------------------------------
                         slack                                 31.326    

Slack (MET) :             31.733ns  (required time - arrival time)
  Source:                 vga/v_cnt_reg[1]/C
                            (rising edge-triggered cell FDRE clocked by clk_out1_clk_viz  {rise@0.000ns fall@20.000ns period=40.000ns})
  Destination:            frame_buffer/U0/inst_blk_mem_gen/gnbram.gnativebmg.native_blk_mem_gen/valid.cstr/ramloop[8].ram.r/prim_noinit.ram/DEVICE_7SERIES.NO_BMM_INFO.SDP.SIMPLE_PRIM36.ram/ADDRBWRADDR[14]
                            (rising edge-triggered cell RAMB36E1 clocked by clk_out1_clk_viz_1  {rise@0.000ns fall@20.000ns period=40.000ns})
  Path Group:             clk_out1_clk_viz_1
  Path Type:              Setup (Max at Slow Process Corner)
  Requirement:            40.000ns  (clk_out1_clk_viz_1 rise@40.000ns - clk_out1_clk_viz rise@0.000ns)
  Data Path Delay:        7.347ns  (logic 2.194ns (29.861%)  route 5.153ns (70.139%))
  Logic Levels:           4  (CARRY4=3 LUT2=1)
  Clock Path Skew:        -0.069ns (DCD - SCD + CPR)
    Destination Clock Delay (DCD):    -1.510ns = ( 38.490 - 40.000 ) 
    Source Clock Delay      (SCD):    -0.950ns
    Clock Pessimism Removal (CPR):    0.492ns
  Clock Uncertainty:      0.106ns  ((TSJ^2 + DJ^2)^1/2) / 2 + PE
    Total System Jitter     (TSJ):    0.071ns
    Discrete Jitter          (DJ):    0.200ns
    Phase Error              (PE):    0.000ns
  Clock Domain Crossing:  Inter clock paths are considered valid unless explicitly excluded by timing constraints such as set_clock_groups or set_false_path.

    Location             Delay type                Incr(ns)  Path(ns)    Netlist Resource(s)
  -------------------------------------------------------------------    -------------------
                         (clock clk_out1_clk_viz rise edge)
                                                      0.000     0.000 r  
    W5                                                0.000     0.000 r  clk_100mhz (IN)
                         net (fo=0)                   0.000     0.000    instance_name/inst/clk_in1
    W5                   IBUF (Prop_ibuf_I_O)         1.458     1.458 r  instance_name/inst/clkin1_ibufg/O
                         net (fo=1, routed)           1.233     2.691    instance_name/inst/clk_in1_clk_viz
    MMCME2_ADV_X1Y0      MMCME2_ADV (Prop_mmcme2_adv_CLKIN1_CLKOUT0)
                                                     -6.961    -4.269 r  instance_name/inst/mmcm_adv_inst/CLKOUT0
                         net (fo=1, routed)           1.661    -2.608    instance_name/inst/clk_out1_clk_viz
    BUFGCTRL_X0Y1        BUFG (Prop_bufg_I_O)         0.096    -2.512 r  instance_name/inst/clkout1_buf/O
                         net (fo=83, routed)          1.562    -0.950    vga/CLK
    SLICE_X31Y38         FDRE                                         r  vga/v_cnt_reg[1]/C
  -------------------------------------------------------------------    -------------------
    SLICE_X31Y38         FDRE (Prop_fdre_C_Q)         0.456    -0.494 r  vga/v_cnt_reg[1]/Q
                         net (fo=12, routed)          0.671     0.178    vga/vga_y[1]
    SLICE_X30Y40         LUT2 (Prop_lut2_I1_O)        0.124     0.302 r  vga/frame_buffer_i_16/O
                         net (fo=1, routed)           0.000     0.302    vga/frame_buffer_i_16_n_0
    SLICE_X30Y40         CARRY4 (Prop_carry4_S[1]_O[2])
                                                      0.578     0.880 r  vga/frame_buffer_i_6/O[2]
                         net (fo=1, routed)           0.488     1.368    vga/read_addr0[9]
    SLICE_X31Y40         CARRY4 (Prop_carry4_S[3]_CO[3])
                                                      0.702     2.070 r  vga/frame_buffer_i_3/CO[3]
                         net (fo=1, routed)           0.000     2.070    vga/frame_buffer_i_3_n_0
    SLICE_X31Y41         CARRY4 (Prop_carry4_CI_O[1])
                                                      0.334     2.404 r  vga/frame_buffer_i_2/O[1]
                         net (fo=27, routed)          3.994     6.398    frame_buffer/U0/inst_blk_mem_gen/gnbram.gnativebmg.native_blk_mem_gen/valid.cstr/ramloop[8].ram.r/prim_noinit.ram/addrb[11]
    RAMB36_X2Y6          RAMB36E1                                     r  frame_buffer/U0/inst_blk_mem_gen/gnbram.gnativebmg.native_blk_mem_gen/valid.cstr/ramloop[8].ram.r/prim_noinit.ram/DEVICE_7SERIES.NO_BMM_INFO.SDP.SIMPLE_PRIM36.ram/ADDRBWRADDR[14]
  -------------------------------------------------------------------    -------------------

                         (clock clk_out1_clk_viz_1 rise edge)
                                                     40.000    40.000 r  
    W5                                                0.000    40.000 r  clk_100mhz (IN)
                         net (fo=0)                   0.000    40.000    instance_name/inst/clk_in1
    W5                   IBUF (Prop_ibuf_I_O)         1.388    41.388 r  instance_name/inst/clkin1_ibufg/O
                         net (fo=1, routed)           1.162    42.550    instance_name/inst/clk_in1_clk_viz
    MMCME2_ADV_X1Y0      MMCME2_ADV (Prop_mmcme2_adv_CLKIN1_CLKOUT0)
                                                     -7.217    35.332 r  instance_name/inst/mmcm_adv_inst/CLKOUT0
                         net (fo=1, routed)           1.581    36.914    instance_name/inst/clk_out1_clk_viz
    BUFGCTRL_X0Y1        BUFG (Prop_bufg_I_O)         0.091    37.005 r  instance_name/inst/clkout1_buf/O
                         net (fo=83, routed)          1.486    38.490    frame_buffer/U0/inst_blk_mem_gen/gnbram.gnativebmg.native_blk_mem_gen/valid.cstr/ramloop[8].ram.r/prim_noinit.ram/clkb
    RAMB36_X2Y6          RAMB36E1                                     r  frame_buffer/U0/inst_blk_mem_gen/gnbram.gnativebmg.native_blk_mem_gen/valid.cstr/ramloop[8].ram.r/prim_noinit.ram/DEVICE_7SERIES.NO_BMM_INFO.SDP.SIMPLE_PRIM36.ram/CLKBWRCLK
                         clock pessimism              0.492    38.982    
                         clock uncertainty           -0.106    38.876    
    RAMB36_X2Y6          RAMB36E1 (Setup_ramb36e1_CLKBWRCLK_ADDRBWRADDR[14])
                                                     -0.745    38.131    frame_buffer/U0/inst_blk_mem_gen/gnbram.gnativebmg.native_blk_mem_gen/valid.cstr/ramloop[8].ram.r/prim_noinit.ram/DEVICE_7SERIES.NO_BMM_INFO.SDP.SIMPLE_PRIM36.ram
  -------------------------------------------------------------------
                         required time                         38.131    
                         arrival time                          -6.398    
  -------------------------------------------------------------------
                         slack                                 31.733    

Slack (MET) :             31.819ns  (required time - arrival time)
  Source:                 vga/v_cnt_reg[1]/C
                            (rising edge-triggered cell FDRE clocked by clk_out1_clk_viz  {rise@0.000ns fall@20.000ns period=40.000ns})
  Destination:            frame_buffer/U0/inst_blk_mem_gen/gnbram.gnativebmg.native_blk_mem_gen/valid.cstr/ramloop[7].ram.r/prim_noinit.ram/DEVICE_7SERIES.NO_BMM_INFO.SDP.SIMPLE_PRIM36.ram/ENBWREN
                            (rising edge-triggered cell RAMB36E1 clocked by clk_out1_clk_viz_1  {rise@0.000ns fall@20.000ns period=40.000ns})
  Path Group:             clk_out1_clk_viz_1
  Path Type:              Setup (Max at Slow Process Corner)
  Requirement:            40.000ns  (clk_out1_clk_viz_1 rise@40.000ns - clk_out1_clk_viz rise@0.000ns)
  Data Path Delay:        7.353ns  (logic 2.761ns (37.551%)  route 4.592ns (62.449%))
  Logic Levels:           6  (CARRY4=4 LUT2=1 LUT5=1)
  Clock Path Skew:        -0.077ns (DCD - SCD + CPR)
    Destination Clock Delay (DCD):    -1.510ns = ( 38.490 - 40.000 ) 
    Source Clock Delay      (SCD):    -0.950ns
    Clock Pessimism Removal (CPR):    0.484ns
  Clock Uncertainty:      0.106ns  ((TSJ^2 + DJ^2)^1/2) / 2 + PE
    Total System Jitter     (TSJ):    0.071ns
    Discrete Jitter          (DJ):    0.200ns
    Phase Error              (PE):    0.000ns
  Clock Domain Crossing:  Inter clock paths are considered valid unless explicitly excluded by timing constraints such as set_clock_groups or set_false_path.

    Location             Delay type                Incr(ns)  Path(ns)    Netlist Resource(s)
  -------------------------------------------------------------------    -------------------
                         (clock clk_out1_clk_viz rise edge)
                                                      0.000     0.000 r  
    W5                                                0.000     0.000 r  clk_100mhz (IN)
                         net (fo=0)                   0.000     0.000    instance_name/inst/clk_in1
    W5                   IBUF (Prop_ibuf_I_O)         1.458     1.458 r  instance_name/inst/clkin1_ibufg/O
                         net (fo=1, routed)           1.233     2.691    instance_name/inst/clk_in1_clk_viz
    MMCME2_ADV_X1Y0      MMCME2_ADV (Prop_mmcme2_adv_CLKIN1_CLKOUT0)
                                                     -6.961    -4.269 r  instance_name/inst/mmcm_adv_inst/CLKOUT0
                         net (fo=1, routed)           1.661    -2.608    instance_name/inst/clk_out1_clk_viz
    BUFGCTRL_X0Y1        BUFG (Prop_bufg_I_O)         0.096    -2.512 r  instance_name/inst/clkout1_buf/O
                         net (fo=83, routed)          1.562    -0.950    vga/CLK
    SLICE_X31Y38         FDRE                                         r  vga/v_cnt_reg[1]/C
  -------------------------------------------------------------------    -------------------
    SLICE_X31Y38         FDRE (Prop_fdre_C_Q)         0.456    -0.494 r  vga/v_cnt_reg[1]/Q
                         net (fo=12, routed)          0.671     0.178    vga/vga_y[1]
    SLICE_X30Y40         LUT2 (Prop_lut2_I1_O)        0.124     0.302 r  vga/frame_buffer_i_16/O
                         net (fo=1, routed)           0.000     0.302    vga/frame_buffer_i_16_n_0
    SLICE_X30Y40         CARRY4 (Prop_carry4_S[1]_CO[3])
                                                      0.533     0.835 r  vga/frame_buffer_i_6/CO[3]
                         net (fo=1, routed)           0.000     0.835    vga/frame_buffer_i_6_n_0
    SLICE_X30Y41         CARRY4 (Prop_carry4_CI_O[0])
                                                      0.219     1.054 r  vga/frame_buffer_i_5/O[0]
                         net (fo=1, routed)           0.589     1.642    vga/read_addr0[11]
    SLICE_X31Y41         CARRY4 (Prop_carry4_S[1]_CO[3])
                                                      0.845     2.487 r  vga/frame_buffer_i_2/CO[3]
                         net (fo=1, routed)           0.000     2.487    vga/frame_buffer_i_2_n_0
    SLICE_X31Y42         CARRY4 (Prop_carry4_CI_O[2])
                                                      0.256     2.743 f  vga/frame_buffer_i_1/O[2]
                         net (fo=27, routed)          2.688     5.431    frame_buffer/U0/inst_blk_mem_gen/gnbram.gnativebmg.native_blk_mem_gen/valid.cstr/bindec_b.bindec_inst_b/addrb[4]
    SLICE_X57Y53         LUT5 (Prop_lut5_I1_O)        0.328     5.759 r  frame_buffer/U0/inst_blk_mem_gen/gnbram.gnativebmg.native_blk_mem_gen/valid.cstr/bindec_b.bindec_inst_b/ENOUT_inferred__1/i_/O
                         net (fo=1, routed)           0.644     6.403    frame_buffer/U0/inst_blk_mem_gen/gnbram.gnativebmg.native_blk_mem_gen/valid.cstr/ramloop[7].ram.r/prim_noinit.ram/enb_array[0]
    RAMB36_X2Y11         RAMB36E1                                     r  frame_buffer/U0/inst_blk_mem_gen/gnbram.gnativebmg.native_blk_mem_gen/valid.cstr/ramloop[7].ram.r/prim_noinit.ram/DEVICE_7SERIES.NO_BMM_INFO.SDP.SIMPLE_PRIM36.ram/ENBWREN
  -------------------------------------------------------------------    -------------------

                         (clock clk_out1_clk_viz_1 rise edge)
                                                     40.000    40.000 r  
    W5                                                0.000    40.000 r  clk_100mhz (IN)
                         net (fo=0)                   0.000    40.000    instance_name/inst/clk_in1
    W5                   IBUF (Prop_ibuf_I_O)         1.388    41.388 r  instance_name/inst/clkin1_ibufg/O
                         net (fo=1, routed)           1.162    42.550    instance_name/inst/clk_in1_clk_viz
    MMCME2_ADV_X1Y0      MMCME2_ADV (Prop_mmcme2_adv_CLKIN1_CLKOUT0)
                                                     -7.217    35.332 r  instance_name/inst/mmcm_adv_inst/CLKOUT0
                         net (fo=1, routed)           1.581    36.914    instance_name/inst/clk_out1_clk_viz
    BUFGCTRL_X0Y1        BUFG (Prop_bufg_I_O)         0.091    37.005 r  instance_name/inst/clkout1_buf/O
                         net (fo=83, routed)          1.485    38.490    frame_buffer/U0/inst_blk_mem_gen/gnbram.gnativebmg.native_blk_mem_gen/valid.cstr/ramloop[7].ram.r/prim_noinit.ram/clkb
    RAMB36_X2Y11         RAMB36E1                                     r  frame_buffer/U0/inst_blk_mem_gen/gnbram.gnativebmg.native_blk_mem_gen/valid.cstr/ramloop[7].ram.r/prim_noinit.ram/DEVICE_7SERIES.NO_BMM_INFO.SDP.SIMPLE_PRIM36.ram/CLKBWRCLK
                         clock pessimism              0.484    38.973    
                         clock uncertainty           -0.106    38.867    
    RAMB36_X2Y11         RAMB36E1 (Setup_ramb36e1_CLKBWRCLK_ENBWREN)
                                                     -0.645    38.222    frame_buffer/U0/inst_blk_mem_gen/gnbram.gnativebmg.native_blk_mem_gen/valid.cstr/ramloop[7].ram.r/prim_noinit.ram/DEVICE_7SERIES.NO_BMM_INFO.SDP.SIMPLE_PRIM36.ram
  -------------------------------------------------------------------
                         required time                         38.222    
                         arrival time                          -6.403    
  -------------------------------------------------------------------
                         slack                                 31.819    

Slack (MET) :             31.961ns  (required time - arrival time)
  Source:                 vga/v_cnt_reg[1]/C
                            (rising edge-triggered cell FDRE clocked by clk_out1_clk_viz  {rise@0.000ns fall@20.000ns period=40.000ns})
  Destination:            frame_buffer/U0/inst_blk_mem_gen/gnbram.gnativebmg.native_blk_mem_gen/valid.cstr/ramloop[1].ram.r/prim_noinit.ram/DEVICE_7SERIES.NO_BMM_INFO.SDP.SIMPLE_PRIM18.ram/ENBWREN
                            (rising edge-triggered cell RAMB18E1 clocked by clk_out1_clk_viz_1  {rise@0.000ns fall@20.000ns period=40.000ns})
  Path Group:             clk_out1_clk_viz_1
  Path Type:              Setup (Max at Slow Process Corner)
  Requirement:            40.000ns  (clk_out1_clk_viz_1 rise@40.000ns - clk_out1_clk_viz rise@0.000ns)
  Data Path Delay:        7.411ns  (logic 2.711ns (36.583%)  route 4.700ns (63.417%))
  Logic Levels:           6  (CARRY4=4 LUT2=1 LUT3=1)
  Clock Path Skew:        -0.079ns (DCD - SCD + CPR)
    Destination Clock Delay (DCD):    -1.512ns = ( 38.488 - 40.000 ) 
    Source Clock Delay      (SCD):    -0.950ns
    Clock Pessimism Removal (CPR):    0.484ns
  Clock Uncertainty:      0.106ns  ((TSJ^2 + DJ^2)^1/2) / 2 + PE
    Total System Jitter     (TSJ):    0.071ns
    Discrete Jitter          (DJ):    0.200ns
    Phase Error              (PE):    0.000ns
  Clock Domain Crossing:  Inter clock paths are considered valid unless explicitly excluded by timing constraints such as set_clock_groups or set_false_path.

    Location             Delay type                Incr(ns)  Path(ns)    Netlist Resource(s)
  -------------------------------------------------------------------    -------------------
                         (clock clk_out1_clk_viz rise edge)
                                                      0.000     0.000 r  
    W5                                                0.000     0.000 r  clk_100mhz (IN)
                         net (fo=0)                   0.000     0.000    instance_name/inst/clk_in1
    W5                   IBUF (Prop_ibuf_I_O)         1.458     1.458 r  instance_name/inst/clkin1_ibufg/O
                         net (fo=1, routed)           1.233     2.691    instance_name/inst/clk_in1_clk_viz
    MMCME2_ADV_X1Y0      MMCME2_ADV (Prop_mmcme2_adv_CLKIN1_CLKOUT0)
                                                     -6.961    -4.269 r  instance_name/inst/mmcm_adv_inst/CLKOUT0
                         net (fo=1, routed)           1.661    -2.608    instance_name/inst/clk_out1_clk_viz
    BUFGCTRL_X0Y1        BUFG (Prop_bufg_I_O)         0.096    -2.512 r  instance_name/inst/clkout1_buf/O
                         net (fo=83, routed)          1.562    -0.950    vga/CLK
    SLICE_X31Y38         FDRE                                         r  vga/v_cnt_reg[1]/C
  -------------------------------------------------------------------    -------------------
    SLICE_X31Y38         FDRE (Prop_fdre_C_Q)         0.456    -0.494 r  vga/v_cnt_reg[1]/Q
                         net (fo=12, routed)          0.671     0.178    vga/vga_y[1]
    SLICE_X30Y40         LUT2 (Prop_lut2_I1_O)        0.124     0.302 r  vga/frame_buffer_i_16/O
                         net (fo=1, routed)           0.000     0.302    vga/frame_buffer_i_16_n_0
    SLICE_X30Y40         CARRY4 (Prop_carry4_S[1]_CO[3])
                                                      0.533     0.835 r  vga/frame_buffer_i_6/CO[3]
                         net (fo=1, routed)           0.000     0.835    vga/frame_buffer_i_6_n_0
    SLICE_X30Y41         CARRY4 (Prop_carry4_CI_O[0])
                                                      0.219     1.054 r  vga/frame_buffer_i_5/O[0]
                         net (fo=1, routed)           0.589     1.642    vga/read_addr0[11]
    SLICE_X31Y41         CARRY4 (Prop_carry4_S[1]_CO[3])
                                                      0.845     2.487 r  vga/frame_buffer_i_2/CO[3]
                         net (fo=1, routed)           0.000     2.487    vga/frame_buffer_i_2_n_0
    SLICE_X31Y42         CARRY4 (Prop_carry4_CI_O[0])
                                                      0.235     2.722 f  vga/frame_buffer_i_1/O[0]
                         net (fo=27, routed)          2.663     5.386    frame_buffer/U0/inst_blk_mem_gen/gnbram.gnativebmg.native_blk_mem_gen/valid.cstr/addrb[14]
    SLICE_X48Y52         LUT3 (Prop_lut3_I1_O)        0.299     5.685 r  frame_buffer/U0/inst_blk_mem_gen/gnbram.gnativebmg.native_blk_mem_gen/valid.cstr/ramloop[1].ram.ram_enb/O
                         net (fo=2, routed)           0.777     6.461    frame_buffer/U0/inst_blk_mem_gen/gnbram.gnativebmg.native_blk_mem_gen/valid.cstr/ramloop[1].ram.r/prim_noinit.ram/ramloop[1].ram.ram_enb
    RAMB18_X1Y22         RAMB18E1                                     r  frame_buffer/U0/inst_blk_mem_gen/gnbram.gnativebmg.native_blk_mem_gen/valid.cstr/ramloop[1].ram.r/prim_noinit.ram/DEVICE_7SERIES.NO_BMM_INFO.SDP.SIMPLE_PRIM18.ram/ENBWREN
  -------------------------------------------------------------------    -------------------

                         (clock clk_out1_clk_viz_1 rise edge)
                                                     40.000    40.000 r  
    W5                                                0.000    40.000 r  clk_100mhz (IN)
                         net (fo=0)                   0.000    40.000    instance_name/inst/clk_in1
    W5                   IBUF (Prop_ibuf_I_O)         1.388    41.388 r  instance_name/inst/clkin1_ibufg/O
                         net (fo=1, routed)           1.162    42.550    instance_name/inst/clk_in1_clk_viz
    MMCME2_ADV_X1Y0      MMCME2_ADV (Prop_mmcme2_adv_CLKIN1_CLKOUT0)
                                                     -7.217    35.332 r  instance_name/inst/mmcm_adv_inst/CLKOUT0
                         net (fo=1, routed)           1.581    36.914    instance_name/inst/clk_out1_clk_viz
    BUFGCTRL_X0Y1        BUFG (Prop_bufg_I_O)         0.091    37.005 r  instance_name/inst/clkout1_buf/O
                         net (fo=83, routed)          1.483    38.488    frame_buffer/U0/inst_blk_mem_gen/gnbram.gnativebmg.native_blk_mem_gen/valid.cstr/ramloop[1].ram.r/prim_noinit.ram/clkb
    RAMB18_X1Y22         RAMB18E1                                     r  frame_buffer/U0/inst_blk_mem_gen/gnbram.gnativebmg.native_blk_mem_gen/valid.cstr/ramloop[1].ram.r/prim_noinit.ram/DEVICE_7SERIES.NO_BMM_INFO.SDP.SIMPLE_PRIM18.ram/CLKBWRCLK
                         clock pessimism              0.484    38.971    
                         clock uncertainty           -0.106    38.865    
    RAMB18_X1Y22         RAMB18E1 (Setup_ramb18e1_CLKBWRCLK_ENBWREN)
                                                     -0.443    38.422    frame_buffer/U0/inst_blk_mem_gen/gnbram.gnativebmg.native_blk_mem_gen/valid.cstr/ramloop[1].ram.r/prim_noinit.ram/DEVICE_7SERIES.NO_BMM_INFO.SDP.SIMPLE_PRIM18.ram
  -------------------------------------------------------------------
                         required time                         38.422    
                         arrival time                          -6.461    
  -------------------------------------------------------------------
                         slack                                 31.961    

Slack (MET) :             32.076ns  (required time - arrival time)
  Source:                 vga/v_cnt_reg[1]/C
                            (rising edge-triggered cell FDRE clocked by clk_out1_clk_viz  {rise@0.000ns fall@20.000ns period=40.000ns})
  Destination:            frame_buffer/U0/inst_blk_mem_gen/gnbram.gnativebmg.native_blk_mem_gen/valid.cstr/ramloop[12].ram.r/prim_noinit.ram/DEVICE_7SERIES.NO_BMM_INFO.SDP.SIMPLE_PRIM36.ram/ADDRBWRADDR[14]
                            (rising edge-triggered cell RAMB36E1 clocked by clk_out1_clk_viz_1  {rise@0.000ns fall@20.000ns period=40.000ns})
  Path Group:             clk_out1_clk_viz_1
  Path Type:              Setup (Max at Slow Process Corner)
  Requirement:            40.000ns  (clk_out1_clk_viz_1 rise@40.000ns - clk_out1_clk_viz rise@0.000ns)
  Data Path Delay:        7.009ns  (logic 2.194ns (31.301%)  route 4.815ns (68.699%))
  Logic Levels:           4  (CARRY4=3 LUT2=1)
  Clock Path Skew:        -0.064ns (DCD - SCD + CPR)
    Destination Clock Delay (DCD):    -1.505ns = ( 38.495 - 40.000 ) 
    Source Clock Delay      (SCD):    -0.950ns
    Clock Pessimism Removal (CPR):    0.492ns
  Clock Uncertainty:      0.106ns  ((TSJ^2 + DJ^2)^1/2) / 2 + PE
    Total System Jitter     (TSJ):    0.071ns
    Discrete Jitter          (DJ):    0.200ns
    Phase Error              (PE):    0.000ns
  Clock Domain Crossing:  Inter clock paths are considered valid unless explicitly excluded by timing constraints such as set_clock_groups or set_false_path.

    Location             Delay type                Incr(ns)  Path(ns)    Netlist Resource(s)
  -------------------------------------------------------------------    -------------------
                         (clock clk_out1_clk_viz rise edge)
                                                      0.000     0.000 r  
    W5                                                0.000     0.000 r  clk_100mhz (IN)
                         net (fo=0)                   0.000     0.000    instance_name/inst/clk_in1
    W5                   IBUF (Prop_ibuf_I_O)         1.458     1.458 r  instance_name/inst/clkin1_ibufg/O
                         net (fo=1, routed)           1.233     2.691    instance_name/inst/clk_in1_clk_viz
    MMCME2_ADV_X1Y0      MMCME2_ADV (Prop_mmcme2_adv_CLKIN1_CLKOUT0)
                                                     -6.961    -4.269 r  instance_name/inst/mmcm_adv_inst/CLKOUT0
                         net (fo=1, routed)           1.661    -2.608    instance_name/inst/clk_out1_clk_viz
    BUFGCTRL_X0Y1        BUFG (Prop_bufg_I_O)         0.096    -2.512 r  instance_name/inst/clkout1_buf/O
                         net (fo=83, routed)          1.562    -0.950    vga/CLK
    SLICE_X31Y38         FDRE                                         r  vga/v_cnt_reg[1]/C
  -------------------------------------------------------------------    -------------------
    SLICE_X31Y38         FDRE (Prop_fdre_C_Q)         0.456    -0.494 r  vga/v_cnt_reg[1]/Q
                         net (fo=12, routed)          0.671     0.178    vga/vga_y[1]
    SLICE_X30Y40         LUT2 (Prop_lut2_I1_O)        0.124     0.302 r  vga/frame_buffer_i_16/O
                         net (fo=1, routed)           0.000     0.302    vga/frame_buffer_i_16_n_0
    SLICE_X30Y40         CARRY4 (Prop_carry4_S[1]_O[2])
                                                      0.578     0.880 r  vga/frame_buffer_i_6/O[2]
                         net (fo=1, routed)           0.488     1.368    vga/read_addr0[9]
    SLICE_X31Y40         CARRY4 (Prop_carry4_S[3]_CO[3])
                                                      0.702     2.070 r  vga/frame_buffer_i_3/CO[3]
                         net (fo=1, routed)           0.000     2.070    vga/frame_buffer_i_3_n_0
    SLICE_X31Y41         CARRY4 (Prop_carry4_CI_O[1])
                                                      0.334     2.404 r  vga/frame_buffer_i_2/O[1]
                         net (fo=27, routed)          3.656     6.060    frame_buffer/U0/inst_blk_mem_gen/gnbram.gnativebmg.native_blk_mem_gen/valid.cstr/ramloop[12].ram.r/prim_noinit.ram/addrb[11]
    RAMB36_X2Y7          RAMB36E1                                     r  frame_buffer/U0/inst_blk_mem_gen/gnbram.gnativebmg.native_blk_mem_gen/valid.cstr/ramloop[12].ram.r/prim_noinit.ram/DEVICE_7SERIES.NO_BMM_INFO.SDP.SIMPLE_PRIM36.ram/ADDRBWRADDR[14]
  -------------------------------------------------------------------    -------------------

                         (clock clk_out1_clk_viz_1 rise edge)
                                                     40.000    40.000 r  
    W5                                                0.000    40.000 r  clk_100mhz (IN)
                         net (fo=0)                   0.000    40.000    instance_name/inst/clk_in1
    W5                   IBUF (Prop_ibuf_I_O)         1.388    41.388 r  instance_name/inst/clkin1_ibufg/O
                         net (fo=1, routed)           1.162    42.550    instance_name/inst/clk_in1_clk_viz
    MMCME2_ADV_X1Y0      MMCME2_ADV (Prop_mmcme2_adv_CLKIN1_CLKOUT0)
                                                     -7.217    35.332 r  instance_name/inst/mmcm_adv_inst/CLKOUT0
                         net (fo=1, routed)           1.581    36.914    instance_name/inst/clk_out1_clk_viz
    BUFGCTRL_X0Y1        BUFG (Prop_bufg_I_O)         0.091    37.005 r  instance_name/inst/clkout1_buf/O
                         net (fo=83, routed)          1.491    38.495    frame_buffer/U0/inst_blk_mem_gen/gnbram.gnativebmg.native_blk_mem_gen/valid.cstr/ramloop[12].ram.r/prim_noinit.ram/clkb
    RAMB36_X2Y7          RAMB36E1                                     r  frame_buffer/U0/inst_blk_mem_gen/gnbram.gnativebmg.native_blk_mem_gen/valid.cstr/ramloop[12].ram.r/prim_noinit.ram/DEVICE_7SERIES.NO_BMM_INFO.SDP.SIMPLE_PRIM36.ram/CLKBWRCLK
                         clock pessimism              0.492    38.987    
                         clock uncertainty           -0.106    38.881    
    RAMB36_X2Y7          RAMB36E1 (Setup_ramb36e1_CLKBWRCLK_ADDRBWRADDR[14])
                                                     -0.745    38.136    frame_buffer/U0/inst_blk_mem_gen/gnbram.gnativebmg.native_blk_mem_gen/valid.cstr/ramloop[12].ram.r/prim_noinit.ram/DEVICE_7SERIES.NO_BMM_INFO.SDP.SIMPLE_PRIM36.ram
  -------------------------------------------------------------------
                         required time                         38.136    
                         arrival time                          -6.060    
  -------------------------------------------------------------------
                         slack                                 32.076    

Slack (MET) :             32.210ns  (required time - arrival time)
  Source:                 vga/v_cnt_reg[1]/C
                            (rising edge-triggered cell FDRE clocked by clk_out1_clk_viz  {rise@0.000ns fall@20.000ns period=40.000ns})
  Destination:            frame_buffer/U0/inst_blk_mem_gen/gnbram.gnativebmg.native_blk_mem_gen/valid.cstr/ramloop[6].ram.r/prim_noinit.ram/DEVICE_7SERIES.NO_BMM_INFO.SDP.SIMPLE_PRIM36.ram/ENBWREN
                            (rising edge-triggered cell RAMB36E1 clocked by clk_out1_clk_viz_1  {rise@0.000ns fall@20.000ns period=40.000ns})
  Path Group:             clk_out1_clk_viz_1
  Path Type:              Setup (Max at Slow Process Corner)
  Requirement:            40.000ns  (clk_out1_clk_viz_1 rise@40.000ns - clk_out1_clk_viz rise@0.000ns)
  Data Path Delay:        7.165ns  (logic 2.735ns (38.173%)  route 4.430ns (61.827%))
  Logic Levels:           6  (CARRY4=4 LUT2=1 LUT5=1)
  Clock Path Skew:        -0.076ns (DCD - SCD + CPR)
    Destination Clock Delay (DCD):    -1.509ns = ( 38.491 - 40.000 ) 
    Source Clock Delay      (SCD):    -0.950ns
    Clock Pessimism Removal (CPR):    0.484ns
  Clock Uncertainty:      0.106ns  ((TSJ^2 + DJ^2)^1/2) / 2 + PE
    Total System Jitter     (TSJ):    0.071ns
    Discrete Jitter          (DJ):    0.200ns
    Phase Error              (PE):    0.000ns
  Clock Domain Crossing:  Inter clock paths are considered valid unless explicitly excluded by timing constraints such as set_clock_groups or set_false_path.

    Location             Delay type                Incr(ns)  Path(ns)    Netlist Resource(s)
  -------------------------------------------------------------------    -------------------
                         (clock clk_out1_clk_viz rise edge)
                                                      0.000     0.000 r  
    W5                                                0.000     0.000 r  clk_100mhz (IN)
                         net (fo=0)                   0.000     0.000    instance_name/inst/clk_in1
    W5                   IBUF (Prop_ibuf_I_O)         1.458     1.458 r  instance_name/inst/clkin1_ibufg/O
                         net (fo=1, routed)           1.233     2.691    instance_name/inst/clk_in1_clk_viz
    MMCME2_ADV_X1Y0      MMCME2_ADV (Prop_mmcme2_adv_CLKIN1_CLKOUT0)
                                                     -6.961    -4.269 r  instance_name/inst/mmcm_adv_inst/CLKOUT0
                         net (fo=1, routed)           1.661    -2.608    instance_name/inst/clk_out1_clk_viz
    BUFGCTRL_X0Y1        BUFG (Prop_bufg_I_O)         0.096    -2.512 r  instance_name/inst/clkout1_buf/O
                         net (fo=83, routed)          1.562    -0.950    vga/CLK
    SLICE_X31Y38         FDRE                                         r  vga/v_cnt_reg[1]/C
  -------------------------------------------------------------------    -------------------
    SLICE_X31Y38         FDRE (Prop_fdre_C_Q)         0.456    -0.494 r  vga/v_cnt_reg[1]/Q
                         net (fo=12, routed)          0.671     0.178    vga/vga_y[1]
    SLICE_X30Y40         LUT2 (Prop_lut2_I1_O)        0.124     0.302 r  vga/frame_buffer_i_16/O
                         net (fo=1, routed)           0.000     0.302    vga/frame_buffer_i_16_n_0
    SLICE_X30Y40         CARRY4 (Prop_carry4_S[1]_CO[3])
                                                      0.533     0.835 r  vga/frame_buffer_i_6/CO[3]
                         net (fo=1, routed)           0.000     0.835    vga/frame_buffer_i_6_n_0
    SLICE_X30Y41         CARRY4 (Prop_carry4_CI_O[0])
                                                      0.219     1.054 r  vga/frame_buffer_i_5/O[0]
                         net (fo=1, routed)           0.589     1.642    vga/read_addr0[11]
    SLICE_X31Y41         CARRY4 (Prop_carry4_S[1]_CO[3])
                                                      0.845     2.487 r  vga/frame_buffer_i_2/CO[3]
                         net (fo=1, routed)           0.000     2.487    vga/frame_buffer_i_2_n_0
    SLICE_X31Y42         CARRY4 (Prop_carry4_CI_O[2])
                                                      0.256     2.743 f  vga/frame_buffer_i_1/O[2]
                         net (fo=27, routed)          2.688     5.431    frame_buffer/U0/inst_blk_mem_gen/gnbram.gnativebmg.native_blk_mem_gen/valid.cstr/bindec_b.bindec_inst_b/addrb[4]
    SLICE_X57Y53         LUT5 (Prop_lut5_I1_O)        0.302     5.733 r  frame_buffer/U0/inst_blk_mem_gen/gnbram.gnativebmg.native_blk_mem_gen/valid.cstr/bindec_b.bindec_inst_b/ENOUT_inferred__0/i_/O
                         net (fo=1, routed)           0.482     6.215    frame_buffer/U0/inst_blk_mem_gen/gnbram.gnativebmg.native_blk_mem_gen/valid.cstr/ramloop[6].ram.r/prim_noinit.ram/enb_array[0]
    RAMB36_X2Y10         RAMB36E1                                     r  frame_buffer/U0/inst_blk_mem_gen/gnbram.gnativebmg.native_blk_mem_gen/valid.cstr/ramloop[6].ram.r/prim_noinit.ram/DEVICE_7SERIES.NO_BMM_INFO.SDP.SIMPLE_PRIM36.ram/ENBWREN
  -------------------------------------------------------------------    -------------------

                         (clock clk_out1_clk_viz_1 rise edge)
                                                     40.000    40.000 r  
    W5                                                0.000    40.000 r  clk_100mhz (IN)
                         net (fo=0)                   0.000    40.000    instance_name/inst/clk_in1
    W5                   IBUF (Prop_ibuf_I_O)         1.388    41.388 r  instance_name/inst/clkin1_ibufg/O
                         net (fo=1, routed)           1.162    42.550    instance_name/inst/clk_in1_clk_viz
    MMCME2_ADV_X1Y0      MMCME2_ADV (Prop_mmcme2_adv_CLKIN1_CLKOUT0)
                                                     -7.217    35.332 r  instance_name/inst/mmcm_adv_inst/CLKOUT0
                         net (fo=1, routed)           1.581    36.914    instance_name/inst/clk_out1_clk_viz
    BUFGCTRL_X0Y1        BUFG (Prop_bufg_I_O)         0.091    37.005 r  instance_name/inst/clkout1_buf/O
                         net (fo=83, routed)          1.486    38.491    frame_buffer/U0/inst_blk_mem_gen/gnbram.gnativebmg.native_blk_mem_gen/valid.cstr/ramloop[6].ram.r/prim_noinit.ram/clkb
    RAMB36_X2Y10         RAMB36E1                                     r  frame_buffer/U0/inst_blk_mem_gen/gnbram.gnativebmg.native_blk_mem_gen/valid.cstr/ramloop[6].ram.r/prim_noinit.ram/DEVICE_7SERIES.NO_BMM_INFO.SDP.SIMPLE_PRIM36.ram/CLKBWRCLK
                         clock pessimism              0.484    38.974    
                         clock uncertainty           -0.106    38.868    
    RAMB36_X2Y10         RAMB36E1 (Setup_ramb36e1_CLKBWRCLK_ENBWREN)
                                                     -0.443    38.425    frame_buffer/U0/inst_blk_mem_gen/gnbram.gnativebmg.native_blk_mem_gen/valid.cstr/ramloop[6].ram.r/prim_noinit.ram/DEVICE_7SERIES.NO_BMM_INFO.SDP.SIMPLE_PRIM36.ram
  -------------------------------------------------------------------
                         required time                         38.425    
                         arrival time                          -6.215    
  -------------------------------------------------------------------
                         slack                                 32.210    

Slack (MET) :             32.259ns  (required time - arrival time)
  Source:                 vga/v_cnt_reg[1]/C
                            (rising edge-triggered cell FDRE clocked by clk_out1_clk_viz  {rise@0.000ns fall@20.000ns period=40.000ns})
  Destination:            frame_buffer/U0/inst_blk_mem_gen/gnbram.gnativebmg.native_blk_mem_gen/valid.cstr/ramloop[1].ram.r/prim_noinit.ram/DEVICE_7SERIES.NO_BMM_INFO.SDP.SIMPLE_PRIM18.ram/ADDRBWRADDR[13]
                            (rising edge-triggered cell RAMB18E1 clocked by clk_out1_clk_viz_1  {rise@0.000ns fall@20.000ns period=40.000ns})
  Path Group:             clk_out1_clk_viz_1
  Path Type:              Setup (Max at Slow Process Corner)
  Requirement:            40.000ns  (clk_out1_clk_viz_1 rise@40.000ns - clk_out1_clk_viz rise@0.000ns)
  Data Path Delay:        6.808ns  (logic 2.267ns (33.301%)  route 4.541ns (66.699%))
  Logic Levels:           4  (CARRY4=3 LUT2=1)
  Clock Path Skew:        -0.079ns (DCD - SCD + CPR)
    Destination Clock Delay (DCD):    -1.512ns = ( 38.488 - 40.000 ) 
    Source Clock Delay      (SCD):    -0.950ns
    Clock Pessimism Removal (CPR):    0.484ns
  Clock Uncertainty:      0.106ns  ((TSJ^2 + DJ^2)^1/2) / 2 + PE
    Total System Jitter     (TSJ):    0.071ns
    Discrete Jitter          (DJ):    0.200ns
    Phase Error              (PE):    0.000ns
  Clock Domain Crossing:  Inter clock paths are considered valid unless explicitly excluded by timing constraints such as set_clock_groups or set_false_path.

    Location             Delay type                Incr(ns)  Path(ns)    Netlist Resource(s)
  -------------------------------------------------------------------    -------------------
                         (clock clk_out1_clk_viz rise edge)
                                                      0.000     0.000 r  
    W5                                                0.000     0.000 r  clk_100mhz (IN)
                         net (fo=0)                   0.000     0.000    instance_name/inst/clk_in1
    W5                   IBUF (Prop_ibuf_I_O)         1.458     1.458 r  instance_name/inst/clkin1_ibufg/O
                         net (fo=1, routed)           1.233     2.691    instance_name/inst/clk_in1_clk_viz
    MMCME2_ADV_X1Y0      MMCME2_ADV (Prop_mmcme2_adv_CLKIN1_CLKOUT0)
                                                     -6.961    -4.269 r  instance_name/inst/mmcm_adv_inst/CLKOUT0
                         net (fo=1, routed)           1.661    -2.608    instance_name/inst/clk_out1_clk_viz
    BUFGCTRL_X0Y1        BUFG (Prop_bufg_I_O)         0.096    -2.512 r  instance_name/inst/clkout1_buf/O
                         net (fo=83, routed)          1.562    -0.950    vga/CLK
    SLICE_X31Y38         FDRE                                         r  vga/v_cnt_reg[1]/C
  -------------------------------------------------------------------    -------------------
    SLICE_X31Y38         FDRE (Prop_fdre_C_Q)         0.456    -0.494 r  vga/v_cnt_reg[1]/Q
                         net (fo=12, routed)          0.671     0.178    vga/vga_y[1]
    SLICE_X30Y40         LUT2 (Prop_lut2_I1_O)        0.124     0.302 r  vga/frame_buffer_i_16/O
                         net (fo=1, routed)           0.000     0.302    vga/frame_buffer_i_16_n_0
    SLICE_X30Y40         CARRY4 (Prop_carry4_S[1]_CO[3])
                                                      0.533     0.835 r  vga/frame_buffer_i_6/CO[3]
                         net (fo=1, routed)           0.000     0.835    vga/frame_buffer_i_6_n_0
    SLICE_X30Y41         CARRY4 (Prop_carry4_CI_O[0])
                                                      0.219     1.054 r  vga/frame_buffer_i_5/O[0]
                         net (fo=1, routed)           0.589     1.642    vga/read_addr0[11]
    SLICE_X31Y41         CARRY4 (Prop_carry4_S[1]_O[3])
                                                      0.935     2.577 r  vga/frame_buffer_i_2/O[3]
                         net (fo=28, routed)          3.281     5.858    frame_buffer/U0/inst_blk_mem_gen/gnbram.gnativebmg.native_blk_mem_gen/valid.cstr/ramloop[1].ram.r/prim_noinit.ram/addrb[13]
    RAMB18_X1Y22         RAMB18E1                                     r  frame_buffer/U0/inst_blk_mem_gen/gnbram.gnativebmg.native_blk_mem_gen/valid.cstr/ramloop[1].ram.r/prim_noinit.ram/DEVICE_7SERIES.NO_BMM_INFO.SDP.SIMPLE_PRIM18.ram/ADDRBWRADDR[13]
  -------------------------------------------------------------------    -------------------

                         (clock clk_out1_clk_viz_1 rise edge)
                                                     40.000    40.000 r  
    W5                                                0.000    40.000 r  clk_100mhz (IN)
                         net (fo=0)                   0.000    40.000    instance_name/inst/clk_in1
    W5                   IBUF (Prop_ibuf_I_O)         1.388    41.388 r  instance_name/inst/clkin1_ibufg/O
                         net (fo=1, routed)           1.162    42.550    instance_name/inst/clk_in1_clk_viz
    MMCME2_ADV_X1Y0      MMCME2_ADV (Prop_mmcme2_adv_CLKIN1_CLKOUT0)
                                                     -7.217    35.332 r  instance_name/inst/mmcm_adv_inst/CLKOUT0
                         net (fo=1, routed)           1.581    36.914    instance_name/inst/clk_out1_clk_viz
    BUFGCTRL_X0Y1        BUFG (Prop_bufg_I_O)         0.091    37.005 r  instance_name/inst/clkout1_buf/O
                         net (fo=83, routed)          1.483    38.488    frame_buffer/U0/inst_blk_mem_gen/gnbram.gnativebmg.native_blk_mem_gen/valid.cstr/ramloop[1].ram.r/prim_noinit.ram/clkb
    RAMB18_X1Y22         RAMB18E1                                     r  frame_buffer/U0/inst_blk_mem_gen/gnbram.gnativebmg.native_blk_mem_gen/valid.cstr/ramloop[1].ram.r/prim_noinit.ram/DEVICE_7SERIES.NO_BMM_INFO.SDP.SIMPLE_PRIM18.ram/CLKBWRCLK
                         clock pessimism              0.484    38.971    
                         clock uncertainty           -0.106    38.865    
    RAMB18_X1Y22         RAMB18E1 (Setup_ramb18e1_CLKBWRCLK_ADDRBWRADDR[13])
                                                     -0.748    38.117    frame_buffer/U0/inst_blk_mem_gen/gnbram.gnativebmg.native_blk_mem_gen/valid.cstr/ramloop[1].ram.r/prim_noinit.ram/DEVICE_7SERIES.NO_BMM_INFO.SDP.SIMPLE_PRIM18.ram
  -------------------------------------------------------------------
                         required time                         38.117    
                         arrival time                          -5.858    
  -------------------------------------------------------------------
                         slack                                 32.259    

Slack (MET) :             32.387ns  (required time - arrival time)
  Source:                 vga/v_cnt_reg[1]/C
                            (rising edge-triggered cell FDRE clocked by clk_out1_clk_viz  {rise@0.000ns fall@20.000ns period=40.000ns})
  Destination:            frame_buffer/U0/inst_blk_mem_gen/gnbram.gnativebmg.native_blk_mem_gen/valid.cstr/ramloop[3].ram.r/prim_noinit.ram/DEVICE_7SERIES.NO_BMM_INFO.SDP.SIMPLE_PRIM36.ram/ENBWREN
                            (rising edge-triggered cell RAMB36E1 clocked by clk_out1_clk_viz_1  {rise@0.000ns fall@20.000ns period=40.000ns})
  Path Group:             clk_out1_clk_viz_1
  Path Type:              Setup (Max at Slow Process Corner)
  Requirement:            40.000ns  (clk_out1_clk_viz_1 rise@40.000ns - clk_out1_clk_viz rise@0.000ns)
  Data Path Delay:        6.985ns  (logic 2.711ns (38.809%)  route 4.274ns (61.191%))
  Logic Levels:           6  (CARRY4=4 LUT2=1 LUT3=1)
  Clock Path Skew:        -0.078ns (DCD - SCD + CPR)
    Destination Clock Delay (DCD):    -1.511ns = ( 38.489 - 40.000 ) 
    Source Clock Delay      (SCD):    -0.950ns
    Clock Pessimism Removal (CPR):    0.484ns
  Clock Uncertainty:      0.106ns  ((TSJ^2 + DJ^2)^1/2) / 2 + PE
    Total System Jitter     (TSJ):    0.071ns
    Discrete Jitter          (DJ):    0.200ns
    Phase Error              (PE):    0.000ns
  Clock Domain Crossing:  Inter clock paths are considered valid unless explicitly excluded by timing constraints such as set_clock_groups or set_false_path.

    Location             Delay type                Incr(ns)  Path(ns)    Netlist Resource(s)
  -------------------------------------------------------------------    -------------------
                         (clock clk_out1_clk_viz rise edge)
                                                      0.000     0.000 r  
    W5                                                0.000     0.000 r  clk_100mhz (IN)
                         net (fo=0)                   0.000     0.000    instance_name/inst/clk_in1
    W5                   IBUF (Prop_ibuf_I_O)         1.458     1.458 r  instance_name/inst/clkin1_ibufg/O
                         net (fo=1, routed)           1.233     2.691    instance_name/inst/clk_in1_clk_viz
    MMCME2_ADV_X1Y0      MMCME2_ADV (Prop_mmcme2_adv_CLKIN1_CLKOUT0)
                                                     -6.961    -4.269 r  instance_name/inst/mmcm_adv_inst/CLKOUT0
                         net (fo=1, routed)           1.661    -2.608    instance_name/inst/clk_out1_clk_viz
    BUFGCTRL_X0Y1        BUFG (Prop_bufg_I_O)         0.096    -2.512 r  instance_name/inst/clkout1_buf/O
                         net (fo=83, routed)          1.562    -0.950    vga/CLK
    SLICE_X31Y38         FDRE                                         r  vga/v_cnt_reg[1]/C
  -------------------------------------------------------------------    -------------------
    SLICE_X31Y38         FDRE (Prop_fdre_C_Q)         0.456    -0.494 r  vga/v_cnt_reg[1]/Q
                         net (fo=12, routed)          0.671     0.178    vga/vga_y[1]
    SLICE_X30Y40         LUT2 (Prop_lut2_I1_O)        0.124     0.302 r  vga/frame_buffer_i_16/O
                         net (fo=1, routed)           0.000     0.302    vga/frame_buffer_i_16_n_0
    SLICE_X30Y40         CARRY4 (Prop_carry4_S[1]_CO[3])
                                                      0.533     0.835 r  vga/frame_buffer_i_6/CO[3]
                         net (fo=1, routed)           0.000     0.835    vga/frame_buffer_i_6_n_0
    SLICE_X30Y41         CARRY4 (Prop_carry4_CI_O[0])
                                                      0.219     1.054 r  vga/frame_buffer_i_5/O[0]
                         net (fo=1, routed)           0.589     1.642    vga/read_addr0[11]
    SLICE_X31Y41         CARRY4 (Prop_carry4_S[1]_CO[3])
                                                      0.845     2.487 r  vga/frame_buffer_i_2/CO[3]
                         net (fo=1, routed)           0.000     2.487    vga/frame_buffer_i_2_n_0
    SLICE_X31Y42         CARRY4 (Prop_carry4_CI_O[0])
                                                      0.235     2.722 f  vga/frame_buffer_i_1/O[0]
                         net (fo=27, routed)          2.663     5.386    frame_buffer/U0/inst_blk_mem_gen/gnbram.gnativebmg.native_blk_mem_gen/valid.cstr/addrb[14]
    SLICE_X48Y52         LUT3 (Prop_lut3_I1_O)        0.299     5.685 r  frame_buffer/U0/inst_blk_mem_gen/gnbram.gnativebmg.native_blk_mem_gen/valid.cstr/ramloop[1].ram.ram_enb/O
                         net (fo=2, routed)           0.351     6.036    frame_buffer/U0/inst_blk_mem_gen/gnbram.gnativebmg.native_blk_mem_gen/valid.cstr/ramloop[3].ram.r/prim_noinit.ram/ramloop[1].ram.ram_enb
    RAMB36_X1Y10         RAMB36E1                                     r  frame_buffer/U0/inst_blk_mem_gen/gnbram.gnativebmg.native_blk_mem_gen/valid.cstr/ramloop[3].ram.r/prim_noinit.ram/DEVICE_7SERIES.NO_BMM_INFO.SDP.SIMPLE_PRIM36.ram/ENBWREN
  -------------------------------------------------------------------    -------------------

                         (clock clk_out1_clk_viz_1 rise edge)
                                                     40.000    40.000 r  
    W5                                                0.000    40.000 r  clk_100mhz (IN)
                         net (fo=0)                   0.000    40.000    instance_name/inst/clk_in1
    W5                   IBUF (Prop_ibuf_I_O)         1.388    41.388 r  instance_name/inst/clkin1_ibufg/O
                         net (fo=1, routed)           1.162    42.550    instance_name/inst/clk_in1_clk_viz
    MMCME2_ADV_X1Y0      MMCME2_ADV (Prop_mmcme2_adv_CLKIN1_CLKOUT0)
                                                     -7.217    35.332 r  instance_name/inst/mmcm_adv_inst/CLKOUT0
                         net (fo=1, routed)           1.581    36.914    instance_name/inst/clk_out1_clk_viz
    BUFGCTRL_X0Y1        BUFG (Prop_bufg_I_O)         0.091    37.005 r  instance_name/inst/clkout1_buf/O
                         net (fo=83, routed)          1.484    38.489    frame_buffer/U0/inst_blk_mem_gen/gnbram.gnativebmg.native_blk_mem_gen/valid.cstr/ramloop[3].ram.r/prim_noinit.ram/clkb
    RAMB36_X1Y10         RAMB36E1                                     r  frame_buffer/U0/inst_blk_mem_gen/gnbram.gnativebmg.native_blk_mem_gen/valid.cstr/ramloop[3].ram.r/prim_noinit.ram/DEVICE_7SERIES.NO_BMM_INFO.SDP.SIMPLE_PRIM36.ram/CLKBWRCLK
                         clock pessimism              0.484    38.972    
                         clock uncertainty           -0.106    38.866    
    RAMB36_X1Y10         RAMB36E1 (Setup_ramb36e1_CLKBWRCLK_ENBWREN)
                                                     -0.443    38.423    frame_buffer/U0/inst_blk_mem_gen/gnbram.gnativebmg.native_blk_mem_gen/valid.cstr/ramloop[3].ram.r/prim_noinit.ram/DEVICE_7SERIES.NO_BMM_INFO.SDP.SIMPLE_PRIM36.ram
  -------------------------------------------------------------------
                         required time                         38.423    
                         arrival time                          -6.036    
  -------------------------------------------------------------------
                         slack                                 32.387    

Slack (MET) :             32.418ns  (required time - arrival time)
  Source:                 vga/v_cnt_reg[1]/C
                            (rising edge-triggered cell FDRE clocked by clk_out1_clk_viz  {rise@0.000ns fall@20.000ns period=40.000ns})
  Destination:            frame_buffer/U0/inst_blk_mem_gen/gnbram.gnativebmg.native_blk_mem_gen/valid.cstr/ramloop[10].ram.r/prim_noinit.ram/DEVICE_7SERIES.NO_BMM_INFO.SDP.SIMPLE_PRIM36.ram/ADDRBWRADDR[14]
                            (rising edge-triggered cell RAMB36E1 clocked by clk_out1_clk_viz_1  {rise@0.000ns fall@20.000ns period=40.000ns})
  Path Group:             clk_out1_clk_viz_1
  Path Type:              Setup (Max at Slow Process Corner)
  Requirement:            40.000ns  (clk_out1_clk_viz_1 rise@40.000ns - clk_out1_clk_viz rise@0.000ns)
  Data Path Delay:        6.671ns  (logic 2.194ns (32.886%)  route 4.477ns (67.114%))
  Logic Levels:           4  (CARRY4=3 LUT2=1)
  Clock Path Skew:        -0.060ns (DCD - SCD + CPR)
    Destination Clock Delay (DCD):    -1.501ns = ( 38.499 - 40.000 ) 
    Source Clock Delay      (SCD):    -0.950ns
    Clock Pessimism Removal (CPR):    0.492ns
  Clock Uncertainty:      0.106ns  ((TSJ^2 + DJ^2)^1/2) / 2 + PE
    Total System Jitter     (TSJ):    0.071ns
    Discrete Jitter          (DJ):    0.200ns
    Phase Error              (PE):    0.000ns
  Clock Domain Crossing:  Inter clock paths are considered valid unless explicitly excluded by timing constraints such as set_clock_groups or set_false_path.

    Location             Delay type                Incr(ns)  Path(ns)    Netlist Resource(s)
  -------------------------------------------------------------------    -------------------
                         (clock clk_out1_clk_viz rise edge)
                                                      0.000     0.000 r  
    W5                                                0.000     0.000 r  clk_100mhz (IN)
                         net (fo=0)                   0.000     0.000    instance_name/inst/clk_in1
    W5                   IBUF (Prop_ibuf_I_O)         1.458     1.458 r  instance_name/inst/clkin1_ibufg/O
                         net (fo=1, routed)           1.233     2.691    instance_name/inst/clk_in1_clk_viz
    MMCME2_ADV_X1Y0      MMCME2_ADV (Prop_mmcme2_adv_CLKIN1_CLKOUT0)
                                                     -6.961    -4.269 r  instance_name/inst/mmcm_adv_inst/CLKOUT0
                         net (fo=1, routed)           1.661    -2.608    instance_name/inst/clk_out1_clk_viz
    BUFGCTRL_X0Y1        BUFG (Prop_bufg_I_O)         0.096    -2.512 r  instance_name/inst/clkout1_buf/O
                         net (fo=83, routed)          1.562    -0.950    vga/CLK
    SLICE_X31Y38         FDRE                                         r  vga/v_cnt_reg[1]/C
  -------------------------------------------------------------------    -------------------
    SLICE_X31Y38         FDRE (Prop_fdre_C_Q)         0.456    -0.494 r  vga/v_cnt_reg[1]/Q
                         net (fo=12, routed)          0.671     0.178    vga/vga_y[1]
    SLICE_X30Y40         LUT2 (Prop_lut2_I1_O)        0.124     0.302 r  vga/frame_buffer_i_16/O
                         net (fo=1, routed)           0.000     0.302    vga/frame_buffer_i_16_n_0
    SLICE_X30Y40         CARRY4 (Prop_carry4_S[1]_O[2])
                                                      0.578     0.880 r  vga/frame_buffer_i_6/O[2]
                         net (fo=1, routed)           0.488     1.368    vga/read_addr0[9]
    SLICE_X31Y40         CARRY4 (Prop_carry4_S[3]_CO[3])
                                                      0.702     2.070 r  vga/frame_buffer_i_3/CO[3]
                         net (fo=1, routed)           0.000     2.070    vga/frame_buffer_i_3_n_0
    SLICE_X31Y41         CARRY4 (Prop_carry4_CI_O[1])
                                                      0.334     2.404 r  vga/frame_buffer_i_2/O[1]
                         net (fo=27, routed)          3.318     5.722    frame_buffer/U0/inst_blk_mem_gen/gnbram.gnativebmg.native_blk_mem_gen/valid.cstr/ramloop[10].ram.r/prim_noinit.ram/addrb[11]
    RAMB36_X2Y8          RAMB36E1                                     r  frame_buffer/U0/inst_blk_mem_gen/gnbram.gnativebmg.native_blk_mem_gen/valid.cstr/ramloop[10].ram.r/prim_noinit.ram/DEVICE_7SERIES.NO_BMM_INFO.SDP.SIMPLE_PRIM36.ram/ADDRBWRADDR[14]
  -------------------------------------------------------------------    -------------------

                         (clock clk_out1_clk_viz_1 rise edge)
                                                     40.000    40.000 r  
    W5                                                0.000    40.000 r  clk_100mhz (IN)
                         net (fo=0)                   0.000    40.000    instance_name/inst/clk_in1
    W5                   IBUF (Prop_ibuf_I_O)         1.388    41.388 r  instance_name/inst/clkin1_ibufg/O
                         net (fo=1, routed)           1.162    42.550    instance_name/inst/clk_in1_clk_viz
    MMCME2_ADV_X1Y0      MMCME2_ADV (Prop_mmcme2_adv_CLKIN1_CLKOUT0)
                                                     -7.217    35.332 r  instance_name/inst/mmcm_adv_inst/CLKOUT0
                         net (fo=1, routed)           1.581    36.914    instance_name/inst/clk_out1_clk_viz
    BUFGCTRL_X0Y1        BUFG (Prop_bufg_I_O)         0.091    37.005 r  instance_name/inst/clkout1_buf/O
                         net (fo=83, routed)          1.495    38.499    frame_buffer/U0/inst_blk_mem_gen/gnbram.gnativebmg.native_blk_mem_gen/valid.cstr/ramloop[10].ram.r/prim_noinit.ram/clkb
    RAMB36_X2Y8          RAMB36E1                                     r  frame_buffer/U0/inst_blk_mem_gen/gnbram.gnativebmg.native_blk_mem_gen/valid.cstr/ramloop[10].ram.r/prim_noinit.ram/DEVICE_7SERIES.NO_BMM_INFO.SDP.SIMPLE_PRIM36.ram/CLKBWRCLK
                         clock pessimism              0.492    38.991    
                         clock uncertainty           -0.106    38.885    
    RAMB36_X2Y8          RAMB36E1 (Setup_ramb36e1_CLKBWRCLK_ADDRBWRADDR[14])
                                                     -0.745    38.140    frame_buffer/U0/inst_blk_mem_gen/gnbram.gnativebmg.native_blk_mem_gen/valid.cstr/ramloop[10].ram.r/prim_noinit.ram/DEVICE_7SERIES.NO_BMM_INFO.SDP.SIMPLE_PRIM36.ram
  -------------------------------------------------------------------
                         required time                         38.140    
                         arrival time                          -5.722    
  -------------------------------------------------------------------
                         slack                                 32.418    





Min Delay Paths
--------------------------------------------------------------------------------------
Slack (MET) :             0.068ns  (arrival time - required time)
  Source:                 vga/h_cnt_reg[1]/C
                            (rising edge-triggered cell FDRE clocked by clk_out1_clk_viz  {rise@0.000ns fall@20.000ns period=40.000ns})
  Destination:            vga/h_cnt_reg[3]/D
                            (rising edge-triggered cell FDRE clocked by clk_out1_clk_viz_1  {rise@0.000ns fall@20.000ns period=40.000ns})
  Path Group:             clk_out1_clk_viz_1
  Path Type:              Hold (Min at Fast Process Corner)
  Requirement:            0.000ns  (clk_out1_clk_viz_1 rise@0.000ns - clk_out1_clk_viz rise@0.000ns)
  Data Path Delay:        0.307ns  (logic 0.186ns (60.498%)  route 0.121ns (39.502%))
  Logic Levels:           1  (LUT4=1)
  Clock Path Skew:        0.013ns (DCD - SCD - CPR)
    Destination Clock Delay (DCD):    -0.860ns
    Source Clock Delay      (SCD):    -0.620ns
    Clock Pessimism Removal (CPR):    -0.252ns
  Clock Uncertainty:      0.106ns  ((TSJ^2 + DJ^2)^1/2) / 2 + PE
    Total System Jitter     (TSJ):    0.071ns
    Discrete Jitter          (DJ):    0.200ns
    Phase Error              (PE):    0.000ns
  Clock Domain Crossing:  Inter clock paths are considered valid unless explicitly excluded by timing constraints such as set_clock_groups or set_false_path.

    Location             Delay type                Incr(ns)  Path(ns)    Netlist Resource(s)
  -------------------------------------------------------------------    -------------------
                         (clock clk_out1_clk_viz rise edge)
                                                      0.000     0.000 r  
    W5                                                0.000     0.000 r  clk_100mhz (IN)
                         net (fo=0)                   0.000     0.000    instance_name/inst/clk_in1
    W5                   IBUF (Prop_ibuf_I_O)         0.226     0.226 r  instance_name/inst/clkin1_ibufg/O
                         net (fo=1, routed)           0.440     0.667    instance_name/inst/clk_in1_clk_viz
    MMCME2_ADV_X1Y0      MMCME2_ADV (Prop_mmcme2_adv_CLKIN1_CLKOUT0)
                                                     -2.360    -1.693 r  instance_name/inst/mmcm_adv_inst/CLKOUT0
                         net (fo=1, routed)           0.486    -1.207    instance_name/inst/clk_out1_clk_viz
    BUFGCTRL_X0Y1        BUFG (Prop_bufg_I_O)         0.026    -1.181 r  instance_name/inst/clkout1_buf/O
                         net (fo=83, routed)          0.561    -0.620    vga/CLK
    SLICE_X35Y40         FDRE                                         r  vga/h_cnt_reg[1]/C
  -------------------------------------------------------------------    -------------------
    SLICE_X35Y40         FDRE (Prop_fdre_C_Q)         0.141    -0.479 r  vga/h_cnt_reg[1]/Q
                         net (fo=34, routed)          0.121    -0.358    vga/Q[0]
    SLICE_X34Y40         LUT4 (Prop_lut4_I1_O)        0.045    -0.313 r  vga/h_cnt[3]_i_1/O
                         net (fo=1, routed)           0.000    -0.313    vga/h_cnt[3]_i_1_n_0
    SLICE_X34Y40         FDRE                                         r  vga/h_cnt_reg[3]/D
  -------------------------------------------------------------------    -------------------

                         (clock clk_out1_clk_viz_1 rise edge)
                                                      0.000     0.000 r  
    W5                                                0.000     0.000 r  clk_100mhz (IN)
                         net (fo=0)                   0.000     0.000    instance_name/inst/clk_in1
    W5                   IBUF (Prop_ibuf_I_O)         0.414     0.414 r  instance_name/inst/clkin1_ibufg/O
                         net (fo=1, routed)           0.480     0.894    instance_name/inst/clk_in1_clk_viz
    MMCME2_ADV_X1Y0      MMCME2_ADV (Prop_mmcme2_adv_CLKIN1_CLKOUT0)
                                                     -3.142    -2.248 r  instance_name/inst/mmcm_adv_inst/CLKOUT0
                         net (fo=1, routed)           0.530    -1.718    instance_name/inst/clk_out1_clk_viz
    BUFGCTRL_X0Y1        BUFG (Prop_bufg_I_O)         0.029    -1.689 r  instance_name/inst/clkout1_buf/O
                         net (fo=83, routed)          0.830    -0.860    vga/CLK
    SLICE_X34Y40         FDRE                                         r  vga/h_cnt_reg[3]/C
                         clock pessimism              0.252    -0.607    
                         clock uncertainty            0.106    -0.501    
    SLICE_X34Y40         FDRE (Hold_fdre_C_D)         0.120    -0.381    vga/h_cnt_reg[3]
  -------------------------------------------------------------------
                         required time                          0.381    
                         arrival time                          -0.313    
  -------------------------------------------------------------------
                         slack                                  0.068    

Slack (MET) :             0.070ns  (arrival time - required time)
  Source:                 config_unit/sccb/clk_divider_reg[6]/C
                            (rising edge-triggered cell FDRE clocked by clk_out1_clk_viz  {rise@0.000ns fall@20.000ns period=40.000ns})
  Destination:            config_unit/sccb/sccb_clk_reg/D
                            (rising edge-triggered cell FDRE clocked by clk_out1_clk_viz_1  {rise@0.000ns fall@20.000ns period=40.000ns})
  Path Group:             clk_out1_clk_viz_1
  Path Type:              Hold (Min at Fast Process Corner)
  Requirement:            0.000ns  (clk_out1_clk_viz_1 rise@0.000ns - clk_out1_clk_viz rise@0.000ns)
  Data Path Delay:        0.281ns  (logic 0.209ns (74.295%)  route 0.072ns (25.705%))
  Logic Levels:           1  (LUT5=1)
  Clock Path Skew:        0.013ns (DCD - SCD - CPR)
    Destination Clock Delay (DCD):    -0.823ns
    Source Clock Delay      (SCD):    -0.585ns
    Clock Pessimism Removal (CPR):    -0.250ns
  Clock Uncertainty:      0.106ns  ((TSJ^2 + DJ^2)^1/2) / 2 + PE
    Total System Jitter     (TSJ):    0.071ns
    Discrete Jitter          (DJ):    0.200ns
    Phase Error              (PE):    0.000ns
  Clock Domain Crossing:  Inter clock paths are considered valid unless explicitly excluded by timing constraints such as set_clock_groups or set_false_path.

    Location             Delay type                Incr(ns)  Path(ns)    Netlist Resource(s)
  -------------------------------------------------------------------    -------------------
                         (clock clk_out1_clk_viz rise edge)
                                                      0.000     0.000 r  
    W5                                                0.000     0.000 r  clk_100mhz (IN)
                         net (fo=0)                   0.000     0.000    instance_name/inst/clk_in1
    W5                   IBUF (Prop_ibuf_I_O)         0.226     0.226 r  instance_name/inst/clkin1_ibufg/O
                         net (fo=1, routed)           0.440     0.667    instance_name/inst/clk_in1_clk_viz
    MMCME2_ADV_X1Y0      MMCME2_ADV (Prop_mmcme2_adv_CLKIN1_CLKOUT0)
                                                     -2.360    -1.693 r  instance_name/inst/mmcm_adv_inst/CLKOUT0
                         net (fo=1, routed)           0.486    -1.207    instance_name/inst/clk_out1_clk_viz
    BUFGCTRL_X0Y1        BUFG (Prop_bufg_I_O)         0.026    -1.181 r  instance_name/inst/clkout1_buf/O
                         net (fo=83, routed)          0.596    -0.585    config_unit/sccb/CLK
    SLICE_X2Y2           FDRE                                         r  config_unit/sccb/clk_divider_reg[6]/C
  -------------------------------------------------------------------    -------------------
    SLICE_X2Y2           FDRE (Prop_fdre_C_Q)         0.164    -0.421 r  config_unit/sccb/clk_divider_reg[6]/Q
                         net (fo=4, routed)           0.072    -0.349    config_unit/sccb/clk_divider[6]
    SLICE_X3Y2           LUT5 (Prop_lut5_I1_O)        0.045    -0.304 r  config_unit/sccb/sccb_clk_i_1/O
                         net (fo=1, routed)           0.000    -0.304    config_unit/sccb/sccb_clk_i_1_n_0
    SLICE_X3Y2           FDRE                                         r  config_unit/sccb/sccb_clk_reg/D
  -------------------------------------------------------------------    -------------------

                         (clock clk_out1_clk_viz_1 rise edge)
                                                      0.000     0.000 r  
    W5                                                0.000     0.000 r  clk_100mhz (IN)
                         net (fo=0)                   0.000     0.000    instance_name/inst/clk_in1
    W5                   IBUF (Prop_ibuf_I_O)         0.414     0.414 r  instance_name/inst/clkin1_ibufg/O
                         net (fo=1, routed)           0.480     0.894    instance_name/inst/clk_in1_clk_viz
    MMCME2_ADV_X1Y0      MMCME2_ADV (Prop_mmcme2_adv_CLKIN1_CLKOUT0)
                                                     -3.142    -2.248 r  instance_name/inst/mmcm_adv_inst/CLKOUT0
                         net (fo=1, routed)           0.530    -1.718    instance_name/inst/clk_out1_clk_viz
    BUFGCTRL_X0Y1        BUFG (Prop_bufg_I_O)         0.029    -1.689 r  instance_name/inst/clkout1_buf/O
                         net (fo=83, routed)          0.867    -0.823    config_unit/sccb/CLK
    SLICE_X3Y2           FDRE                                         r  config_unit/sccb/sccb_clk_reg/C
                         clock pessimism              0.250    -0.572    
                         clock uncertainty            0.106    -0.466    
    SLICE_X3Y2           FDRE (Hold_fdre_C_D)         0.092    -0.374    config_unit/sccb/sccb_clk_reg
  -------------------------------------------------------------------
                         required time                          0.374    
                         arrival time                          -0.304    
  -------------------------------------------------------------------
                         slack                                  0.070    

Slack (MET) :             0.070ns  (arrival time - required time)
  Source:                 vga/h_cnt_reg[4]/C
                            (rising edge-triggered cell FDRE clocked by clk_out1_clk_viz  {rise@0.000ns fall@20.000ns period=40.000ns})
  Destination:            vga/h_cnt_reg[5]/D
                            (rising edge-triggered cell FDRE clocked by clk_out1_clk_viz_1  {rise@0.000ns fall@20.000ns period=40.000ns})
  Path Group:             clk_out1_clk_viz_1
  Path Type:              Hold (Min at Fast Process Corner)
  Requirement:            0.000ns  (clk_out1_clk_viz_1 rise@0.000ns - clk_out1_clk_viz rise@0.000ns)
  Data Path Delay:        0.281ns  (logic 0.209ns (74.270%)  route 0.072ns (25.730%))
  Logic Levels:           1  (LUT6=1)
  Clock Path Skew:        0.013ns (DCD - SCD - CPR)
    Destination Clock Delay (DCD):    -0.860ns
    Source Clock Delay      (SCD):    -0.620ns
    Clock Pessimism Removal (CPR):    -0.252ns
  Clock Uncertainty:      0.106ns  ((TSJ^2 + DJ^2)^1/2) / 2 + PE
    Total System Jitter     (TSJ):    0.071ns
    Discrete Jitter          (DJ):    0.200ns
    Phase Error              (PE):    0.000ns
  Clock Domain Crossing:  Inter clock paths are considered valid unless explicitly excluded by timing constraints such as set_clock_groups or set_false_path.

    Location             Delay type                Incr(ns)  Path(ns)    Netlist Resource(s)
  -------------------------------------------------------------------    -------------------
                         (clock clk_out1_clk_viz rise edge)
                                                      0.000     0.000 r  
    W5                                                0.000     0.000 r  clk_100mhz (IN)
                         net (fo=0)                   0.000     0.000    instance_name/inst/clk_in1
    W5                   IBUF (Prop_ibuf_I_O)         0.226     0.226 r  instance_name/inst/clkin1_ibufg/O
                         net (fo=1, routed)           0.440     0.667    instance_name/inst/clk_in1_clk_viz
    MMCME2_ADV_X1Y0      MMCME2_ADV (Prop_mmcme2_adv_CLKIN1_CLKOUT0)
                                                     -2.360    -1.693 r  instance_name/inst/mmcm_adv_inst/CLKOUT0
                         net (fo=1, routed)           0.486    -1.207    instance_name/inst/clk_out1_clk_viz
    BUFGCTRL_X0Y1        BUFG (Prop_bufg_I_O)         0.026    -1.181 r  instance_name/inst/clkout1_buf/O
                         net (fo=83, routed)          0.561    -0.620    vga/CLK
    SLICE_X34Y40         FDRE                                         r  vga/h_cnt_reg[4]/C
  -------------------------------------------------------------------    -------------------
    SLICE_X34Y40         FDRE (Prop_fdre_C_Q)         0.164    -0.456 r  vga/h_cnt_reg[4]/Q
                         net (fo=34, routed)          0.072    -0.384    vga/Q[3]
    SLICE_X35Y40         LUT6 (Prop_lut6_I5_O)        0.045    -0.339 r  vga/h_cnt[5]_i_1/O
                         net (fo=1, routed)           0.000    -0.339    vga/h_cnt[5]_i_1_n_0
    SLICE_X35Y40         FDRE                                         r  vga/h_cnt_reg[5]/D
  -------------------------------------------------------------------    -------------------

                         (clock clk_out1_clk_viz_1 rise edge)
                                                      0.000     0.000 r  
    W5                                                0.000     0.000 r  clk_100mhz (IN)
                         net (fo=0)                   0.000     0.000    instance_name/inst/clk_in1
    W5                   IBUF (Prop_ibuf_I_O)         0.414     0.414 r  instance_name/inst/clkin1_ibufg/O
                         net (fo=1, routed)           0.480     0.894    instance_name/inst/clk_in1_clk_viz
    MMCME2_ADV_X1Y0      MMCME2_ADV (Prop_mmcme2_adv_CLKIN1_CLKOUT0)
                                                     -3.142    -2.248 r  instance_name/inst/mmcm_adv_inst/CLKOUT0
                         net (fo=1, routed)           0.530    -1.718    instance_name/inst/clk_out1_clk_viz
    BUFGCTRL_X0Y1        BUFG (Prop_bufg_I_O)         0.029    -1.689 r  instance_name/inst/clkout1_buf/O
                         net (fo=83, routed)          0.830    -0.860    vga/CLK
    SLICE_X35Y40         FDRE                                         r  vga/h_cnt_reg[5]/C
                         clock pessimism              0.252    -0.607    
                         clock uncertainty            0.106    -0.501    
    SLICE_X35Y40         FDRE (Hold_fdre_C_D)         0.092    -0.409    vga/h_cnt_reg[5]
  -------------------------------------------------------------------
                         required time                          0.409    
                         arrival time                          -0.339    
  -------------------------------------------------------------------
                         slack                                  0.070    

Slack (MET) :             0.071ns  (arrival time - required time)
  Source:                 vga/h_cnt_reg[1]/C
                            (rising edge-triggered cell FDRE clocked by clk_out1_clk_viz  {rise@0.000ns fall@20.000ns period=40.000ns})
  Destination:            vga/h_cnt_reg[4]/D
                            (rising edge-triggered cell FDRE clocked by clk_out1_clk_viz_1  {rise@0.000ns fall@20.000ns period=40.000ns})
  Path Group:             clk_out1_clk_viz_1
  Path Type:              Hold (Min at Fast Process Corner)
  Requirement:            0.000ns  (clk_out1_clk_viz_1 rise@0.000ns - clk_out1_clk_viz rise@0.000ns)
  Data Path Delay:        0.311ns  (logic 0.186ns (59.721%)  route 0.125ns (40.279%))
  Logic Levels:           1  (LUT5=1)
  Clock Path Skew:        0.013ns (DCD - SCD - CPR)
    Destination Clock Delay (DCD):    -0.860ns
    Source Clock Delay      (SCD):    -0.620ns
    Clock Pessimism Removal (CPR):    -0.252ns
  Clock Uncertainty:      0.106ns  ((TSJ^2 + DJ^2)^1/2) / 2 + PE
    Total System Jitter     (TSJ):    0.071ns
    Discrete Jitter          (DJ):    0.200ns
    Phase Error              (PE):    0.000ns
  Clock Domain Crossing:  Inter clock paths are considered valid unless explicitly excluded by timing constraints such as set_clock_groups or set_false_path.

    Location             Delay type                Incr(ns)  Path(ns)    Netlist Resource(s)
  -------------------------------------------------------------------    -------------------
                         (clock clk_out1_clk_viz rise edge)
                                                      0.000     0.000 r  
    W5                                                0.000     0.000 r  clk_100mhz (IN)
                         net (fo=0)                   0.000     0.000    instance_name/inst/clk_in1
    W5                   IBUF (Prop_ibuf_I_O)         0.226     0.226 r  instance_name/inst/clkin1_ibufg/O
                         net (fo=1, routed)           0.440     0.667    instance_name/inst/clk_in1_clk_viz
    MMCME2_ADV_X1Y0      MMCME2_ADV (Prop_mmcme2_adv_CLKIN1_CLKOUT0)
                                                     -2.360    -1.693 r  instance_name/inst/mmcm_adv_inst/CLKOUT0
                         net (fo=1, routed)           0.486    -1.207    instance_name/inst/clk_out1_clk_viz
    BUFGCTRL_X0Y1        BUFG (Prop_bufg_I_O)         0.026    -1.181 r  instance_name/inst/clkout1_buf/O
                         net (fo=83, routed)          0.561    -0.620    vga/CLK
    SLICE_X35Y40         FDRE                                         r  vga/h_cnt_reg[1]/C
  -------------------------------------------------------------------    -------------------
    SLICE_X35Y40         FDRE (Prop_fdre_C_Q)         0.141    -0.479 r  vga/h_cnt_reg[1]/Q
                         net (fo=34, routed)          0.125    -0.354    vga/Q[0]
    SLICE_X34Y40         LUT5 (Prop_lut5_I3_O)        0.045    -0.309 r  vga/h_cnt[4]_i_1/O
                         net (fo=1, routed)           0.000    -0.309    vga/h_cnt[4]_i_1_n_0
    SLICE_X34Y40         FDRE                                         r  vga/h_cnt_reg[4]/D
  -------------------------------------------------------------------    -------------------

                         (clock clk_out1_clk_viz_1 rise edge)
                                                      0.000     0.000 r  
    W5                                                0.000     0.000 r  clk_100mhz (IN)
                         net (fo=0)                   0.000     0.000    instance_name/inst/clk_in1
    W5                   IBUF (Prop_ibuf_I_O)         0.414     0.414 r  instance_name/inst/clkin1_ibufg/O
                         net (fo=1, routed)           0.480     0.894    instance_name/inst/clk_in1_clk_viz
    MMCME2_ADV_X1Y0      MMCME2_ADV (Prop_mmcme2_adv_CLKIN1_CLKOUT0)
                                                     -3.142    -2.248 r  instance_name/inst/mmcm_adv_inst/CLKOUT0
                         net (fo=1, routed)           0.530    -1.718    instance_name/inst/clk_out1_clk_viz
    BUFGCTRL_X0Y1        BUFG (Prop_bufg_I_O)         0.029    -1.689 r  instance_name/inst/clkout1_buf/O
                         net (fo=83, routed)          0.830    -0.860    vga/CLK
    SLICE_X34Y40         FDRE                                         r  vga/h_cnt_reg[4]/C
                         clock pessimism              0.252    -0.607    
                         clock uncertainty            0.106    -0.501    
    SLICE_X34Y40         FDRE (Hold_fdre_C_D)         0.121    -0.380    vga/h_cnt_reg[4]
  -------------------------------------------------------------------
                         required time                          0.380    
                         arrival time                          -0.309    
  -------------------------------------------------------------------
                         slack                                  0.071    

Slack (MET) :             0.093ns  (arrival time - required time)
  Source:                 frame_buffer/U0/inst_blk_mem_gen/gnbram.gnativebmg.native_blk_mem_gen/valid.cstr/has_mux_b.B/no_softecc_sel_reg.ce_pri.sel_pipe_reg[4]/C
                            (rising edge-triggered cell FDRE clocked by clk_out1_clk_viz  {rise@0.000ns fall@20.000ns period=40.000ns})
  Destination:            frame_buffer/U0/inst_blk_mem_gen/gnbram.gnativebmg.native_blk_mem_gen/valid.cstr/has_mux_b.B/no_softecc_gmuxr.ce_pri.dout_i_reg[1]/D
                            (rising edge-triggered cell FDRE clocked by clk_out1_clk_viz_1  {rise@0.000ns fall@20.000ns period=40.000ns})
  Path Group:             clk_out1_clk_viz_1
  Path Type:              Hold (Min at Fast Process Corner)
  Requirement:            0.000ns  (clk_out1_clk_viz_1 rise@0.000ns - clk_out1_clk_viz rise@0.000ns)
  Data Path Delay:        0.307ns  (logic 0.186ns (60.604%)  route 0.121ns (39.396%))
  Logic Levels:           1  (LUT5=1)
  Clock Path Skew:        0.016ns (DCD - SCD - CPR)
    Destination Clock Delay (DCD):    -0.859ns
    Source Clock Delay      (SCD):    -0.619ns
    Clock Pessimism Removal (CPR):    -0.255ns
  Clock Uncertainty:      0.106ns  ((TSJ^2 + DJ^2)^1/2) / 2 + PE
    Total System Jitter     (TSJ):    0.071ns
    Discrete Jitter          (DJ):    0.200ns
    Phase Error              (PE):    0.000ns
  Clock Domain Crossing:  Inter clock paths are considered valid unless explicitly excluded by timing constraints such as set_clock_groups or set_false_path.

    Location             Delay type                Incr(ns)  Path(ns)    Netlist Resource(s)
  -------------------------------------------------------------------    -------------------
                         (clock clk_out1_clk_viz rise edge)
                                                      0.000     0.000 r  
    W5                                                0.000     0.000 r  clk_100mhz (IN)
                         net (fo=0)                   0.000     0.000    instance_name/inst/clk_in1
    W5                   IBUF (Prop_ibuf_I_O)         0.226     0.226 r  instance_name/inst/clkin1_ibufg/O
                         net (fo=1, routed)           0.440     0.667    instance_name/inst/clk_in1_clk_viz
    MMCME2_ADV_X1Y0      MMCME2_ADV (Prop_mmcme2_adv_CLKIN1_CLKOUT0)
                                                     -2.360    -1.693 r  instance_name/inst/mmcm_adv_inst/CLKOUT0
                         net (fo=1, routed)           0.486    -1.207    instance_name/inst/clk_out1_clk_viz
    BUFGCTRL_X0Y1        BUFG (Prop_bufg_I_O)         0.026    -1.181 r  instance_name/inst/clkout1_buf/O
                         net (fo=83, routed)          0.562    -0.619    frame_buffer/U0/inst_blk_mem_gen/gnbram.gnativebmg.native_blk_mem_gen/valid.cstr/has_mux_b.B/clkb
    SLICE_X31Y42         FDRE                                         r  frame_buffer/U0/inst_blk_mem_gen/gnbram.gnativebmg.native_blk_mem_gen/valid.cstr/has_mux_b.B/no_softecc_sel_reg.ce_pri.sel_pipe_reg[4]/C
  -------------------------------------------------------------------    -------------------
    SLICE_X31Y42         FDRE (Prop_fdre_C_Q)         0.141    -0.478 r  frame_buffer/U0/inst_blk_mem_gen/gnbram.gnativebmg.native_blk_mem_gen/valid.cstr/has_mux_b.B/no_softecc_sel_reg.ce_pri.sel_pipe_reg[4]/Q
                         net (fo=12, routed)          0.121    -0.357    frame_buffer/U0/inst_blk_mem_gen/gnbram.gnativebmg.native_blk_mem_gen/valid.cstr/has_mux_b.B/sel_pipe[4]
    SLICE_X32Y41         LUT5 (Prop_lut5_I3_O)        0.045    -0.312 r  frame_buffer/U0/inst_blk_mem_gen/gnbram.gnativebmg.native_blk_mem_gen/valid.cstr/has_mux_b.B/no_softecc_gmuxr.ce_pri.dout_i[1]_i_1/O
                         net (fo=1, routed)           0.000    -0.312    frame_buffer/U0/inst_blk_mem_gen/gnbram.gnativebmg.native_blk_mem_gen/valid.cstr/has_mux_b.B/din_2D[31]_0[1]
    SLICE_X32Y41         FDRE                                         r  frame_buffer/U0/inst_blk_mem_gen/gnbram.gnativebmg.native_blk_mem_gen/valid.cstr/has_mux_b.B/no_softecc_gmuxr.ce_pri.dout_i_reg[1]/D
  -------------------------------------------------------------------    -------------------

                         (clock clk_out1_clk_viz_1 rise edge)
                                                      0.000     0.000 r  
    W5                                                0.000     0.000 r  clk_100mhz (IN)
                         net (fo=0)                   0.000     0.000    instance_name/inst/clk_in1
    W5                   IBUF (Prop_ibuf_I_O)         0.414     0.414 r  instance_name/inst/clkin1_ibufg/O
                         net (fo=1, routed)           0.480     0.894    instance_name/inst/clk_in1_clk_viz
    MMCME2_ADV_X1Y0      MMCME2_ADV (Prop_mmcme2_adv_CLKIN1_CLKOUT0)
                                                     -3.142    -2.248 r  instance_name/inst/mmcm_adv_inst/CLKOUT0
                         net (fo=1, routed)           0.530    -1.718    instance_name/inst/clk_out1_clk_viz
    BUFGCTRL_X0Y1        BUFG (Prop_bufg_I_O)         0.029    -1.689 r  instance_name/inst/clkout1_buf/O
                         net (fo=83, routed)          0.831    -0.859    frame_buffer/U0/inst_blk_mem_gen/gnbram.gnativebmg.native_blk_mem_gen/valid.cstr/has_mux_b.B/clkb
    SLICE_X32Y41         FDRE                                         r  frame_buffer/U0/inst_blk_mem_gen/gnbram.gnativebmg.native_blk_mem_gen/valid.cstr/has_mux_b.B/no_softecc_gmuxr.ce_pri.dout_i_reg[1]/C
                         clock pessimism              0.255    -0.603    
                         clock uncertainty            0.106    -0.497    
    SLICE_X32Y41         FDRE (Hold_fdre_C_D)         0.092    -0.405    frame_buffer/U0/inst_blk_mem_gen/gnbram.gnativebmg.native_blk_mem_gen/valid.cstr/has_mux_b.B/no_softecc_gmuxr.ce_pri.dout_i_reg[1]
  -------------------------------------------------------------------
                         required time                          0.405    
                         arrival time                          -0.312    
  -------------------------------------------------------------------
                         slack                                  0.093    

Slack (MET) :             0.104ns  (arrival time - required time)
  Source:                 config_unit/rom_addr_reg[4]/C
                            (rising edge-triggered cell FDRE clocked by clk_out1_clk_viz  {rise@0.000ns fall@20.000ns period=40.000ns})
  Destination:            config_unit/rom_addr_reg[5]/D
                            (rising edge-triggered cell FDRE clocked by clk_out1_clk_viz_1  {rise@0.000ns fall@20.000ns period=40.000ns})
  Path Group:             clk_out1_clk_viz_1
  Path Type:              Hold (Min at Fast Process Corner)
  Requirement:            0.000ns  (clk_out1_clk_viz_1 rise@0.000ns - clk_out1_clk_viz rise@0.000ns)
  Data Path Delay:        0.332ns  (logic 0.246ns (74.200%)  route 0.086ns (25.800%))
  Logic Levels:           1  (LUT6=1)
  Clock Path Skew:        0.000ns (DCD - SCD - CPR)
    Destination Clock Delay (DCD):    -0.824ns
    Source Clock Delay      (SCD):    -0.586ns
    Clock Pessimism Removal (CPR):    -0.237ns
  Clock Uncertainty:      0.106ns  ((TSJ^2 + DJ^2)^1/2) / 2 + PE
    Total System Jitter     (TSJ):    0.071ns
    Discrete Jitter          (DJ):    0.200ns
    Phase Error              (PE):    0.000ns
  Clock Domain Crossing:  Inter clock paths are considered valid unless explicitly excluded by timing constraints such as set_clock_groups or set_false_path.

    Location             Delay type                Incr(ns)  Path(ns)    Netlist Resource(s)
  -------------------------------------------------------------------    -------------------
                         (clock clk_out1_clk_viz rise edge)
                                                      0.000     0.000 r  
    W5                                                0.000     0.000 r  clk_100mhz (IN)
                         net (fo=0)                   0.000     0.000    instance_name/inst/clk_in1
    W5                   IBUF (Prop_ibuf_I_O)         0.226     0.226 r  instance_name/inst/clkin1_ibufg/O
                         net (fo=1, routed)           0.440     0.667    instance_name/inst/clk_in1_clk_viz
    MMCME2_ADV_X1Y0      MMCME2_ADV (Prop_mmcme2_adv_CLKIN1_CLKOUT0)
                                                     -2.360    -1.693 r  instance_name/inst/mmcm_adv_inst/CLKOUT0
                         net (fo=1, routed)           0.486    -1.207    instance_name/inst/clk_out1_clk_viz
    BUFGCTRL_X0Y1        BUFG (Prop_bufg_I_O)         0.026    -1.181 r  instance_name/inst/clkout1_buf/O
                         net (fo=83, routed)          0.595    -0.586    config_unit/CLK
    SLICE_X2Y5           FDRE                                         r  config_unit/rom_addr_reg[4]/C
  -------------------------------------------------------------------    -------------------
    SLICE_X2Y5           FDRE (Prop_fdre_C_Q)         0.148    -0.438 r  config_unit/rom_addr_reg[4]/Q
                         net (fo=5, routed)           0.086    -0.353    config_unit/rom_addr_reg[4]
    SLICE_X2Y5           LUT6 (Prop_lut6_I5_O)        0.098    -0.255 r  config_unit/rom_addr[5]_i_1/O
                         net (fo=1, routed)           0.000    -0.255    config_unit/p_0_in[5]
    SLICE_X2Y5           FDRE                                         r  config_unit/rom_addr_reg[5]/D
  -------------------------------------------------------------------    -------------------

                         (clock clk_out1_clk_viz_1 rise edge)
                                                      0.000     0.000 r  
    W5                                                0.000     0.000 r  clk_100mhz (IN)
                         net (fo=0)                   0.000     0.000    instance_name/inst/clk_in1
    W5                   IBUF (Prop_ibuf_I_O)         0.414     0.414 r  instance_name/inst/clkin1_ibufg/O
                         net (fo=1, routed)           0.480     0.894    instance_name/inst/clk_in1_clk_viz
    MMCME2_ADV_X1Y0      MMCME2_ADV (Prop_mmcme2_adv_CLKIN1_CLKOUT0)
                                                     -3.142    -2.248 r  instance_name/inst/mmcm_adv_inst/CLKOUT0
                         net (fo=1, routed)           0.530    -1.718    instance_name/inst/clk_out1_clk_viz
    BUFGCTRL_X0Y1        BUFG (Prop_bufg_I_O)         0.029    -1.689 r  instance_name/inst/clkout1_buf/O
                         net (fo=83, routed)          0.866    -0.824    config_unit/CLK
    SLICE_X2Y5           FDRE                                         r  config_unit/rom_addr_reg[5]/C
                         clock pessimism              0.237    -0.586    
                         clock uncertainty            0.106    -0.480    
    SLICE_X2Y5           FDRE (Hold_fdre_C_D)         0.121    -0.359    config_unit/rom_addr_reg[5]
  -------------------------------------------------------------------
                         required time                          0.359    
                         arrival time                          -0.255    
  -------------------------------------------------------------------
                         slack                                  0.104    

Slack (MET) :             0.118ns  (arrival time - required time)
  Source:                 config_unit/sccb/clk_divider_reg[0]/C
                            (rising edge-triggered cell FDRE clocked by clk_out1_clk_viz  {rise@0.000ns fall@20.000ns period=40.000ns})
  Destination:            config_unit/sccb/clk_divider_reg[5]/D
                            (rising edge-triggered cell FDRE clocked by clk_out1_clk_viz_1  {rise@0.000ns fall@20.000ns period=40.000ns})
  Path Group:             clk_out1_clk_viz_1
  Path Type:              Hold (Min at Fast Process Corner)
  Requirement:            0.000ns  (clk_out1_clk_viz_1 rise@0.000ns - clk_out1_clk_viz rise@0.000ns)
  Data Path Delay:        0.345ns  (logic 0.246ns (71.337%)  route 0.099ns (28.663%))
  Logic Levels:           1  (LUT6=1)
  Clock Path Skew:        0.000ns (DCD - SCD - CPR)
    Destination Clock Delay (DCD):    -0.823ns
    Source Clock Delay      (SCD):    -0.585ns
    Clock Pessimism Removal (CPR):    -0.237ns
  Clock Uncertainty:      0.106ns  ((TSJ^2 + DJ^2)^1/2) / 2 + PE
    Total System Jitter     (TSJ):    0.071ns
    Discrete Jitter          (DJ):    0.200ns
    Phase Error              (PE):    0.000ns
  Clock Domain Crossing:  Inter clock paths are considered valid unless explicitly excluded by timing constraints such as set_clock_groups or set_false_path.

    Location             Delay type                Incr(ns)  Path(ns)    Netlist Resource(s)
  -------------------------------------------------------------------    -------------------
                         (clock clk_out1_clk_viz rise edge)
                                                      0.000     0.000 r  
    W5                                                0.000     0.000 r  clk_100mhz (IN)
                         net (fo=0)                   0.000     0.000    instance_name/inst/clk_in1
    W5                   IBUF (Prop_ibuf_I_O)         0.226     0.226 r  instance_name/inst/clkin1_ibufg/O
                         net (fo=1, routed)           0.440     0.667    instance_name/inst/clk_in1_clk_viz
    MMCME2_ADV_X1Y0      MMCME2_ADV (Prop_mmcme2_adv_CLKIN1_CLKOUT0)
                                                     -2.360    -1.693 r  instance_name/inst/mmcm_adv_inst/CLKOUT0
                         net (fo=1, routed)           0.486    -1.207    instance_name/inst/clk_out1_clk_viz
    BUFGCTRL_X0Y1        BUFG (Prop_bufg_I_O)         0.026    -1.181 r  instance_name/inst/clkout1_buf/O
                         net (fo=83, routed)          0.596    -0.585    config_unit/sccb/CLK
    SLICE_X2Y2           FDRE                                         r  config_unit/sccb/clk_divider_reg[0]/C
  -------------------------------------------------------------------    -------------------
    SLICE_X2Y2           FDRE (Prop_fdre_C_Q)         0.148    -0.437 r  config_unit/sccb/clk_divider_reg[0]/Q
                         net (fo=7, routed)           0.099    -0.339    config_unit/sccb/clk_divider[0]
    SLICE_X2Y2           LUT6 (Prop_lut6_I2_O)        0.098    -0.241 r  config_unit/sccb/clk_divider[5]_i_1/O
                         net (fo=1, routed)           0.000    -0.241    config_unit/sccb/p_1_in[5]
    SLICE_X2Y2           FDRE                                         r  config_unit/sccb/clk_divider_reg[5]/D
  -------------------------------------------------------------------    -------------------

                         (clock clk_out1_clk_viz_1 rise edge)
                                                      0.000     0.000 r  
    W5                                                0.000     0.000 r  clk_100mhz (IN)
                         net (fo=0)                   0.000     0.000    instance_name/inst/clk_in1
    W5                   IBUF (Prop_ibuf_I_O)         0.414     0.414 r  instance_name/inst/clkin1_ibufg/O
                         net (fo=1, routed)           0.480     0.894    instance_name/inst/clk_in1_clk_viz
    MMCME2_ADV_X1Y0      MMCME2_ADV (Prop_mmcme2_adv_CLKIN1_CLKOUT0)
                                                     -3.142    -2.248 r  instance_name/inst/mmcm_adv_inst/CLKOUT0
                         net (fo=1, routed)           0.530    -1.718    instance_name/inst/clk_out1_clk_viz
    BUFGCTRL_X0Y1        BUFG (Prop_bufg_I_O)         0.029    -1.689 r  instance_name/inst/clkout1_buf/O
                         net (fo=83, routed)          0.867    -0.823    config_unit/sccb/CLK
    SLICE_X2Y2           FDRE                                         r  config_unit/sccb/clk_divider_reg[5]/C
                         clock pessimism              0.237    -0.585    
                         clock uncertainty            0.106    -0.479    
    SLICE_X2Y2           FDRE (Hold_fdre_C_D)         0.121    -0.358    config_unit/sccb/clk_divider_reg[5]
  -------------------------------------------------------------------
                         required time                          0.358    
                         arrival time                          -0.241    
  -------------------------------------------------------------------
                         slack                                  0.118    

Slack (MET) :             0.118ns  (arrival time - required time)
  Source:                 vga/h_cnt_reg[5]/C
                            (rising edge-triggered cell FDRE clocked by clk_out1_clk_viz  {rise@0.000ns fall@20.000ns period=40.000ns})
  Destination:            vga/h_cnt_reg[6]/D
                            (rising edge-triggered cell FDRE clocked by clk_out1_clk_viz_1  {rise@0.000ns fall@20.000ns period=40.000ns})
  Path Group:             clk_out1_clk_viz_1
  Path Type:              Hold (Min at Fast Process Corner)
  Requirement:            0.000ns  (clk_out1_clk_viz_1 rise@0.000ns - clk_out1_clk_viz rise@0.000ns)
  Data Path Delay:        0.359ns  (logic 0.186ns (51.881%)  route 0.173ns (48.119%))
  Logic Levels:           1  (LUT3=1)
  Clock Path Skew:        0.013ns (DCD - SCD - CPR)
    Destination Clock Delay (DCD):    -0.860ns
    Source Clock Delay      (SCD):    -0.620ns
    Clock Pessimism Removal (CPR):    -0.252ns
  Clock Uncertainty:      0.106ns  ((TSJ^2 + DJ^2)^1/2) / 2 + PE
    Total System Jitter     (TSJ):    0.071ns
    Discrete Jitter          (DJ):    0.200ns
    Phase Error              (PE):    0.000ns
  Clock Domain Crossing:  Inter clock paths are considered valid unless explicitly excluded by timing constraints such as set_clock_groups or set_false_path.

    Location             Delay type                Incr(ns)  Path(ns)    Netlist Resource(s)
  -------------------------------------------------------------------    -------------------
                         (clock clk_out1_clk_viz rise edge)
                                                      0.000     0.000 r  
    W5                                                0.000     0.000 r  clk_100mhz (IN)
                         net (fo=0)                   0.000     0.000    instance_name/inst/clk_in1
    W5                   IBUF (Prop_ibuf_I_O)         0.226     0.226 r  instance_name/inst/clkin1_ibufg/O
                         net (fo=1, routed)           0.440     0.667    instance_name/inst/clk_in1_clk_viz
    MMCME2_ADV_X1Y0      MMCME2_ADV (Prop_mmcme2_adv_CLKIN1_CLKOUT0)
                                                     -2.360    -1.693 r  instance_name/inst/mmcm_adv_inst/CLKOUT0
                         net (fo=1, routed)           0.486    -1.207    instance_name/inst/clk_out1_clk_viz
    BUFGCTRL_X0Y1        BUFG (Prop_bufg_I_O)         0.026    -1.181 r  instance_name/inst/clkout1_buf/O
                         net (fo=83, routed)          0.561    -0.620    vga/CLK
    SLICE_X35Y40         FDRE                                         r  vga/h_cnt_reg[5]/C
  -------------------------------------------------------------------    -------------------
    SLICE_X35Y40         FDRE (Prop_fdre_C_Q)         0.141    -0.479 r  vga/h_cnt_reg[5]/Q
                         net (fo=34, routed)          0.173    -0.307    vga/Q[4]
    SLICE_X34Y40         LUT3 (Prop_lut3_I2_O)        0.045    -0.262 r  vga/h_cnt[6]_i_1/O
                         net (fo=1, routed)           0.000    -0.262    vga/h_cnt[6]_i_1_n_0
    SLICE_X34Y40         FDRE                                         r  vga/h_cnt_reg[6]/D
  -------------------------------------------------------------------    -------------------

                         (clock clk_out1_clk_viz_1 rise edge)
                                                      0.000     0.000 r  
    W5                                                0.000     0.000 r  clk_100mhz (IN)
                         net (fo=0)                   0.000     0.000    instance_name/inst/clk_in1
    W5                   IBUF (Prop_ibuf_I_O)         0.414     0.414 r  instance_name/inst/clkin1_ibufg/O
                         net (fo=1, routed)           0.480     0.894    instance_name/inst/clk_in1_clk_viz
    MMCME2_ADV_X1Y0      MMCME2_ADV (Prop_mmcme2_adv_CLKIN1_CLKOUT0)
                                                     -3.142    -2.248 r  instance_name/inst/mmcm_adv_inst/CLKOUT0
                         net (fo=1, routed)           0.530    -1.718    instance_name/inst/clk_out1_clk_viz
    BUFGCTRL_X0Y1        BUFG (Prop_bufg_I_O)         0.029    -1.689 r  instance_name/inst/clkout1_buf/O
                         net (fo=83, routed)          0.830    -0.860    vga/CLK
    SLICE_X34Y40         FDRE                                         r  vga/h_cnt_reg[6]/C
                         clock pessimism              0.252    -0.607    
                         clock uncertainty            0.106    -0.501    
    SLICE_X34Y40         FDRE (Hold_fdre_C_D)         0.121    -0.380    vga/h_cnt_reg[6]
  -------------------------------------------------------------------
                         required time                          0.380    
                         arrival time                          -0.262    
  -------------------------------------------------------------------
                         slack                                  0.118    

Slack (MET) :             0.119ns  (arrival time - required time)
  Source:                 vga/h_cnt_reg[8]/C
                            (rising edge-triggered cell FDRE clocked by clk_out1_clk_viz  {rise@0.000ns fall@20.000ns period=40.000ns})
  Destination:            vga/h_cnt_reg[9]/D
                            (rising edge-triggered cell FDRE clocked by clk_out1_clk_viz_1  {rise@0.000ns fall@20.000ns period=40.000ns})
  Path Group:             clk_out1_clk_viz_1
  Path Type:              Hold (Min at Fast Process Corner)
  Requirement:            0.000ns  (clk_out1_clk_viz_1 rise@0.000ns - clk_out1_clk_viz rise@0.000ns)
  Data Path Delay:        0.330ns  (logic 0.186ns (56.340%)  route 0.144ns (43.660%))
  Logic Levels:           1  (LUT3=1)
  Clock Path Skew:        0.013ns (DCD - SCD - CPR)
    Destination Clock Delay (DCD):    -0.860ns
    Source Clock Delay      (SCD):    -0.620ns
    Clock Pessimism Removal (CPR):    -0.252ns
  Clock Uncertainty:      0.106ns  ((TSJ^2 + DJ^2)^1/2) / 2 + PE
    Total System Jitter     (TSJ):    0.071ns
    Discrete Jitter          (DJ):    0.200ns
    Phase Error              (PE):    0.000ns
  Clock Domain Crossing:  Inter clock paths are considered valid unless explicitly excluded by timing constraints such as set_clock_groups or set_false_path.

    Location             Delay type                Incr(ns)  Path(ns)    Netlist Resource(s)
  -------------------------------------------------------------------    -------------------
                         (clock clk_out1_clk_viz rise edge)
                                                      0.000     0.000 r  
    W5                                                0.000     0.000 r  clk_100mhz (IN)
                         net (fo=0)                   0.000     0.000    instance_name/inst/clk_in1
    W5                   IBUF (Prop_ibuf_I_O)         0.226     0.226 r  instance_name/inst/clkin1_ibufg/O
                         net (fo=1, routed)           0.440     0.667    instance_name/inst/clk_in1_clk_viz
    MMCME2_ADV_X1Y0      MMCME2_ADV (Prop_mmcme2_adv_CLKIN1_CLKOUT0)
                                                     -2.360    -1.693 r  instance_name/inst/mmcm_adv_inst/CLKOUT0
                         net (fo=1, routed)           0.486    -1.207    instance_name/inst/clk_out1_clk_viz
    BUFGCTRL_X0Y1        BUFG (Prop_bufg_I_O)         0.026    -1.181 r  instance_name/inst/clkout1_buf/O
                         net (fo=83, routed)          0.561    -0.620    vga/CLK
    SLICE_X33Y39         FDRE                                         r  vga/h_cnt_reg[8]/C
  -------------------------------------------------------------------    -------------------
    SLICE_X33Y39         FDRE (Prop_fdre_C_Q)         0.141    -0.479 r  vga/h_cnt_reg[8]/Q
                         net (fo=7, routed)           0.144    -0.335    vga/vga_x[8]
    SLICE_X32Y39         LUT3 (Prop_lut3_I2_O)        0.045    -0.290 r  vga/h_cnt[9]_i_2/O
                         net (fo=1, routed)           0.000    -0.290    vga/h_cnt[9]_i_2_n_0
    SLICE_X32Y39         FDRE                                         r  vga/h_cnt_reg[9]/D
  -------------------------------------------------------------------    -------------------

                         (clock clk_out1_clk_viz_1 rise edge)
                                                      0.000     0.000 r  
    W5                                                0.000     0.000 r  clk_100mhz (IN)
                         net (fo=0)                   0.000     0.000    instance_name/inst/clk_in1
    W5                   IBUF (Prop_ibuf_I_O)         0.414     0.414 r  instance_name/inst/clkin1_ibufg/O
                         net (fo=1, routed)           0.480     0.894    instance_name/inst/clk_in1_clk_viz
    MMCME2_ADV_X1Y0      MMCME2_ADV (Prop_mmcme2_adv_CLKIN1_CLKOUT0)
                                                     -3.142    -2.248 r  instance_name/inst/mmcm_adv_inst/CLKOUT0
                         net (fo=1, routed)           0.530    -1.718    instance_name/inst/clk_out1_clk_viz
    BUFGCTRL_X0Y1        BUFG (Prop_bufg_I_O)         0.029    -1.689 r  instance_name/inst/clkout1_buf/O
                         net (fo=83, routed)          0.830    -0.860    vga/CLK
    SLICE_X32Y39         FDRE                                         r  vga/h_cnt_reg[9]/C
                         clock pessimism              0.252    -0.607    
                         clock uncertainty            0.106    -0.501    
    SLICE_X32Y39         FDRE (Hold_fdre_C_D)         0.092    -0.409    vga/h_cnt_reg[9]
  -------------------------------------------------------------------
                         required time                          0.409    
                         arrival time                          -0.290    
  -------------------------------------------------------------------
                         slack                                  0.119    

Slack (MET) :             0.121ns  (arrival time - required time)
  Source:                 vga/h_cnt_reg[7]/C
                            (rising edge-triggered cell FDRE clocked by clk_out1_clk_viz  {rise@0.000ns fall@20.000ns period=40.000ns})
  Destination:            vga/h_cnt_reg[8]/D
                            (rising edge-triggered cell FDRE clocked by clk_out1_clk_viz_1  {rise@0.000ns fall@20.000ns period=40.000ns})
  Path Group:             clk_out1_clk_viz_1
  Path Type:              Hold (Min at Fast Process Corner)
  Requirement:            0.000ns  (clk_out1_clk_viz_1 rise@0.000ns - clk_out1_clk_viz rise@0.000ns)
  Data Path Delay:        0.331ns  (logic 0.186ns (56.117%)  route 0.145ns (43.883%))
  Logic Levels:           1  (LUT6=1)
  Clock Path Skew:        0.013ns (DCD - SCD - CPR)
    Destination Clock Delay (DCD):    -0.860ns
    Source Clock Delay      (SCD):    -0.620ns
    Clock Pessimism Removal (CPR):    -0.252ns
  Clock Uncertainty:      0.106ns  ((TSJ^2 + DJ^2)^1/2) / 2 + PE
    Total System Jitter     (TSJ):    0.071ns
    Discrete Jitter          (DJ):    0.200ns
    Phase Error              (PE):    0.000ns
  Clock Domain Crossing:  Inter clock paths are considered valid unless explicitly excluded by timing constraints such as set_clock_groups or set_false_path.

    Location             Delay type                Incr(ns)  Path(ns)    Netlist Resource(s)
  -------------------------------------------------------------------    -------------------
                         (clock clk_out1_clk_viz rise edge)
                                                      0.000     0.000 r  
    W5                                                0.000     0.000 r  clk_100mhz (IN)
                         net (fo=0)                   0.000     0.000    instance_name/inst/clk_in1
    W5                   IBUF (Prop_ibuf_I_O)         0.226     0.226 r  instance_name/inst/clkin1_ibufg/O
                         net (fo=1, routed)           0.440     0.667    instance_name/inst/clk_in1_clk_viz
    MMCME2_ADV_X1Y0      MMCME2_ADV (Prop_mmcme2_adv_CLKIN1_CLKOUT0)
                                                     -2.360    -1.693 r  instance_name/inst/mmcm_adv_inst/CLKOUT0
                         net (fo=1, routed)           0.486    -1.207    instance_name/inst/clk_out1_clk_viz
    BUFGCTRL_X0Y1        BUFG (Prop_bufg_I_O)         0.026    -1.181 r  instance_name/inst/clkout1_buf/O
                         net (fo=83, routed)          0.561    -0.620    vga/CLK
    SLICE_X32Y39         FDRE                                         r  vga/h_cnt_reg[7]/C
  -------------------------------------------------------------------    -------------------
    SLICE_X32Y39         FDRE (Prop_fdre_C_Q)         0.141    -0.479 r  vga/h_cnt_reg[7]/Q
                         net (fo=8, routed)           0.145    -0.334    vga/vga_x[7]
    SLICE_X33Y39         LUT6 (Prop_lut6_I5_O)        0.045    -0.289 r  vga/h_cnt[8]_i_1/O
                         net (fo=1, routed)           0.000    -0.289    vga/h_cnt[8]_i_1_n_0
    SLICE_X33Y39         FDRE                                         r  vga/h_cnt_reg[8]/D
  -------------------------------------------------------------------    -------------------

                         (clock clk_out1_clk_viz_1 rise edge)
                                                      0.000     0.000 r  
    W5                                                0.000     0.000 r  clk_100mhz (IN)
                         net (fo=0)                   0.000     0.000    instance_name/inst/clk_in1
    W5                   IBUF (Prop_ibuf_I_O)         0.414     0.414 r  instance_name/inst/clkin1_ibufg/O
                         net (fo=1, routed)           0.480     0.894    instance_name/inst/clk_in1_clk_viz
    MMCME2_ADV_X1Y0      MMCME2_ADV (Prop_mmcme2_adv_CLKIN1_CLKOUT0)
                                                     -3.142    -2.248 r  instance_name/inst/mmcm_adv_inst/CLKOUT0
                         net (fo=1, routed)           0.530    -1.718    instance_name/inst/clk_out1_clk_viz
    BUFGCTRL_X0Y1        BUFG (Prop_bufg_I_O)         0.029    -1.689 r  instance_name/inst/clkout1_buf/O
                         net (fo=83, routed)          0.830    -0.860    vga/CLK
    SLICE_X33Y39         FDRE                                         r  vga/h_cnt_reg[8]/C
                         clock pessimism              0.252    -0.607    
                         clock uncertainty            0.106    -0.501    
    SLICE_X33Y39         FDRE (Hold_fdre_C_D)         0.091    -0.410    vga/h_cnt_reg[8]
  -------------------------------------------------------------------
                         required time                          0.410    
                         arrival time                          -0.289    
  -------------------------------------------------------------------
                         slack                                  0.121    





--------------------------------------------------------------------------------------
Path Group:  (none)
From Clock:  
  To Clock:  

Max Delay           668 Endpoints
Min Delay           668 Endpoints
--------------------------------------------------------------------------------------


Max Delay Paths
--------------------------------------------------------------------------------------
Slack:                    inf
  Source:                 sw[1]
                            (input port)
  Destination:            vga_b[0]
                            (output port)
  Path Group:             (none)
  Path Type:              Max at Slow Process Corner
  Data Path Delay:        12.838ns  (logic 5.205ns (40.541%)  route 7.633ns (59.459%))
  Logic Levels:           4  (IBUF=1 LUT2=1 LUT6=1 OBUF=1)

    Location             Delay type                Incr(ns)  Path(ns)    Netlist Resource(s)
  -------------------------------------------------------------------    -------------------
    V16                                               0.000     0.000 f  sw[1] (IN)
                         net (fo=0)                   0.000     0.000    sw[1]
    V16                  IBUF (Prop_ibuf_I_O)         1.461     1.461 f  sw_IBUF[1]_inst/O
                         net (fo=14, routed)          3.655     5.116    vga/sw_IBUF[1]
    SLICE_X28Y40         LUT2 (Prop_lut2_I0_O)        0.124     5.240 f  vga/vga_r_OBUF[2]_inst_i_4/O
                         net (fo=9, routed)           1.222     6.462    vga/vga_r_OBUF[2]_inst_i_4_n_0
    SLICE_X28Y38         LUT6 (Prop_lut6_I4_O)        0.124     6.586 r  vga/vga_b_OBUF[0]_inst_i_1/O
                         net (fo=1, routed)           2.756     9.343    vga_b_OBUF[0]
    N18                  OBUF (Prop_obuf_I_O)         3.495    12.838 r  vga_b_OBUF[0]_inst/O
                         net (fo=0)                   0.000    12.838    vga_b[0]
    N18                                                               r  vga_b[0] (OUT)
  -------------------------------------------------------------------    -------------------

Slack:                    inf
  Source:                 sw[1]
                            (input port)
  Destination:            vga_b[2]
                            (output port)
  Path Group:             (none)
  Path Type:              Max at Slow Process Corner
  Data Path Delay:        12.607ns  (logic 5.464ns (43.340%)  route 7.143ns (56.660%))
  Logic Levels:           4  (IBUF=1 LUT3=1 LUT6=1 OBUF=1)

    Location             Delay type                Incr(ns)  Path(ns)    Netlist Resource(s)
  -------------------------------------------------------------------    -------------------
    V16                                               0.000     0.000 r  sw[1] (IN)
                         net (fo=0)                   0.000     0.000    sw[1]
    V16                  IBUF (Prop_ibuf_I_O)         1.461     1.461 r  sw_IBUF[1]_inst/O
                         net (fo=14, routed)          3.655     5.116    vga/sw_IBUF[1]
    SLICE_X28Y40         LUT3 (Prop_lut3_I0_O)        0.152     5.268 f  vga/vga_r_OBUF[2]_inst_i_3/O
                         net (fo=9, routed)           0.889     6.157    vga/vga_r_OBUF[2]_inst_i_3_n_0
    SLICE_X28Y39         LUT6 (Prop_lut6_I2_O)        0.332     6.489 r  vga/vga_b_OBUF[2]_inst_i_1/O
                         net (fo=1, routed)           2.600     9.089    vga_b_OBUF[2]
    K18                  OBUF (Prop_obuf_I_O)         3.519    12.607 r  vga_b_OBUF[2]_inst/O
                         net (fo=0)                   0.000    12.607    vga_b[2]
    K18                                                               r  vga_b[2] (OUT)
  -------------------------------------------------------------------    -------------------

Slack:                    inf
  Source:                 sw[1]
                            (input port)
  Destination:            vga_g[0]
                            (output port)
  Path Group:             (none)
  Path Type:              Max at Slow Process Corner
  Data Path Delay:        12.582ns  (logic 5.230ns (41.569%)  route 7.352ns (58.431%))
  Logic Levels:           4  (IBUF=1 LUT2=1 LUT6=1 OBUF=1)

    Location             Delay type                Incr(ns)  Path(ns)    Netlist Resource(s)
  -------------------------------------------------------------------    -------------------
    V16                                               0.000     0.000 f  sw[1] (IN)
                         net (fo=0)                   0.000     0.000    sw[1]
    V16                  IBUF (Prop_ibuf_I_O)         1.461     1.461 f  sw_IBUF[1]_inst/O
                         net (fo=14, routed)          3.655     5.116    vga/sw_IBUF[1]
    SLICE_X28Y40         LUT2 (Prop_lut2_I0_O)        0.124     5.240 f  vga/vga_r_OBUF[2]_inst_i_4/O
                         net (fo=9, routed)           1.026     6.266    vga/vga_r_OBUF[2]_inst_i_4_n_0
    SLICE_X29Y38         LUT6 (Prop_lut6_I4_O)        0.124     6.390 r  vga/vga_g_OBUF[0]_inst_i_1/O
                         net (fo=1, routed)           2.672     9.061    vga_g_OBUF[0]
    J17                  OBUF (Prop_obuf_I_O)         3.521    12.582 r  vga_g_OBUF[0]_inst/O
                         net (fo=0)                   0.000    12.582    vga_g[0]
    J17                                                               r  vga_g[0] (OUT)
  -------------------------------------------------------------------    -------------------

Slack:                    inf
  Source:                 sw[1]
                            (input port)
  Destination:            vga_r[2]
                            (output port)
  Path Group:             (none)
  Path Type:              Max at Slow Process Corner
  Data Path Delay:        12.538ns  (logic 5.469ns (43.623%)  route 7.068ns (56.377%))
  Logic Levels:           4  (IBUF=1 LUT3=1 LUT6=1 OBUF=1)

    Location             Delay type                Incr(ns)  Path(ns)    Netlist Resource(s)
  -------------------------------------------------------------------    -------------------
    V16                                               0.000     0.000 r  sw[1] (IN)
                         net (fo=0)                   0.000     0.000    sw[1]
    V16                  IBUF (Prop_ibuf_I_O)         1.461     1.461 r  sw_IBUF[1]_inst/O
                         net (fo=14, routed)          3.655     5.116    vga/sw_IBUF[1]
    SLICE_X28Y40         LUT3 (Prop_lut3_I0_O)        0.152     5.268 f  vga/vga_r_OBUF[2]_inst_i_3/O
                         net (fo=9, routed)           1.021     6.289    vga/vga_r_OBUF[2]_inst_i_3_n_0
    SLICE_X29Y38         LUT6 (Prop_lut6_I2_O)        0.332     6.621 r  vga/vga_r_OBUF[2]_inst_i_1/O
                         net (fo=1, routed)           2.393     9.014    vga_r_OBUF[2]
    J19                  OBUF (Prop_obuf_I_O)         3.524    12.538 r  vga_r_OBUF[2]_inst/O
                         net (fo=0)                   0.000    12.538    vga_r[2]
    J19                                                               r  vga_r[2] (OUT)
  -------------------------------------------------------------------    -------------------

Slack:                    inf
  Source:                 sw[1]
                            (input port)
  Destination:            vga_r[0]
                            (output port)
  Path Group:             (none)
  Path Type:              Max at Slow Process Corner
  Data Path Delay:        12.301ns  (logic 5.233ns (42.542%)  route 7.068ns (57.458%))
  Logic Levels:           4  (IBUF=1 LUT2=1 LUT6=1 OBUF=1)

    Location             Delay type                Incr(ns)  Path(ns)    Netlist Resource(s)
  -------------------------------------------------------------------    -------------------
    V16                                               0.000     0.000 f  sw[1] (IN)
                         net (fo=0)                   0.000     0.000    sw[1]
    V16                  IBUF (Prop_ibuf_I_O)         1.461     1.461 f  sw_IBUF[1]_inst/O
                         net (fo=14, routed)          3.655     5.116    vga/sw_IBUF[1]
    SLICE_X28Y40         LUT2 (Prop_lut2_I0_O)        0.124     5.240 f  vga/vga_r_OBUF[2]_inst_i_4/O
                         net (fo=9, routed)           0.888     6.128    vga/vga_r_OBUF[2]_inst_i_4_n_0
    SLICE_X28Y40         LUT6 (Prop_lut6_I4_O)        0.124     6.252 r  vga/vga_r_OBUF[0]_inst_i_1/O
                         net (fo=1, routed)           2.525     8.777    vga_r_OBUF[0]
    G19                  OBUF (Prop_obuf_I_O)         3.524    12.301 r  vga_r_OBUF[0]_inst/O
                         net (fo=0)                   0.000    12.301    vga_r[0]
    G19                                                               r  vga_r[0] (OUT)
  -------------------------------------------------------------------    -------------------

Slack:                    inf
  Source:                 sw[1]
                            (input port)
  Destination:            vga_r[1]
                            (output port)
  Path Group:             (none)
  Path Type:              Max at Slow Process Corner
  Data Path Delay:        12.207ns  (logic 5.465ns (44.766%)  route 6.742ns (55.234%))
  Logic Levels:           4  (IBUF=1 LUT3=1 LUT6=1 OBUF=1)

    Location             Delay type                Incr(ns)  Path(ns)    Netlist Resource(s)
  -------------------------------------------------------------------    -------------------
    V16                                               0.000     0.000 r  sw[1] (IN)
                         net (fo=0)                   0.000     0.000    sw[1]
    V16                  IBUF (Prop_ibuf_I_O)         1.461     1.461 r  sw_IBUF[1]_inst/O
                         net (fo=14, routed)          3.655     5.116    vga/sw_IBUF[1]
    SLICE_X28Y40         LUT3 (Prop_lut3_I0_O)        0.152     5.268 f  vga/vga_r_OBUF[2]_inst_i_3/O
                         net (fo=9, routed)           0.554     5.822    vga/vga_r_OBUF[2]_inst_i_3_n_0
    SLICE_X29Y40         LUT6 (Prop_lut6_I2_O)        0.332     6.154 r  vga/vga_r_OBUF[1]_inst_i_1/O
                         net (fo=1, routed)           2.533     8.688    vga_r_OBUF[1]
    H19                  OBUF (Prop_obuf_I_O)         3.519    12.207 r  vga_r_OBUF[1]_inst/O
                         net (fo=0)                   0.000    12.207    vga_r[1]
    H19                                                               r  vga_r[1] (OUT)
  -------------------------------------------------------------------    -------------------

Slack:                    inf
  Source:                 sw[1]
                            (input port)
  Destination:            vga_g[2]
                            (output port)
  Path Group:             (none)
  Path Type:              Max at Slow Process Corner
  Data Path Delay:        12.154ns  (logic 5.474ns (45.042%)  route 6.680ns (54.958%))
  Logic Levels:           4  (IBUF=1 LUT3=1 LUT6=1 OBUF=1)

    Location             Delay type                Incr(ns)  Path(ns)    Netlist Resource(s)
  -------------------------------------------------------------------    -------------------
    V16                                               0.000     0.000 r  sw[1] (IN)
                         net (fo=0)                   0.000     0.000    sw[1]
    V16                  IBUF (Prop_ibuf_I_O)         1.461     1.461 r  sw_IBUF[1]_inst/O
                         net (fo=14, routed)          3.655     5.116    vga/sw_IBUF[1]
    SLICE_X28Y40         LUT3 (Prop_lut3_I0_O)        0.152     5.268 f  vga/vga_r_OBUF[2]_inst_i_3/O
                         net (fo=9, routed)           0.497     5.765    vga/vga_r_OBUF[2]_inst_i_3_n_0
    SLICE_X28Y39         LUT6 (Prop_lut6_I2_O)        0.332     6.097 r  vga/vga_g_OBUF[2]_inst_i_1/O
                         net (fo=1, routed)           2.529     8.625    vga_g_OBUF[2]
    G17                  OBUF (Prop_obuf_I_O)         3.529    12.154 r  vga_g_OBUF[2]_inst/O
                         net (fo=0)                   0.000    12.154    vga_g[2]
    G17                                                               r  vga_g[2] (OUT)
  -------------------------------------------------------------------    -------------------

Slack:                    inf
  Source:                 sw[1]
                            (input port)
  Destination:            vga_g[1]
                            (output port)
  Path Group:             (none)
  Path Type:              Max at Slow Process Corner
  Data Path Delay:        12.135ns  (logic 5.451ns (44.919%)  route 6.684ns (55.081%))
  Logic Levels:           4  (IBUF=1 LUT3=1 LUT6=1 OBUF=1)

    Location             Delay type                Incr(ns)  Path(ns)    Netlist Resource(s)
  -------------------------------------------------------------------    -------------------
    V16                                               0.000     0.000 r  sw[1] (IN)
                         net (fo=0)                   0.000     0.000    sw[1]
    V16                  IBUF (Prop_ibuf_I_O)         1.461     1.461 r  sw_IBUF[1]_inst/O
                         net (fo=14, routed)          3.655     5.116    vga/sw_IBUF[1]
    SLICE_X28Y40         LUT3 (Prop_lut3_I0_O)        0.152     5.268 f  vga/vga_r_OBUF[2]_inst_i_3/O
                         net (fo=9, routed)           0.501     5.769    vga/vga_r_OBUF[2]_inst_i_3_n_0
    SLICE_X28Y39         LUT6 (Prop_lut6_I2_O)        0.332     6.101 r  vga/vga_g_OBUF[1]_inst_i_1/O
                         net (fo=1, routed)           2.528     8.629    vga_g_OBUF[1]
    H17                  OBUF (Prop_obuf_I_O)         3.505    12.135 r  vga_g_OBUF[1]_inst/O
                         net (fo=0)                   0.000    12.135    vga_g[1]
    H17                                                               r  vga_g[1] (OUT)
  -------------------------------------------------------------------    -------------------

Slack:                    inf
  Source:                 sw[1]
                            (input port)
  Destination:            vga_b[1]
                            (output port)
  Path Group:             (none)
  Path Type:              Max at Slow Process Corner
  Data Path Delay:        12.008ns  (logic 5.449ns (45.376%)  route 6.559ns (54.624%))
  Logic Levels:           4  (IBUF=1 LUT3=1 LUT6=1 OBUF=1)

    Location             Delay type                Incr(ns)  Path(ns)    Netlist Resource(s)
  -------------------------------------------------------------------    -------------------
    V16                                               0.000     0.000 r  sw[1] (IN)
                         net (fo=0)                   0.000     0.000    sw[1]
    V16                  IBUF (Prop_ibuf_I_O)         1.461     1.461 r  sw_IBUF[1]_inst/O
                         net (fo=14, routed)          3.655     5.116    vga/sw_IBUF[1]
    SLICE_X28Y40         LUT3 (Prop_lut3_I0_O)        0.152     5.268 f  vga/vga_r_OBUF[2]_inst_i_3/O
                         net (fo=9, routed)           0.485     5.753    vga/vga_r_OBUF[2]_inst_i_3_n_0
    SLICE_X29Y39         LUT6 (Prop_lut6_I2_O)        0.332     6.085 r  vga/vga_b_OBUF[1]_inst_i_1/O
                         net (fo=1, routed)           2.420     8.505    vga_b_OBUF[1]
    L18                  OBUF (Prop_obuf_I_O)         3.503    12.008 r  vga_b_OBUF[1]_inst/O
                         net (fo=0)                   0.000    12.008    vga_b[1]
    L18                                                               r  vga_b[1] (OUT)
  -------------------------------------------------------------------    -------------------

Slack:                    inf
  Source:                 sw[0]
                            (input port)
  Destination:            vga_g[3]
                            (output port)
  Path Group:             (none)
  Path Type:              Max at Slow Process Corner
  Data Path Delay:        10.574ns  (logic 5.107ns (48.300%)  route 5.467ns (51.700%))
  Logic Levels:           3  (IBUF=1 LUT6=1 OBUF=1)

    Location             Delay type                Incr(ns)  Path(ns)    Netlist Resource(s)
  -------------------------------------------------------------------    -------------------
    V17                                               0.000     0.000 r  sw[0] (IN)
                         net (fo=0)                   0.000     0.000    sw[0]
    V17                  IBUF (Prop_ibuf_I_O)         1.453     1.453 r  sw_IBUF[0]_inst/O
                         net (fo=14, routed)          2.846     4.299    vga/sw_IBUF[0]
    SLICE_X29Y40         LUT6 (Prop_lut6_I3_O)        0.124     4.423 r  vga/vga_g_OBUF[3]_inst_i_1/O
                         net (fo=1, routed)           2.620     7.044    vga_g_OBUF[3]
    D17                  OBUF (Prop_obuf_I_O)         3.530    10.574 r  vga_g_OBUF[3]_inst/O
                         net (fo=0)                   0.000    10.574    vga_g[3]
    D17                                                               r  vga_g[3] (OUT)
  -------------------------------------------------------------------    -------------------





Min Delay Paths
--------------------------------------------------------------------------------------
Slack:                    inf
  Source:                 cap/temp_pixel_reg[10]/C
                            (rising edge-triggered cell FDRE)
  Destination:            cap/dout_reg[7]/D
  Path Group:             (none)
  Path Type:              Min at Fast Process Corner
  Data Path Delay:        0.262ns  (logic 0.141ns (53.727%)  route 0.121ns (46.273%))
  Logic Levels:           1  (FDRE=1)

    Location             Delay type                Incr(ns)  Path(ns)    Netlist Resource(s)
  -------------------------------------------------------------------    -------------------
    SLICE_X28Y38         FDRE                         0.000     0.000 r  cap/temp_pixel_reg[10]/C
    SLICE_X28Y38         FDRE (Prop_fdre_C_Q)         0.141     0.141 r  cap/temp_pixel_reg[10]/Q
                         net (fo=1, routed)           0.121     0.262    cap/temp_pixel[10]
    SLICE_X28Y39         FDRE                                         r  cap/dout_reg[7]/D
  -------------------------------------------------------------------    -------------------

Slack:                    inf
  Source:                 cap/temp_pixel_reg[12]/C
                            (rising edge-triggered cell FDRE)
  Destination:            cap/dout_reg[8]/D
  Path Group:             (none)
  Path Type:              Min at Fast Process Corner
  Data Path Delay:        0.311ns  (logic 0.141ns (45.298%)  route 0.170ns (54.702%))
  Logic Levels:           1  (FDRE=1)

    Location             Delay type                Incr(ns)  Path(ns)    Netlist Resource(s)
  -------------------------------------------------------------------    -------------------
    SLICE_X29Y43         FDRE                         0.000     0.000 r  cap/temp_pixel_reg[12]/C
    SLICE_X29Y43         FDRE (Prop_fdre_C_Q)         0.141     0.141 r  cap/temp_pixel_reg[12]/Q
                         net (fo=1, routed)           0.170     0.311    cap/temp_pixel[12]
    SLICE_X28Y43         FDRE                                         r  cap/dout_reg[8]/D
  -------------------------------------------------------------------    -------------------

Slack:                    inf
  Source:                 cap/temp_pixel_reg[14]/C
                            (rising edge-triggered cell FDRE)
  Destination:            cap/dout_reg[10]/D
  Path Group:             (none)
  Path Type:              Min at Fast Process Corner
  Data Path Delay:        0.317ns  (logic 0.141ns (44.461%)  route 0.176ns (55.539%))
  Logic Levels:           1  (FDRE=1)

    Location             Delay type                Incr(ns)  Path(ns)    Netlist Resource(s)
  -------------------------------------------------------------------    -------------------
    SLICE_X29Y53         FDRE                         0.000     0.000 r  cap/temp_pixel_reg[14]/C
    SLICE_X29Y53         FDRE (Prop_fdre_C_Q)         0.141     0.141 r  cap/temp_pixel_reg[14]/Q
                         net (fo=1, routed)           0.176     0.317    cap/temp_pixel[14]
    SLICE_X28Y53         FDRE                                         r  cap/dout_reg[10]/D
  -------------------------------------------------------------------    -------------------

Slack:                    inf
  Source:                 cap/temp_pixel_reg[9]/C
                            (rising edge-triggered cell FDRE)
  Destination:            cap/dout_reg[6]/D
  Path Group:             (none)
  Path Type:              Min at Fast Process Corner
  Data Path Delay:        0.317ns  (logic 0.141ns (44.461%)  route 0.176ns (55.539%))
  Logic Levels:           1  (FDRE=1)

    Location             Delay type                Incr(ns)  Path(ns)    Netlist Resource(s)
  -------------------------------------------------------------------    -------------------
    SLICE_X29Y36         FDRE                         0.000     0.000 r  cap/temp_pixel_reg[9]/C
    SLICE_X29Y36         FDRE (Prop_fdre_C_Q)         0.141     0.141 r  cap/temp_pixel_reg[9]/Q
                         net (fo=1, routed)           0.176     0.317    cap/temp_pixel[9]
    SLICE_X28Y36         FDRE                                         r  cap/dout_reg[6]/D
  -------------------------------------------------------------------    -------------------

Slack:                    inf
  Source:                 config_unit/sccb/bit_cnt_reg[3]/C
                            (rising edge-triggered cell FDRE)
  Destination:            config_unit/sccb/bit_cnt_reg[4]/D
  Path Group:             (none)
  Path Type:              Min at Fast Process Corner
  Data Path Delay:        0.326ns  (logic 0.227ns (69.622%)  route 0.099ns (30.378%))
  Logic Levels:           2  (FDRE=1 LUT6=1)

    Location             Delay type                Incr(ns)  Path(ns)    Netlist Resource(s)
  -------------------------------------------------------------------    -------------------
    SLICE_X1Y7           FDRE                         0.000     0.000 r  config_unit/sccb/bit_cnt_reg[3]/C
    SLICE_X1Y7           FDRE (Prop_fdre_C_Q)         0.128     0.128 r  config_unit/sccb/bit_cnt_reg[3]/Q
                         net (fo=6, routed)           0.099     0.227    config_unit/sccb/bit_cnt_reg_n_0_[3]
    SLICE_X1Y7           LUT6 (Prop_lut6_I1_O)        0.099     0.326 r  config_unit/sccb/bit_cnt[4]_i_2/O
                         net (fo=1, routed)           0.000     0.326    config_unit/sccb/bit_cnt[4]_i_2_n_0
    SLICE_X1Y7           FDRE                                         r  config_unit/sccb/bit_cnt_reg[4]/D
  -------------------------------------------------------------------    -------------------

Slack:                    inf
  Source:                 config_unit/sccb/FSM_sequential_state_reg[0]/C
                            (rising edge-triggered cell FDRE)
  Destination:            config_unit/sccb/scl_reg/D
  Path Group:             (none)
  Path Type:              Min at Fast Process Corner
  Data Path Delay:        0.352ns  (logic 0.186ns (52.908%)  route 0.166ns (47.092%))
  Logic Levels:           2  (FDRE=1 LUT2=1)

    Location             Delay type                Incr(ns)  Path(ns)    Netlist Resource(s)
  -------------------------------------------------------------------    -------------------
    SLICE_X1Y6           FDRE                         0.000     0.000 r  config_unit/sccb/FSM_sequential_state_reg[0]/C
    SLICE_X1Y6           FDRE (Prop_fdre_C_Q)         0.141     0.141 r  config_unit/sccb/FSM_sequential_state_reg[0]/Q
                         net (fo=12, routed)          0.166     0.307    config_unit/sccb/state[0]
    SLICE_X0Y6           LUT2 (Prop_lut2_I0_O)        0.045     0.352 r  config_unit/sccb/scl_i_2/O
                         net (fo=1, routed)           0.000     0.352    config_unit/sccb/scl_i_2_n_0
    SLICE_X0Y6           FDRE                                         r  config_unit/sccb/scl_reg/D
  -------------------------------------------------------------------    -------------------

Slack:                    inf
  Source:                 cap/temp_pixel_reg[15]/C
                            (rising edge-triggered cell FDRE)
  Destination:            cap/dout_reg[11]/D
  Path Group:             (none)
  Path Type:              Min at Fast Process Corner
  Data Path Delay:        0.367ns  (logic 0.141ns (38.418%)  route 0.226ns (61.582%))
  Logic Levels:           1  (FDRE=1)

    Location             Delay type                Incr(ns)  Path(ns)    Netlist Resource(s)
  -------------------------------------------------------------------    -------------------
    SLICE_X29Y53         FDRE                         0.000     0.000 r  cap/temp_pixel_reg[15]/C
    SLICE_X29Y53         FDRE (Prop_fdre_C_Q)         0.141     0.141 r  cap/temp_pixel_reg[15]/Q
                         net (fo=1, routed)           0.226     0.367    cap/temp_pixel[15]
    SLICE_X28Y53         FDRE                                         r  cap/dout_reg[11]/D
  -------------------------------------------------------------------    -------------------

Slack:                    inf
  Source:                 config_unit/sccb/FSM_sequential_state_reg[2]/C
                            (rising edge-triggered cell FDRE)
  Destination:            config_unit/sccb/FSM_sequential_state_reg[0]/D
  Path Group:             (none)
  Path Type:              Min at Fast Process Corner
  Data Path Delay:        0.374ns  (logic 0.186ns (49.742%)  route 0.188ns (50.258%))
  Logic Levels:           2  (FDRE=1 LUT5=1)

    Location             Delay type                Incr(ns)  Path(ns)    Netlist Resource(s)
  -------------------------------------------------------------------    -------------------
    SLICE_X1Y6           FDRE                         0.000     0.000 r  config_unit/sccb/FSM_sequential_state_reg[2]/C
    SLICE_X1Y6           FDRE (Prop_fdre_C_Q)         0.141     0.141 r  config_unit/sccb/FSM_sequential_state_reg[2]/Q
                         net (fo=9, routed)           0.188     0.329    config_unit/sccb/FSM_sequential_state_reg_n_0_[2]
    SLICE_X1Y6           LUT5 (Prop_lut5_I4_O)        0.045     0.374 r  config_unit/sccb/FSM_sequential_state[0]_i_1/O
                         net (fo=1, routed)           0.000     0.374    config_unit/sccb/FSM_sequential_state[0]_i_1_n_0
    SLICE_X1Y6           FDRE                                         r  config_unit/sccb/FSM_sequential_state_reg[0]/D
  -------------------------------------------------------------------    -------------------

Slack:                    inf
  Source:                 config_unit/sccb/FSM_sequential_state_reg[2]/C
                            (rising edge-triggered cell FDRE)
  Destination:            config_unit/sccb/FSM_sequential_state_reg[2]/D
  Path Group:             (none)
  Path Type:              Min at Fast Process Corner
  Data Path Delay:        0.375ns  (logic 0.186ns (49.610%)  route 0.189ns (50.390%))
  Logic Levels:           2  (FDRE=1 LUT4=1)

    Location             Delay type                Incr(ns)  Path(ns)    Netlist Resource(s)
  -------------------------------------------------------------------    -------------------
    SLICE_X1Y6           FDRE                         0.000     0.000 r  config_unit/sccb/FSM_sequential_state_reg[2]/C
    SLICE_X1Y6           FDRE (Prop_fdre_C_Q)         0.141     0.141 r  config_unit/sccb/FSM_sequential_state_reg[2]/Q
                         net (fo=9, routed)           0.189     0.330    config_unit/sccb/FSM_sequential_state_reg_n_0_[2]
    SLICE_X1Y6           LUT4 (Prop_lut4_I3_O)        0.045     0.375 r  config_unit/sccb/FSM_sequential_state[2]_i_1/O
                         net (fo=1, routed)           0.000     0.375    config_unit/sccb/FSM_sequential_state[2]_i_1_n_0
    SLICE_X1Y6           FDRE                                         r  config_unit/sccb/FSM_sequential_state_reg[2]/D
  -------------------------------------------------------------------    -------------------

Slack:                    inf
  Source:                 config_unit/sccb/bit_cnt_reg[2]/C
                            (rising edge-triggered cell FDRE)
  Destination:            config_unit/sccb/bit_cnt_reg[3]/D
  Path Group:             (none)
  Path Type:              Min at Fast Process Corner
  Data Path Delay:        0.376ns  (logic 0.183ns (48.686%)  route 0.193ns (51.314%))
  Logic Levels:           2  (FDRE=1 LUT5=1)

    Location             Delay type                Incr(ns)  Path(ns)    Netlist Resource(s)
  -------------------------------------------------------------------    -------------------
    SLICE_X1Y7           FDRE                         0.000     0.000 r  config_unit/sccb/bit_cnt_reg[2]/C
    SLICE_X1Y7           FDRE (Prop_fdre_C_Q)         0.141     0.141 r  config_unit/sccb/bit_cnt_reg[2]/Q
                         net (fo=8, routed)           0.193     0.334    config_unit/sccb/bit_cnt_reg_n_0_[2]
    SLICE_X1Y7           LUT5 (Prop_lut5_I1_O)        0.042     0.376 r  config_unit/sccb/bit_cnt[3]_i_1/O
                         net (fo=1, routed)           0.000     0.376    config_unit/sccb/bit_cnt[3]_i_1_n_0
    SLICE_X1Y7           FDRE                                         r  config_unit/sccb/bit_cnt_reg[3]/D
  -------------------------------------------------------------------    -------------------





--------------------------------------------------------------------------------------
Path Group:  (none)
From Clock:  clk_out1_clk_viz
  To Clock:  

Max Delay            31 Endpoints
Min Delay            31 Endpoints
--------------------------------------------------------------------------------------


Max Delay Paths
--------------------------------------------------------------------------------------
Slack:                    inf
  Source:                 frame_buffer/U0/inst_blk_mem_gen/gnbram.gnativebmg.native_blk_mem_gen/valid.cstr/has_mux_b.B/no_softecc_gmuxr.ce_pri.dout_i_reg[6]/C
                            (rising edge-triggered cell FDRE clocked by clk_out1_clk_viz  {rise@0.000ns fall@20.000ns period=40.000ns})
  Destination:            vga_b[0]
                            (output port)
  Path Group:             (none)
  Path Type:              Max at Slow Process Corner
  Data Path Delay:        11.743ns  (logic 4.975ns (42.367%)  route 6.768ns (57.633%))
  Logic Levels:           5  (LUT3=2 LUT6=2 OBUF=1)
  Clock Uncertainty:      0.235ns  ((TSJ^2 + DJ^2)^1/2) / 2 + PE
    Total System Jitter     (TSJ):    0.050ns
    Discrete Jitter          (DJ):    0.200ns
    Phase Error              (PE):    0.132ns

    Location             Delay type                Incr(ns)  Path(ns)    Netlist Resource(s)
  -------------------------------------------------------------------    -------------------
                         (clock clk_out1_clk_viz rise edge)
                                                      0.000     0.000 r  
    W5                                                0.000     0.000 r  clk_100mhz (IN)
                         net (fo=0)                   0.000     0.000    instance_name/inst/clk_in1
    W5                   IBUF (Prop_ibuf_I_O)         1.458     1.458 r  instance_name/inst/clkin1_ibufg/O
                         net (fo=1, routed)           1.233     2.691    instance_name/inst/clk_in1_clk_viz
    MMCME2_ADV_X1Y0      MMCME2_ADV (Prop_mmcme2_adv_CLKIN1_CLKOUT0)
                                                     -6.961    -4.269 r  instance_name/inst/mmcm_adv_inst/CLKOUT0
                         net (fo=1, routed)           1.661    -2.608    instance_name/inst/clk_out1_clk_viz
    BUFGCTRL_X0Y1        BUFG (Prop_bufg_I_O)         0.096    -2.512 r  instance_name/inst/clkout1_buf/O
                         net (fo=83, routed)          1.564    -0.948    frame_buffer/U0/inst_blk_mem_gen/gnbram.gnativebmg.native_blk_mem_gen/valid.cstr/has_mux_b.B/clkb
    SLICE_X34Y43         FDRE                                         r  frame_buffer/U0/inst_blk_mem_gen/gnbram.gnativebmg.native_blk_mem_gen/valid.cstr/has_mux_b.B/no_softecc_gmuxr.ce_pri.dout_i_reg[6]/C
  -------------------------------------------------------------------    -------------------
    SLICE_X34Y43         FDRE (Prop_fdre_C_Q)         0.518    -0.430 r  frame_buffer/U0/inst_blk_mem_gen/gnbram.gnativebmg.native_blk_mem_gen/valid.cstr/has_mux_b.B/no_softecc_gmuxr.ce_pri.dout_i_reg[6]/Q
                         net (fo=6, routed)           1.320     0.890    vga/doutb[6]
    SLICE_X31Y39         LUT3 (Prop_lut3_I2_O)        0.152     1.042 f  vga/vga_r_OBUF[3]_inst_i_13/O
                         net (fo=4, routed)           0.841     1.883    vga/vga_r_OBUF[3]_inst_i_13_n_0
    SLICE_X30Y38         LUT6 (Prop_lut6_I4_O)        0.326     2.209 r  vga/vga_r_OBUF[3]_inst_i_3/O
                         net (fo=6, routed)           0.990     3.200    vga/vga_r_OBUF[3]_inst_i_3_n_0
    SLICE_X28Y40         LUT3 (Prop_lut3_I2_O)        0.152     3.352 f  vga/vga_r_OBUF[2]_inst_i_3/O
                         net (fo=9, routed)           0.861     4.212    vga/vga_r_OBUF[2]_inst_i_3_n_0
    SLICE_X28Y38         LUT6 (Prop_lut6_I2_O)        0.332     4.544 r  vga/vga_b_OBUF[0]_inst_i_1/O
                         net (fo=1, routed)           2.756     7.300    vga_b_OBUF[0]
    N18                  OBUF (Prop_obuf_I_O)         3.495    10.796 r  vga_b_OBUF[0]_inst/O
                         net (fo=0)                   0.000    10.796    vga_b[0]
    N18                                                               r  vga_b[0] (OUT)
  -------------------------------------------------------------------    -------------------

Slack:                    inf
  Source:                 frame_buffer/U0/inst_blk_mem_gen/gnbram.gnativebmg.native_blk_mem_gen/valid.cstr/has_mux_b.B/no_softecc_gmuxr.ce_pri.dout_i_reg[6]/C
                            (rising edge-triggered cell FDRE clocked by clk_out1_clk_viz  {rise@0.000ns fall@20.000ns period=40.000ns})
  Destination:            vga_b[2]
                            (output port)
  Path Group:             (none)
  Path Type:              Max at Slow Process Corner
  Data Path Delay:        11.639ns  (logic 4.999ns (42.950%)  route 6.640ns (57.050%))
  Logic Levels:           5  (LUT3=2 LUT6=2 OBUF=1)
  Clock Uncertainty:      0.235ns  ((TSJ^2 + DJ^2)^1/2) / 2 + PE
    Total System Jitter     (TSJ):    0.050ns
    Discrete Jitter          (DJ):    0.200ns
    Phase Error              (PE):    0.132ns

    Location             Delay type                Incr(ns)  Path(ns)    Netlist Resource(s)
  -------------------------------------------------------------------    -------------------
                         (clock clk_out1_clk_viz rise edge)
                                                      0.000     0.000 r  
    W5                                                0.000     0.000 r  clk_100mhz (IN)
                         net (fo=0)                   0.000     0.000    instance_name/inst/clk_in1
    W5                   IBUF (Prop_ibuf_I_O)         1.458     1.458 r  instance_name/inst/clkin1_ibufg/O
                         net (fo=1, routed)           1.233     2.691    instance_name/inst/clk_in1_clk_viz
    MMCME2_ADV_X1Y0      MMCME2_ADV (Prop_mmcme2_adv_CLKIN1_CLKOUT0)
                                                     -6.961    -4.269 r  instance_name/inst/mmcm_adv_inst/CLKOUT0
                         net (fo=1, routed)           1.661    -2.608    instance_name/inst/clk_out1_clk_viz
    BUFGCTRL_X0Y1        BUFG (Prop_bufg_I_O)         0.096    -2.512 r  instance_name/inst/clkout1_buf/O
                         net (fo=83, routed)          1.564    -0.948    frame_buffer/U0/inst_blk_mem_gen/gnbram.gnativebmg.native_blk_mem_gen/valid.cstr/has_mux_b.B/clkb
    SLICE_X34Y43         FDRE                                         r  frame_buffer/U0/inst_blk_mem_gen/gnbram.gnativebmg.native_blk_mem_gen/valid.cstr/has_mux_b.B/no_softecc_gmuxr.ce_pri.dout_i_reg[6]/C
  -------------------------------------------------------------------    -------------------
    SLICE_X34Y43         FDRE (Prop_fdre_C_Q)         0.518    -0.430 r  frame_buffer/U0/inst_blk_mem_gen/gnbram.gnativebmg.native_blk_mem_gen/valid.cstr/has_mux_b.B/no_softecc_gmuxr.ce_pri.dout_i_reg[6]/Q
                         net (fo=6, routed)           1.320     0.890    vga/doutb[6]
    SLICE_X31Y39         LUT3 (Prop_lut3_I2_O)        0.152     1.042 f  vga/vga_r_OBUF[3]_inst_i_13/O
                         net (fo=4, routed)           0.841     1.883    vga/vga_r_OBUF[3]_inst_i_13_n_0
    SLICE_X30Y38         LUT6 (Prop_lut6_I4_O)        0.326     2.209 r  vga/vga_r_OBUF[3]_inst_i_3/O
                         net (fo=6, routed)           0.990     3.200    vga/vga_r_OBUF[3]_inst_i_3_n_0
    SLICE_X28Y40         LUT3 (Prop_lut3_I2_O)        0.152     3.352 f  vga/vga_r_OBUF[2]_inst_i_3/O
                         net (fo=9, routed)           0.889     4.240    vga/vga_r_OBUF[2]_inst_i_3_n_0
    SLICE_X28Y39         LUT6 (Prop_lut6_I2_O)        0.332     4.572 r  vga/vga_b_OBUF[2]_inst_i_1/O
                         net (fo=1, routed)           2.600     7.172    vga_b_OBUF[2]
    K18                  OBUF (Prop_obuf_I_O)         3.519    10.691 r  vga_b_OBUF[2]_inst/O
                         net (fo=0)                   0.000    10.691    vga_b[2]
    K18                                                               r  vga_b[2] (OUT)
  -------------------------------------------------------------------    -------------------

Slack:                    inf
  Source:                 frame_buffer/U0/inst_blk_mem_gen/gnbram.gnativebmg.native_blk_mem_gen/valid.cstr/has_mux_b.B/no_softecc_gmuxr.ce_pri.dout_i_reg[6]/C
                            (rising edge-triggered cell FDRE clocked by clk_out1_clk_viz  {rise@0.000ns fall@20.000ns period=40.000ns})
  Destination:            vga_g[3]
                            (output port)
  Path Group:             (none)
  Path Type:              Max at Slow Process Corner
  Data Path Delay:        11.630ns  (logic 4.774ns (41.053%)  route 6.855ns (58.947%))
  Logic Levels:           5  (LUT3=1 LUT6=3 OBUF=1)
  Clock Uncertainty:      0.235ns  ((TSJ^2 + DJ^2)^1/2) / 2 + PE
    Total System Jitter     (TSJ):    0.050ns
    Discrete Jitter          (DJ):    0.200ns
    Phase Error              (PE):    0.132ns

    Location             Delay type                Incr(ns)  Path(ns)    Netlist Resource(s)
  -------------------------------------------------------------------    -------------------
                         (clock clk_out1_clk_viz rise edge)
                                                      0.000     0.000 r  
    W5                                                0.000     0.000 r  clk_100mhz (IN)
                         net (fo=0)                   0.000     0.000    instance_name/inst/clk_in1
    W5                   IBUF (Prop_ibuf_I_O)         1.458     1.458 r  instance_name/inst/clkin1_ibufg/O
                         net (fo=1, routed)           1.233     2.691    instance_name/inst/clk_in1_clk_viz
    MMCME2_ADV_X1Y0      MMCME2_ADV (Prop_mmcme2_adv_CLKIN1_CLKOUT0)
                                                     -6.961    -4.269 r  instance_name/inst/mmcm_adv_inst/CLKOUT0
                         net (fo=1, routed)           1.661    -2.608    instance_name/inst/clk_out1_clk_viz
    BUFGCTRL_X0Y1        BUFG (Prop_bufg_I_O)         0.096    -2.512 r  instance_name/inst/clkout1_buf/O
                         net (fo=83, routed)          1.564    -0.948    frame_buffer/U0/inst_blk_mem_gen/gnbram.gnativebmg.native_blk_mem_gen/valid.cstr/has_mux_b.B/clkb
    SLICE_X34Y43         FDRE                                         r  frame_buffer/U0/inst_blk_mem_gen/gnbram.gnativebmg.native_blk_mem_gen/valid.cstr/has_mux_b.B/no_softecc_gmuxr.ce_pri.dout_i_reg[6]/C
  -------------------------------------------------------------------    -------------------
    SLICE_X34Y43         FDRE (Prop_fdre_C_Q)         0.518    -0.430 f  frame_buffer/U0/inst_blk_mem_gen/gnbram.gnativebmg.native_blk_mem_gen/valid.cstr/has_mux_b.B/no_softecc_gmuxr.ce_pri.dout_i_reg[6]/Q
                         net (fo=6, routed)           1.320     0.890    vga/doutb[6]
    SLICE_X31Y39         LUT3 (Prop_lut3_I2_O)        0.152     1.042 r  vga/vga_r_OBUF[3]_inst_i_13/O
                         net (fo=4, routed)           0.827     1.869    vga/vga_r_OBUF[3]_inst_i_13_n_0
    SLICE_X30Y38         LUT6 (Prop_lut6_I4_O)        0.326     2.195 r  vga/vga_r_OBUF[2]_inst_i_5/O
                         net (fo=5, routed)           1.002     3.197    vga/vga_r_OBUF[2]_inst_i_5_n_0
    SLICE_X29Y39         LUT6 (Prop_lut6_I3_O)        0.124     3.321 f  vga/vga_r_OBUF[3]_inst_i_2/O
                         net (fo=9, routed)           1.086     4.407    vga/vga_r_OBUF[3]_inst_i_2_n_0
    SLICE_X29Y40         LUT6 (Prop_lut6_I4_O)        0.124     4.531 r  vga/vga_g_OBUF[3]_inst_i_1/O
                         net (fo=1, routed)           2.620     7.152    vga_g_OBUF[3]
    D17                  OBUF (Prop_obuf_I_O)         3.530    10.682 r  vga_g_OBUF[3]_inst/O
                         net (fo=0)                   0.000    10.682    vga_g[3]
    D17                                                               r  vga_g[3] (OUT)
  -------------------------------------------------------------------    -------------------

Slack:                    inf
  Source:                 frame_buffer/U0/inst_blk_mem_gen/gnbram.gnativebmg.native_blk_mem_gen/valid.cstr/has_mux_b.B/no_softecc_gmuxr.ce_pri.dout_i_reg[6]/C
                            (rising edge-triggered cell FDRE clocked by clk_out1_clk_viz  {rise@0.000ns fall@20.000ns period=40.000ns})
  Destination:            vga_r[3]
                            (output port)
  Path Group:             (none)
  Path Type:              Max at Slow Process Corner
  Data Path Delay:        11.618ns  (logic 4.746ns (40.856%)  route 6.871ns (59.144%))
  Logic Levels:           5  (LUT3=1 LUT6=3 OBUF=1)
  Clock Uncertainty:      0.235ns  ((TSJ^2 + DJ^2)^1/2) / 2 + PE
    Total System Jitter     (TSJ):    0.050ns
    Discrete Jitter          (DJ):    0.200ns
    Phase Error              (PE):    0.132ns

    Location             Delay type                Incr(ns)  Path(ns)    Netlist Resource(s)
  -------------------------------------------------------------------    -------------------
                         (clock clk_out1_clk_viz rise edge)
                                                      0.000     0.000 r  
    W5                                                0.000     0.000 r  clk_100mhz (IN)
                         net (fo=0)                   0.000     0.000    instance_name/inst/clk_in1
    W5                   IBUF (Prop_ibuf_I_O)         1.458     1.458 r  instance_name/inst/clkin1_ibufg/O
                         net (fo=1, routed)           1.233     2.691    instance_name/inst/clk_in1_clk_viz
    MMCME2_ADV_X1Y0      MMCME2_ADV (Prop_mmcme2_adv_CLKIN1_CLKOUT0)
                                                     -6.961    -4.269 r  instance_name/inst/mmcm_adv_inst/CLKOUT0
                         net (fo=1, routed)           1.661    -2.608    instance_name/inst/clk_out1_clk_viz
    BUFGCTRL_X0Y1        BUFG (Prop_bufg_I_O)         0.096    -2.512 r  instance_name/inst/clkout1_buf/O
                         net (fo=83, routed)          1.564    -0.948    frame_buffer/U0/inst_blk_mem_gen/gnbram.gnativebmg.native_blk_mem_gen/valid.cstr/has_mux_b.B/clkb
    SLICE_X34Y43         FDRE                                         r  frame_buffer/U0/inst_blk_mem_gen/gnbram.gnativebmg.native_blk_mem_gen/valid.cstr/has_mux_b.B/no_softecc_gmuxr.ce_pri.dout_i_reg[6]/C
  -------------------------------------------------------------------    -------------------
    SLICE_X34Y43         FDRE (Prop_fdre_C_Q)         0.518    -0.430 f  frame_buffer/U0/inst_blk_mem_gen/gnbram.gnativebmg.native_blk_mem_gen/valid.cstr/has_mux_b.B/no_softecc_gmuxr.ce_pri.dout_i_reg[6]/Q
                         net (fo=6, routed)           1.320     0.890    vga/doutb[6]
    SLICE_X31Y39         LUT3 (Prop_lut3_I2_O)        0.152     1.042 r  vga/vga_r_OBUF[3]_inst_i_13/O
                         net (fo=4, routed)           0.827     1.869    vga/vga_r_OBUF[3]_inst_i_13_n_0
    SLICE_X30Y38         LUT6 (Prop_lut6_I4_O)        0.326     2.195 r  vga/vga_r_OBUF[2]_inst_i_5/O
                         net (fo=5, routed)           1.002     3.197    vga/vga_r_OBUF[2]_inst_i_5_n_0
    SLICE_X29Y39         LUT6 (Prop_lut6_I3_O)        0.124     3.321 f  vga/vga_r_OBUF[3]_inst_i_2/O
                         net (fo=9, routed)           1.098     4.419    vga/vga_r_OBUF[3]_inst_i_2_n_0
    SLICE_X28Y38         LUT6 (Prop_lut6_I0_O)        0.124     4.543 r  vga/vga_r_OBUF[3]_inst_i_1/O
                         net (fo=1, routed)           2.624     7.168    vga_r_OBUF[3]
    N19                  OBUF (Prop_obuf_I_O)         3.502    10.670 r  vga_r_OBUF[3]_inst/O
                         net (fo=0)                   0.000    10.670    vga_r[3]
    N19                                                               r  vga_r[3] (OUT)
  -------------------------------------------------------------------    -------------------

Slack:                    inf
  Source:                 frame_buffer/U0/inst_blk_mem_gen/gnbram.gnativebmg.native_blk_mem_gen/valid.cstr/has_mux_b.B/no_softecc_gmuxr.ce_pri.dout_i_reg[6]/C
                            (rising edge-triggered cell FDRE clocked by clk_out1_clk_viz  {rise@0.000ns fall@20.000ns period=40.000ns})
  Destination:            vga_g[0]
                            (output port)
  Path Group:             (none)
  Path Type:              Max at Slow Process Corner
  Data Path Delay:        11.609ns  (logic 5.001ns (43.077%)  route 6.608ns (56.923%))
  Logic Levels:           5  (LUT3=2 LUT6=2 OBUF=1)
  Clock Uncertainty:      0.235ns  ((TSJ^2 + DJ^2)^1/2) / 2 + PE
    Total System Jitter     (TSJ):    0.050ns
    Discrete Jitter          (DJ):    0.200ns
    Phase Error              (PE):    0.132ns

    Location             Delay type                Incr(ns)  Path(ns)    Netlist Resource(s)
  -------------------------------------------------------------------    -------------------
                         (clock clk_out1_clk_viz rise edge)
                                                      0.000     0.000 r  
    W5                                                0.000     0.000 r  clk_100mhz (IN)
                         net (fo=0)                   0.000     0.000    instance_name/inst/clk_in1
    W5                   IBUF (Prop_ibuf_I_O)         1.458     1.458 r  instance_name/inst/clkin1_ibufg/O
                         net (fo=1, routed)           1.233     2.691    instance_name/inst/clk_in1_clk_viz
    MMCME2_ADV_X1Y0      MMCME2_ADV (Prop_mmcme2_adv_CLKIN1_CLKOUT0)
                                                     -6.961    -4.269 r  instance_name/inst/mmcm_adv_inst/CLKOUT0
                         net (fo=1, routed)           1.661    -2.608    instance_name/inst/clk_out1_clk_viz
    BUFGCTRL_X0Y1        BUFG (Prop_bufg_I_O)         0.096    -2.512 r  instance_name/inst/clkout1_buf/O
                         net (fo=83, routed)          1.564    -0.948    frame_buffer/U0/inst_blk_mem_gen/gnbram.gnativebmg.native_blk_mem_gen/valid.cstr/has_mux_b.B/clkb
    SLICE_X34Y43         FDRE                                         r  frame_buffer/U0/inst_blk_mem_gen/gnbram.gnativebmg.native_blk_mem_gen/valid.cstr/has_mux_b.B/no_softecc_gmuxr.ce_pri.dout_i_reg[6]/C
  -------------------------------------------------------------------    -------------------
    SLICE_X34Y43         FDRE (Prop_fdre_C_Q)         0.518    -0.430 r  frame_buffer/U0/inst_blk_mem_gen/gnbram.gnativebmg.native_blk_mem_gen/valid.cstr/has_mux_b.B/no_softecc_gmuxr.ce_pri.dout_i_reg[6]/Q
                         net (fo=6, routed)           1.320     0.890    vga/doutb[6]
    SLICE_X31Y39         LUT3 (Prop_lut3_I2_O)        0.152     1.042 f  vga/vga_r_OBUF[3]_inst_i_13/O
                         net (fo=4, routed)           0.841     1.883    vga/vga_r_OBUF[3]_inst_i_13_n_0
    SLICE_X30Y38         LUT6 (Prop_lut6_I4_O)        0.326     2.209 r  vga/vga_r_OBUF[3]_inst_i_3/O
                         net (fo=6, routed)           0.990     3.200    vga/vga_r_OBUF[3]_inst_i_3_n_0
    SLICE_X28Y40         LUT3 (Prop_lut3_I2_O)        0.152     3.352 f  vga/vga_r_OBUF[2]_inst_i_3/O
                         net (fo=9, routed)           0.786     4.137    vga/vga_r_OBUF[2]_inst_i_3_n_0
    SLICE_X29Y38         LUT6 (Prop_lut6_I2_O)        0.332     4.469 r  vga/vga_g_OBUF[0]_inst_i_1/O
                         net (fo=1, routed)           2.672     7.141    vga_g_OBUF[0]
    J17                  OBUF (Prop_obuf_I_O)         3.521    10.662 r  vga_g_OBUF[0]_inst/O
                         net (fo=0)                   0.000    10.662    vga_g[0]
    J17                                                               r  vga_g[0] (OUT)
  -------------------------------------------------------------------    -------------------

Slack:                    inf
  Source:                 frame_buffer/U0/inst_blk_mem_gen/gnbram.gnativebmg.native_blk_mem_gen/valid.cstr/has_mux_b.B/no_softecc_gmuxr.ce_pri.dout_i_reg[6]/C
                            (rising edge-triggered cell FDRE clocked by clk_out1_clk_viz  {rise@0.000ns fall@20.000ns period=40.000ns})
  Destination:            vga_r[2]
                            (output port)
  Path Group:             (none)
  Path Type:              Max at Slow Process Corner
  Data Path Delay:        11.569ns  (logic 5.004ns (43.254%)  route 6.565ns (56.746%))
  Logic Levels:           5  (LUT3=2 LUT6=2 OBUF=1)
  Clock Uncertainty:      0.235ns  ((TSJ^2 + DJ^2)^1/2) / 2 + PE
    Total System Jitter     (TSJ):    0.050ns
    Discrete Jitter          (DJ):    0.200ns
    Phase Error              (PE):    0.132ns

    Location             Delay type                Incr(ns)  Path(ns)    Netlist Resource(s)
  -------------------------------------------------------------------    -------------------
                         (clock clk_out1_clk_viz rise edge)
                                                      0.000     0.000 r  
    W5                                                0.000     0.000 r  clk_100mhz (IN)
                         net (fo=0)                   0.000     0.000    instance_name/inst/clk_in1
    W5                   IBUF (Prop_ibuf_I_O)         1.458     1.458 r  instance_name/inst/clkin1_ibufg/O
                         net (fo=1, routed)           1.233     2.691    instance_name/inst/clk_in1_clk_viz
    MMCME2_ADV_X1Y0      MMCME2_ADV (Prop_mmcme2_adv_CLKIN1_CLKOUT0)
                                                     -6.961    -4.269 r  instance_name/inst/mmcm_adv_inst/CLKOUT0
                         net (fo=1, routed)           1.661    -2.608    instance_name/inst/clk_out1_clk_viz
    BUFGCTRL_X0Y1        BUFG (Prop_bufg_I_O)         0.096    -2.512 r  instance_name/inst/clkout1_buf/O
                         net (fo=83, routed)          1.564    -0.948    frame_buffer/U0/inst_blk_mem_gen/gnbram.gnativebmg.native_blk_mem_gen/valid.cstr/has_mux_b.B/clkb
    SLICE_X34Y43         FDRE                                         r  frame_buffer/U0/inst_blk_mem_gen/gnbram.gnativebmg.native_blk_mem_gen/valid.cstr/has_mux_b.B/no_softecc_gmuxr.ce_pri.dout_i_reg[6]/C
  -------------------------------------------------------------------    -------------------
    SLICE_X34Y43         FDRE (Prop_fdre_C_Q)         0.518    -0.430 r  frame_buffer/U0/inst_blk_mem_gen/gnbram.gnativebmg.native_blk_mem_gen/valid.cstr/has_mux_b.B/no_softecc_gmuxr.ce_pri.dout_i_reg[6]/Q
                         net (fo=6, routed)           1.320     0.890    vga/doutb[6]
    SLICE_X31Y39         LUT3 (Prop_lut3_I2_O)        0.152     1.042 f  vga/vga_r_OBUF[3]_inst_i_13/O
                         net (fo=4, routed)           0.841     1.883    vga/vga_r_OBUF[3]_inst_i_13_n_0
    SLICE_X30Y38         LUT6 (Prop_lut6_I4_O)        0.326     2.209 r  vga/vga_r_OBUF[3]_inst_i_3/O
                         net (fo=6, routed)           0.990     3.200    vga/vga_r_OBUF[3]_inst_i_3_n_0
    SLICE_X28Y40         LUT3 (Prop_lut3_I2_O)        0.152     3.352 f  vga/vga_r_OBUF[2]_inst_i_3/O
                         net (fo=9, routed)           1.021     4.372    vga/vga_r_OBUF[2]_inst_i_3_n_0
    SLICE_X29Y38         LUT6 (Prop_lut6_I2_O)        0.332     4.704 r  vga/vga_r_OBUF[2]_inst_i_1/O
                         net (fo=1, routed)           2.393     7.097    vga_r_OBUF[2]
    J19                  OBUF (Prop_obuf_I_O)         3.524    10.621 r  vga_r_OBUF[2]_inst/O
                         net (fo=0)                   0.000    10.621    vga_r[2]
    J19                                                               r  vga_r[2] (OUT)
  -------------------------------------------------------------------    -------------------

Slack:                    inf
  Source:                 frame_buffer/U0/inst_blk_mem_gen/gnbram.gnativebmg.native_blk_mem_gen/valid.cstr/has_mux_b.B/no_softecc_gmuxr.ce_pri.dout_i_reg[6]/C
                            (rising edge-triggered cell FDRE clocked by clk_out1_clk_viz  {rise@0.000ns fall@20.000ns period=40.000ns})
  Destination:            vga_b[3]
                            (output port)
  Path Group:             (none)
  Path Type:              Max at Slow Process Corner
  Data Path Delay:        11.329ns  (logic 4.769ns (42.093%)  route 6.560ns (57.907%))
  Logic Levels:           5  (LUT3=1 LUT6=3 OBUF=1)
  Clock Uncertainty:      0.235ns  ((TSJ^2 + DJ^2)^1/2) / 2 + PE
    Total System Jitter     (TSJ):    0.050ns
    Discrete Jitter          (DJ):    0.200ns
    Phase Error              (PE):    0.132ns

    Location             Delay type                Incr(ns)  Path(ns)    Netlist Resource(s)
  -------------------------------------------------------------------    -------------------
                         (clock clk_out1_clk_viz rise edge)
                                                      0.000     0.000 r  
    W5                                                0.000     0.000 r  clk_100mhz (IN)
                         net (fo=0)                   0.000     0.000    instance_name/inst/clk_in1
    W5                   IBUF (Prop_ibuf_I_O)         1.458     1.458 r  instance_name/inst/clkin1_ibufg/O
                         net (fo=1, routed)           1.233     2.691    instance_name/inst/clk_in1_clk_viz
    MMCME2_ADV_X1Y0      MMCME2_ADV (Prop_mmcme2_adv_CLKIN1_CLKOUT0)
                                                     -6.961    -4.269 r  instance_name/inst/mmcm_adv_inst/CLKOUT0
                         net (fo=1, routed)           1.661    -2.608    instance_name/inst/clk_out1_clk_viz
    BUFGCTRL_X0Y1        BUFG (Prop_bufg_I_O)         0.096    -2.512 r  instance_name/inst/clkout1_buf/O
                         net (fo=83, routed)          1.564    -0.948    frame_buffer/U0/inst_blk_mem_gen/gnbram.gnativebmg.native_blk_mem_gen/valid.cstr/has_mux_b.B/clkb
    SLICE_X34Y43         FDRE                                         r  frame_buffer/U0/inst_blk_mem_gen/gnbram.gnativebmg.native_blk_mem_gen/valid.cstr/has_mux_b.B/no_softecc_gmuxr.ce_pri.dout_i_reg[6]/C
  -------------------------------------------------------------------    -------------------
    SLICE_X34Y43         FDRE (Prop_fdre_C_Q)         0.518    -0.430 f  frame_buffer/U0/inst_blk_mem_gen/gnbram.gnativebmg.native_blk_mem_gen/valid.cstr/has_mux_b.B/no_softecc_gmuxr.ce_pri.dout_i_reg[6]/Q
                         net (fo=6, routed)           1.320     0.890    vga/doutb[6]
    SLICE_X31Y39         LUT3 (Prop_lut3_I2_O)        0.152     1.042 r  vga/vga_r_OBUF[3]_inst_i_13/O
                         net (fo=4, routed)           0.827     1.869    vga/vga_r_OBUF[3]_inst_i_13_n_0
    SLICE_X30Y38         LUT6 (Prop_lut6_I4_O)        0.326     2.195 r  vga/vga_r_OBUF[2]_inst_i_5/O
                         net (fo=5, routed)           1.002     3.197    vga/vga_r_OBUF[2]_inst_i_5_n_0
    SLICE_X29Y39         LUT6 (Prop_lut6_I3_O)        0.124     3.321 f  vga/vga_r_OBUF[3]_inst_i_2/O
                         net (fo=9, routed)           0.872     4.194    vga/vga_r_OBUF[3]_inst_i_2_n_0
    SLICE_X29Y38         LUT6 (Prop_lut6_I4_O)        0.124     4.318 r  vga/vga_b_OBUF[3]_inst_i_1/O
                         net (fo=1, routed)           2.539     6.857    vga_b_OBUF[3]
    J18                  OBUF (Prop_obuf_I_O)         3.525    10.382 r  vga_b_OBUF[3]_inst/O
                         net (fo=0)                   0.000    10.382    vga_b[3]
    J18                                                               r  vga_b[3] (OUT)
  -------------------------------------------------------------------    -------------------

Slack:                    inf
  Source:                 frame_buffer/U0/inst_blk_mem_gen/gnbram.gnativebmg.native_blk_mem_gen/valid.cstr/has_mux_b.B/no_softecc_gmuxr.ce_pri.dout_i_reg[6]/C
                            (rising edge-triggered cell FDRE clocked by clk_out1_clk_viz  {rise@0.000ns fall@20.000ns period=40.000ns})
  Destination:            vga_r[1]
                            (output port)
  Path Group:             (none)
  Path Type:              Max at Slow Process Corner
  Data Path Delay:        11.238ns  (logic 4.999ns (44.485%)  route 6.239ns (55.515%))
  Logic Levels:           5  (LUT3=2 LUT6=2 OBUF=1)
  Clock Uncertainty:      0.235ns  ((TSJ^2 + DJ^2)^1/2) / 2 + PE
    Total System Jitter     (TSJ):    0.050ns
    Discrete Jitter          (DJ):    0.200ns
    Phase Error              (PE):    0.132ns

    Location             Delay type                Incr(ns)  Path(ns)    Netlist Resource(s)
  -------------------------------------------------------------------    -------------------
                         (clock clk_out1_clk_viz rise edge)
                                                      0.000     0.000 r  
    W5                                                0.000     0.000 r  clk_100mhz (IN)
                         net (fo=0)                   0.000     0.000    instance_name/inst/clk_in1
    W5                   IBUF (Prop_ibuf_I_O)         1.458     1.458 r  instance_name/inst/clkin1_ibufg/O
                         net (fo=1, routed)           1.233     2.691    instance_name/inst/clk_in1_clk_viz
    MMCME2_ADV_X1Y0      MMCME2_ADV (Prop_mmcme2_adv_CLKIN1_CLKOUT0)
                                                     -6.961    -4.269 r  instance_name/inst/mmcm_adv_inst/CLKOUT0
                         net (fo=1, routed)           1.661    -2.608    instance_name/inst/clk_out1_clk_viz
    BUFGCTRL_X0Y1        BUFG (Prop_bufg_I_O)         0.096    -2.512 r  instance_name/inst/clkout1_buf/O
                         net (fo=83, routed)          1.564    -0.948    frame_buffer/U0/inst_blk_mem_gen/gnbram.gnativebmg.native_blk_mem_gen/valid.cstr/has_mux_b.B/clkb
    SLICE_X34Y43         FDRE                                         r  frame_buffer/U0/inst_blk_mem_gen/gnbram.gnativebmg.native_blk_mem_gen/valid.cstr/has_mux_b.B/no_softecc_gmuxr.ce_pri.dout_i_reg[6]/C
  -------------------------------------------------------------------    -------------------
    SLICE_X34Y43         FDRE (Prop_fdre_C_Q)         0.518    -0.430 r  frame_buffer/U0/inst_blk_mem_gen/gnbram.gnativebmg.native_blk_mem_gen/valid.cstr/has_mux_b.B/no_softecc_gmuxr.ce_pri.dout_i_reg[6]/Q
                         net (fo=6, routed)           1.320     0.890    vga/doutb[6]
    SLICE_X31Y39         LUT3 (Prop_lut3_I2_O)        0.152     1.042 f  vga/vga_r_OBUF[3]_inst_i_13/O
                         net (fo=4, routed)           0.841     1.883    vga/vga_r_OBUF[3]_inst_i_13_n_0
    SLICE_X30Y38         LUT6 (Prop_lut6_I4_O)        0.326     2.209 r  vga/vga_r_OBUF[3]_inst_i_3/O
                         net (fo=6, routed)           0.990     3.200    vga/vga_r_OBUF[3]_inst_i_3_n_0
    SLICE_X28Y40         LUT3 (Prop_lut3_I2_O)        0.152     3.352 f  vga/vga_r_OBUF[2]_inst_i_3/O
                         net (fo=9, routed)           0.554     3.906    vga/vga_r_OBUF[2]_inst_i_3_n_0
    SLICE_X29Y40         LUT6 (Prop_lut6_I2_O)        0.332     4.238 r  vga/vga_r_OBUF[1]_inst_i_1/O
                         net (fo=1, routed)           2.533     6.771    vga_r_OBUF[1]
    H19                  OBUF (Prop_obuf_I_O)         3.519    10.291 r  vga_r_OBUF[1]_inst/O
                         net (fo=0)                   0.000    10.291    vga_r[1]
    H19                                                               r  vga_r[1] (OUT)
  -------------------------------------------------------------------    -------------------

Slack:                    inf
  Source:                 frame_buffer/U0/inst_blk_mem_gen/gnbram.gnativebmg.native_blk_mem_gen/valid.cstr/has_mux_b.B/no_softecc_gmuxr.ce_pri.dout_i_reg[6]/C
                            (rising edge-triggered cell FDRE clocked by clk_out1_clk_viz  {rise@0.000ns fall@20.000ns period=40.000ns})
  Destination:            vga_g[2]
                            (output port)
  Path Group:             (none)
  Path Type:              Max at Slow Process Corner
  Data Path Delay:        11.185ns  (logic 5.009ns (44.783%)  route 6.176ns (55.217%))
  Logic Levels:           5  (LUT3=2 LUT6=2 OBUF=1)
  Clock Uncertainty:      0.235ns  ((TSJ^2 + DJ^2)^1/2) / 2 + PE
    Total System Jitter     (TSJ):    0.050ns
    Discrete Jitter          (DJ):    0.200ns
    Phase Error              (PE):    0.132ns

    Location             Delay type                Incr(ns)  Path(ns)    Netlist Resource(s)
  -------------------------------------------------------------------    -------------------
                         (clock clk_out1_clk_viz rise edge)
                                                      0.000     0.000 r  
    W5                                                0.000     0.000 r  clk_100mhz (IN)
                         net (fo=0)                   0.000     0.000    instance_name/inst/clk_in1
    W5                   IBUF (Prop_ibuf_I_O)         1.458     1.458 r  instance_name/inst/clkin1_ibufg/O
                         net (fo=1, routed)           1.233     2.691    instance_name/inst/clk_in1_clk_viz
    MMCME2_ADV_X1Y0      MMCME2_ADV (Prop_mmcme2_adv_CLKIN1_CLKOUT0)
                                                     -6.961    -4.269 r  instance_name/inst/mmcm_adv_inst/CLKOUT0
                         net (fo=1, routed)           1.661    -2.608    instance_name/inst/clk_out1_clk_viz
    BUFGCTRL_X0Y1        BUFG (Prop_bufg_I_O)         0.096    -2.512 r  instance_name/inst/clkout1_buf/O
                         net (fo=83, routed)          1.564    -0.948    frame_buffer/U0/inst_blk_mem_gen/gnbram.gnativebmg.native_blk_mem_gen/valid.cstr/has_mux_b.B/clkb
    SLICE_X34Y43         FDRE                                         r  frame_buffer/U0/inst_blk_mem_gen/gnbram.gnativebmg.native_blk_mem_gen/valid.cstr/has_mux_b.B/no_softecc_gmuxr.ce_pri.dout_i_reg[6]/C
  -------------------------------------------------------------------    -------------------
    SLICE_X34Y43         FDRE (Prop_fdre_C_Q)         0.518    -0.430 r  frame_buffer/U0/inst_blk_mem_gen/gnbram.gnativebmg.native_blk_mem_gen/valid.cstr/has_mux_b.B/no_softecc_gmuxr.ce_pri.dout_i_reg[6]/Q
                         net (fo=6, routed)           1.320     0.890    vga/doutb[6]
    SLICE_X31Y39         LUT3 (Prop_lut3_I2_O)        0.152     1.042 f  vga/vga_r_OBUF[3]_inst_i_13/O
                         net (fo=4, routed)           0.841     1.883    vga/vga_r_OBUF[3]_inst_i_13_n_0
    SLICE_X30Y38         LUT6 (Prop_lut6_I4_O)        0.326     2.209 r  vga/vga_r_OBUF[3]_inst_i_3/O
                         net (fo=6, routed)           0.990     3.200    vga/vga_r_OBUF[3]_inst_i_3_n_0
    SLICE_X28Y40         LUT3 (Prop_lut3_I2_O)        0.152     3.352 f  vga/vga_r_OBUF[2]_inst_i_3/O
                         net (fo=9, routed)           0.497     3.848    vga/vga_r_OBUF[2]_inst_i_3_n_0
    SLICE_X28Y39         LUT6 (Prop_lut6_I2_O)        0.332     4.180 r  vga/vga_g_OBUF[2]_inst_i_1/O
                         net (fo=1, routed)           2.529     6.709    vga_g_OBUF[2]
    G17                  OBUF (Prop_obuf_I_O)         3.529    10.238 r  vga_g_OBUF[2]_inst/O
                         net (fo=0)                   0.000    10.238    vga_g[2]
    G17                                                               r  vga_g[2] (OUT)
  -------------------------------------------------------------------    -------------------

Slack:                    inf
  Source:                 frame_buffer/U0/inst_blk_mem_gen/gnbram.gnativebmg.native_blk_mem_gen/valid.cstr/has_mux_b.B/no_softecc_gmuxr.ce_pri.dout_i_reg[6]/C
                            (rising edge-triggered cell FDRE clocked by clk_out1_clk_viz  {rise@0.000ns fall@20.000ns period=40.000ns})
  Destination:            vga_g[1]
                            (output port)
  Path Group:             (none)
  Path Type:              Max at Slow Process Corner
  Data Path Delay:        11.166ns  (logic 4.985ns (44.650%)  route 6.180ns (55.350%))
  Logic Levels:           5  (LUT3=2 LUT6=2 OBUF=1)
  Clock Uncertainty:      0.235ns  ((TSJ^2 + DJ^2)^1/2) / 2 + PE
    Total System Jitter     (TSJ):    0.050ns
    Discrete Jitter          (DJ):    0.200ns
    Phase Error              (PE):    0.132ns

    Location             Delay type                Incr(ns)  Path(ns)    Netlist Resource(s)
  -------------------------------------------------------------------    -------------------
                         (clock clk_out1_clk_viz rise edge)
                                                      0.000     0.000 r  
    W5                                                0.000     0.000 r  clk_100mhz (IN)
                         net (fo=0)                   0.000     0.000    instance_name/inst/clk_in1
    W5                   IBUF (Prop_ibuf_I_O)         1.458     1.458 r  instance_name/inst/clkin1_ibufg/O
                         net (fo=1, routed)           1.233     2.691    instance_name/inst/clk_in1_clk_viz
    MMCME2_ADV_X1Y0      MMCME2_ADV (Prop_mmcme2_adv_CLKIN1_CLKOUT0)
                                                     -6.961    -4.269 r  instance_name/inst/mmcm_adv_inst/CLKOUT0
                         net (fo=1, routed)           1.661    -2.608    instance_name/inst/clk_out1_clk_viz
    BUFGCTRL_X0Y1        BUFG (Prop_bufg_I_O)         0.096    -2.512 r  instance_name/inst/clkout1_buf/O
                         net (fo=83, routed)          1.564    -0.948    frame_buffer/U0/inst_blk_mem_gen/gnbram.gnativebmg.native_blk_mem_gen/valid.cstr/has_mux_b.B/clkb
    SLICE_X34Y43         FDRE                                         r  frame_buffer/U0/inst_blk_mem_gen/gnbram.gnativebmg.native_blk_mem_gen/valid.cstr/has_mux_b.B/no_softecc_gmuxr.ce_pri.dout_i_reg[6]/C
  -------------------------------------------------------------------    -------------------
    SLICE_X34Y43         FDRE (Prop_fdre_C_Q)         0.518    -0.430 r  frame_buffer/U0/inst_blk_mem_gen/gnbram.gnativebmg.native_blk_mem_gen/valid.cstr/has_mux_b.B/no_softecc_gmuxr.ce_pri.dout_i_reg[6]/Q
                         net (fo=6, routed)           1.320     0.890    vga/doutb[6]
    SLICE_X31Y39         LUT3 (Prop_lut3_I2_O)        0.152     1.042 f  vga/vga_r_OBUF[3]_inst_i_13/O
                         net (fo=4, routed)           0.841     1.883    vga/vga_r_OBUF[3]_inst_i_13_n_0
    SLICE_X30Y38         LUT6 (Prop_lut6_I4_O)        0.326     2.209 r  vga/vga_r_OBUF[3]_inst_i_3/O
                         net (fo=6, routed)           0.990     3.200    vga/vga_r_OBUF[3]_inst_i_3_n_0
    SLICE_X28Y40         LUT3 (Prop_lut3_I2_O)        0.152     3.352 f  vga/vga_r_OBUF[2]_inst_i_3/O
                         net (fo=9, routed)           0.501     3.853    vga/vga_r_OBUF[2]_inst_i_3_n_0
    SLICE_X28Y39         LUT6 (Prop_lut6_I2_O)        0.332     4.185 r  vga/vga_g_OBUF[1]_inst_i_1/O
                         net (fo=1, routed)           2.528     6.713    vga_g_OBUF[1]
    H17                  OBUF (Prop_obuf_I_O)         3.505    10.218 r  vga_g_OBUF[1]_inst/O
                         net (fo=0)                   0.000    10.218    vga_g[1]
    H17                                                               r  vga_g[1] (OUT)
  -------------------------------------------------------------------    -------------------





Min Delay Paths
--------------------------------------------------------------------------------------
Slack:                    inf
  Source:                 config_unit/rom_addr_reg[2]/C
                            (rising edge-triggered cell FDRE clocked by clk_out1_clk_viz  {rise@0.000ns fall@20.000ns period=40.000ns})
  Destination:            config_unit/sccb/tx_data_reg[13]/D
  Path Group:             (none)
  Path Type:              Min at Slow Process Corner
  Data Path Delay:        0.688ns  (logic 0.518ns (75.253%)  route 0.170ns (24.747%))
  Logic Levels:           1  (LUT6=1)
  Clock Uncertainty:      0.235ns  ((TSJ^2 + DJ^2)^1/2) / 2 + PE
    Total System Jitter     (TSJ):    0.050ns
    Discrete Jitter          (DJ):    0.200ns
    Phase Error              (PE):    0.132ns

    Location             Delay type                Incr(ns)  Path(ns)    Netlist Resource(s)
  -------------------------------------------------------------------    -------------------
                         (clock clk_out1_clk_viz rise edge)
                                                      0.000     0.000 r  
    W5                                                0.000     0.000 r  clk_100mhz (IN)
                         net (fo=0)                   0.000     0.000    instance_name/inst/clk_in1
    W5                   IBUF (Prop_ibuf_I_O)         1.388     1.388 r  instance_name/inst/clkin1_ibufg/O
                         net (fo=1, routed)           1.162     2.550    instance_name/inst/clk_in1_clk_viz
    MMCME2_ADV_X1Y0      MMCME2_ADV (Prop_mmcme2_adv_CLKIN1_CLKOUT0)
                                                     -7.217    -4.668 r  instance_name/inst/mmcm_adv_inst/CLKOUT0
                         net (fo=1, routed)           1.581    -3.086    instance_name/inst/clk_out1_clk_viz
    BUFGCTRL_X0Y1        BUFG (Prop_bufg_I_O)         0.091    -2.995 r  instance_name/inst/clkout1_buf/O
                         net (fo=83, routed)          1.519    -1.476    config_unit/CLK
    SLICE_X2Y5           FDRE                                         r  config_unit/rom_addr_reg[2]/C
  -------------------------------------------------------------------    -------------------
    SLICE_X2Y5           FDRE (Prop_fdre_C_Q)         0.418    -1.058 r  config_unit/rom_addr_reg[2]/Q
                         net (fo=12, routed)          0.170    -0.888    config_unit/sccb/Q[2]
    SLICE_X3Y5           LUT6 (Prop_lut6_I0_O)        0.100    -0.788 r  config_unit/sccb/tx_data[13]_i_2/O
                         net (fo=1, routed)           0.000    -0.788    config_unit/sccb/tx_data[13]_i_2_n_0
    SLICE_X3Y5           FDRE                                         r  config_unit/sccb/tx_data_reg[13]/D
  -------------------------------------------------------------------    -------------------

Slack:                    inf
  Source:                 config_unit/rom_addr_reg[0]/C
                            (rising edge-triggered cell FDRE clocked by clk_out1_clk_viz  {rise@0.000ns fall@20.000ns period=40.000ns})
  Destination:            config_unit/sccb/tx_data_reg[7]/D
  Path Group:             (none)
  Path Type:              Min at Slow Process Corner
  Data Path Delay:        0.799ns  (logic 0.513ns (64.220%)  route 0.286ns (35.780%))
  Logic Levels:           1  (LUT4=1)
  Clock Uncertainty:      0.235ns  ((TSJ^2 + DJ^2)^1/2) / 2 + PE
    Total System Jitter     (TSJ):    0.050ns
    Discrete Jitter          (DJ):    0.200ns
    Phase Error              (PE):    0.132ns

    Location             Delay type                Incr(ns)  Path(ns)    Netlist Resource(s)
  -------------------------------------------------------------------    -------------------
                         (clock clk_out1_clk_viz rise edge)
                                                      0.000     0.000 r  
    W5                                                0.000     0.000 r  clk_100mhz (IN)
                         net (fo=0)                   0.000     0.000    instance_name/inst/clk_in1
    W5                   IBUF (Prop_ibuf_I_O)         1.388     1.388 r  instance_name/inst/clkin1_ibufg/O
                         net (fo=1, routed)           1.162     2.550    instance_name/inst/clk_in1_clk_viz
    MMCME2_ADV_X1Y0      MMCME2_ADV (Prop_mmcme2_adv_CLKIN1_CLKOUT0)
                                                     -7.217    -4.668 r  instance_name/inst/mmcm_adv_inst/CLKOUT0
                         net (fo=1, routed)           1.581    -3.086    instance_name/inst/clk_out1_clk_viz
    BUFGCTRL_X0Y1        BUFG (Prop_bufg_I_O)         0.091    -2.995 r  instance_name/inst/clkout1_buf/O
                         net (fo=83, routed)          1.519    -1.476    config_unit/CLK
    SLICE_X2Y5           FDRE                                         r  config_unit/rom_addr_reg[0]/C
  -------------------------------------------------------------------    -------------------
    SLICE_X2Y5           FDRE (Prop_fdre_C_Q)         0.418    -1.058 r  config_unit/rom_addr_reg[0]/Q
                         net (fo=12, routed)          0.286    -0.772    config_unit/sccb/Q[0]
    SLICE_X3Y5           LUT4 (Prop_lut4_I3_O)        0.095    -0.677 r  config_unit/sccb/tx_data[7]_i_1/O
                         net (fo=1, routed)           0.000    -0.677    config_unit/sccb/tx_data[7]_i_1_n_0
    SLICE_X3Y5           FDRE                                         r  config_unit/sccb/tx_data_reg[7]/D
  -------------------------------------------------------------------    -------------------

Slack:                    inf
  Source:                 config_unit/rom_addr_reg[0]/C
                            (rising edge-triggered cell FDRE clocked by clk_out1_clk_viz  {rise@0.000ns fall@20.000ns period=40.000ns})
  Destination:            config_unit/sccb/tx_data_reg[2]/D
  Path Group:             (none)
  Path Type:              Min at Slow Process Corner
  Data Path Delay:        0.804ns  (logic 0.518ns (64.442%)  route 0.286ns (35.558%))
  Logic Levels:           1  (LUT4=1)
  Clock Uncertainty:      0.235ns  ((TSJ^2 + DJ^2)^1/2) / 2 + PE
    Total System Jitter     (TSJ):    0.050ns
    Discrete Jitter          (DJ):    0.200ns
    Phase Error              (PE):    0.132ns

    Location             Delay type                Incr(ns)  Path(ns)    Netlist Resource(s)
  -------------------------------------------------------------------    -------------------
                         (clock clk_out1_clk_viz rise edge)
                                                      0.000     0.000 r  
    W5                                                0.000     0.000 r  clk_100mhz (IN)
                         net (fo=0)                   0.000     0.000    instance_name/inst/clk_in1
    W5                   IBUF (Prop_ibuf_I_O)         1.388     1.388 r  instance_name/inst/clkin1_ibufg/O
                         net (fo=1, routed)           1.162     2.550    instance_name/inst/clk_in1_clk_viz
    MMCME2_ADV_X1Y0      MMCME2_ADV (Prop_mmcme2_adv_CLKIN1_CLKOUT0)
                                                     -7.217    -4.668 r  instance_name/inst/mmcm_adv_inst/CLKOUT0
                         net (fo=1, routed)           1.581    -3.086    instance_name/inst/clk_out1_clk_viz
    BUFGCTRL_X0Y1        BUFG (Prop_bufg_I_O)         0.091    -2.995 r  instance_name/inst/clkout1_buf/O
                         net (fo=83, routed)          1.519    -1.476    config_unit/CLK
    SLICE_X2Y5           FDRE                                         r  config_unit/rom_addr_reg[0]/C
  -------------------------------------------------------------------    -------------------
    SLICE_X2Y5           FDRE (Prop_fdre_C_Q)         0.418    -1.058 r  config_unit/rom_addr_reg[0]/Q
                         net (fo=12, routed)          0.286    -0.772    config_unit/sccb/Q[0]
    SLICE_X3Y5           LUT4 (Prop_lut4_I0_O)        0.100    -0.672 r  config_unit/sccb/tx_data[2]_i_1/O
                         net (fo=1, routed)           0.000    -0.672    config_unit/sccb/tx_data[2]_i_1_n_0
    SLICE_X3Y5           FDRE                                         r  config_unit/sccb/tx_data_reg[2]/D
  -------------------------------------------------------------------    -------------------

Slack:                    inf
  Source:                 config_unit/rom_addr_reg[0]/C
                            (rising edge-triggered cell FDRE clocked by clk_out1_clk_viz  {rise@0.000ns fall@20.000ns period=40.000ns})
  Destination:            config_unit/sccb/tx_data_reg[4]/D
  Path Group:             (none)
  Path Type:              Min at Slow Process Corner
  Data Path Delay:        0.806ns  (logic 0.518ns (64.282%)  route 0.288ns (35.718%))
  Logic Levels:           1  (LUT4=1)
  Clock Uncertainty:      0.235ns  ((TSJ^2 + DJ^2)^1/2) / 2 + PE
    Total System Jitter     (TSJ):    0.050ns
    Discrete Jitter          (DJ):    0.200ns
    Phase Error              (PE):    0.132ns

    Location             Delay type                Incr(ns)  Path(ns)    Netlist Resource(s)
  -------------------------------------------------------------------    -------------------
                         (clock clk_out1_clk_viz rise edge)
                                                      0.000     0.000 r  
    W5                                                0.000     0.000 r  clk_100mhz (IN)
                         net (fo=0)                   0.000     0.000    instance_name/inst/clk_in1
    W5                   IBUF (Prop_ibuf_I_O)         1.388     1.388 r  instance_name/inst/clkin1_ibufg/O
                         net (fo=1, routed)           1.162     2.550    instance_name/inst/clk_in1_clk_viz
    MMCME2_ADV_X1Y0      MMCME2_ADV (Prop_mmcme2_adv_CLKIN1_CLKOUT0)
                                                     -7.217    -4.668 r  instance_name/inst/mmcm_adv_inst/CLKOUT0
                         net (fo=1, routed)           1.581    -3.086    instance_name/inst/clk_out1_clk_viz
    BUFGCTRL_X0Y1        BUFG (Prop_bufg_I_O)         0.091    -2.995 r  instance_name/inst/clkout1_buf/O
                         net (fo=83, routed)          1.519    -1.476    config_unit/CLK
    SLICE_X2Y5           FDRE                                         r  config_unit/rom_addr_reg[0]/C
  -------------------------------------------------------------------    -------------------
    SLICE_X2Y5           FDRE (Prop_fdre_C_Q)         0.418    -1.058 r  config_unit/rom_addr_reg[0]/Q
                         net (fo=12, routed)          0.288    -0.770    config_unit/sccb/Q[0]
    SLICE_X3Y5           LUT4 (Prop_lut4_I2_O)        0.100    -0.670 r  config_unit/sccb/tx_data[4]_i_1/O
                         net (fo=1, routed)           0.000    -0.670    config_unit/sccb/tx_data[4]_i_1_n_0
    SLICE_X3Y5           FDRE                                         r  config_unit/sccb/tx_data_reg[4]/D
  -------------------------------------------------------------------    -------------------

Slack:                    inf
  Source:                 config_unit/rom_addr_reg[2]/C
                            (rising edge-triggered cell FDRE clocked by clk_out1_clk_viz  {rise@0.000ns fall@20.000ns period=40.000ns})
  Destination:            config_unit/sccb/tx_data_reg[9]/D
  Path Group:             (none)
  Path Type:              Min at Slow Process Corner
  Data Path Delay:        0.937ns  (logic 0.539ns (57.503%)  route 0.398ns (42.497%))
  Logic Levels:           1  (LUT3=1)
  Clock Uncertainty:      0.235ns  ((TSJ^2 + DJ^2)^1/2) / 2 + PE
    Total System Jitter     (TSJ):    0.050ns
    Discrete Jitter          (DJ):    0.200ns
    Phase Error              (PE):    0.132ns

    Location             Delay type                Incr(ns)  Path(ns)    Netlist Resource(s)
  -------------------------------------------------------------------    -------------------
                         (clock clk_out1_clk_viz rise edge)
                                                      0.000     0.000 r  
    W5                                                0.000     0.000 r  clk_100mhz (IN)
                         net (fo=0)                   0.000     0.000    instance_name/inst/clk_in1
    W5                   IBUF (Prop_ibuf_I_O)         1.388     1.388 r  instance_name/inst/clkin1_ibufg/O
                         net (fo=1, routed)           1.162     2.550    instance_name/inst/clk_in1_clk_viz
    MMCME2_ADV_X1Y0      MMCME2_ADV (Prop_mmcme2_adv_CLKIN1_CLKOUT0)
                                                     -7.217    -4.668 r  instance_name/inst/mmcm_adv_inst/CLKOUT0
                         net (fo=1, routed)           1.581    -3.086    instance_name/inst/clk_out1_clk_viz
    BUFGCTRL_X0Y1        BUFG (Prop_bufg_I_O)         0.091    -2.995 r  instance_name/inst/clkout1_buf/O
                         net (fo=83, routed)          1.519    -1.476    config_unit/CLK
    SLICE_X2Y5           FDRE                                         r  config_unit/rom_addr_reg[2]/C
  -------------------------------------------------------------------    -------------------
    SLICE_X2Y5           FDRE (Prop_fdre_C_Q)         0.418    -1.058 r  config_unit/rom_addr_reg[2]/Q
                         net (fo=12, routed)          0.398    -0.660    config_unit/sccb/Q[2]
    SLICE_X3Y5           LUT3 (Prop_lut3_I1_O)        0.121    -0.539 r  config_unit/sccb/tx_data[9]_i_1/O
                         net (fo=1, routed)           0.000    -0.539    config_unit/sccb/tx_data[9]_i_1_n_0
    SLICE_X3Y5           FDRE                                         r  config_unit/sccb/tx_data_reg[9]/D
  -------------------------------------------------------------------    -------------------

Slack:                    inf
  Source:                 config_unit/start_reg/C
                            (rising edge-triggered cell FDRE clocked by clk_out1_clk_viz  {rise@0.000ns fall@20.000ns period=40.000ns})
  Destination:            config_unit/sccb/FSM_sequential_state_reg[0]/D
  Path Group:             (none)
  Path Type:              Min at Slow Process Corner
  Data Path Delay:        0.981ns  (logic 0.467ns (47.613%)  route 0.514ns (52.387%))
  Logic Levels:           1  (LUT5=1)
  Clock Uncertainty:      0.235ns  ((TSJ^2 + DJ^2)^1/2) / 2 + PE
    Total System Jitter     (TSJ):    0.050ns
    Discrete Jitter          (DJ):    0.200ns
    Phase Error              (PE):    0.132ns

    Location             Delay type                Incr(ns)  Path(ns)    Netlist Resource(s)
  -------------------------------------------------------------------    -------------------
                         (clock clk_out1_clk_viz rise edge)
                                                      0.000     0.000 r  
    W5                                                0.000     0.000 r  clk_100mhz (IN)
                         net (fo=0)                   0.000     0.000    instance_name/inst/clk_in1
    W5                   IBUF (Prop_ibuf_I_O)         1.388     1.388 r  instance_name/inst/clkin1_ibufg/O
                         net (fo=1, routed)           1.162     2.550    instance_name/inst/clk_in1_clk_viz
    MMCME2_ADV_X1Y0      MMCME2_ADV (Prop_mmcme2_adv_CLKIN1_CLKOUT0)
                                                     -7.217    -4.668 r  instance_name/inst/mmcm_adv_inst/CLKOUT0
                         net (fo=1, routed)           1.581    -3.086    instance_name/inst/clk_out1_clk_viz
    BUFGCTRL_X0Y1        BUFG (Prop_bufg_I_O)         0.091    -2.995 r  instance_name/inst/clkout1_buf/O
                         net (fo=83, routed)          1.519    -1.476    config_unit/CLK
    SLICE_X1Y5           FDRE                                         r  config_unit/start_reg/C
  -------------------------------------------------------------------    -------------------
    SLICE_X1Y5           FDRE (Prop_fdre_C_Q)         0.367    -1.109 r  config_unit/start_reg/Q
                         net (fo=6, routed)           0.514    -0.595    config_unit/sccb/ready_reg_0
    SLICE_X1Y6           LUT5 (Prop_lut5_I1_O)        0.100    -0.495 r  config_unit/sccb/FSM_sequential_state[0]_i_1/O
                         net (fo=1, routed)           0.000    -0.495    config_unit/sccb/FSM_sequential_state[0]_i_1_n_0
    SLICE_X1Y6           FDRE                                         r  config_unit/sccb/FSM_sequential_state_reg[0]/D
  -------------------------------------------------------------------    -------------------

Slack:                    inf
  Source:                 config_unit/start_reg/C
                            (rising edge-triggered cell FDRE clocked by clk_out1_clk_viz  {rise@0.000ns fall@20.000ns period=40.000ns})
  Destination:            config_unit/sccb/ready_reg/D
  Path Group:             (none)
  Path Type:              Min at Slow Process Corner
  Data Path Delay:        1.212ns  (logic 0.490ns (40.442%)  route 0.722ns (59.558%))
  Logic Levels:           1  (LUT5=1)
  Clock Uncertainty:      0.235ns  ((TSJ^2 + DJ^2)^1/2) / 2 + PE
    Total System Jitter     (TSJ):    0.050ns
    Discrete Jitter          (DJ):    0.200ns
    Phase Error              (PE):    0.132ns

    Location             Delay type                Incr(ns)  Path(ns)    Netlist Resource(s)
  -------------------------------------------------------------------    -------------------
                         (clock clk_out1_clk_viz rise edge)
                                                      0.000     0.000 r  
    W5                                                0.000     0.000 r  clk_100mhz (IN)
                         net (fo=0)                   0.000     0.000    instance_name/inst/clk_in1
    W5                   IBUF (Prop_ibuf_I_O)         1.388     1.388 r  instance_name/inst/clkin1_ibufg/O
                         net (fo=1, routed)           1.162     2.550    instance_name/inst/clk_in1_clk_viz
    MMCME2_ADV_X1Y0      MMCME2_ADV (Prop_mmcme2_adv_CLKIN1_CLKOUT0)
                                                     -7.217    -4.668 r  instance_name/inst/mmcm_adv_inst/CLKOUT0
                         net (fo=1, routed)           1.581    -3.086    instance_name/inst/clk_out1_clk_viz
    BUFGCTRL_X0Y1        BUFG (Prop_bufg_I_O)         0.091    -2.995 r  instance_name/inst/clkout1_buf/O
                         net (fo=83, routed)          1.519    -1.476    config_unit/CLK
    SLICE_X1Y5           FDRE                                         r  config_unit/start_reg/C
  -------------------------------------------------------------------    -------------------
    SLICE_X1Y5           FDRE (Prop_fdre_C_Q)         0.367    -1.109 f  config_unit/start_reg/Q
                         net (fo=6, routed)           0.722    -0.387    config_unit/sccb/ready_reg_0
    SLICE_X1Y6           LUT5 (Prop_lut5_I4_O)        0.123    -0.264 r  config_unit/sccb/ready_i_1/O
                         net (fo=1, routed)           0.000    -0.264    config_unit/sccb/ready_i_1_n_0
    SLICE_X1Y6           FDRE                                         r  config_unit/sccb/ready_reg/D
  -------------------------------------------------------------------    -------------------

Slack:                    inf
  Source:                 config_unit/start_reg/C
                            (rising edge-triggered cell FDRE clocked by clk_out1_clk_viz  {rise@0.000ns fall@20.000ns period=40.000ns})
  Destination:            config_unit/sccb/tx_data_reg[13]/CE
  Path Group:             (none)
  Path Type:              Min at Slow Process Corner
  Data Path Delay:        1.283ns  (logic 0.467ns (36.407%)  route 0.816ns (63.593%))
  Logic Levels:           1  (LUT4=1)
  Clock Uncertainty:      0.235ns  ((TSJ^2 + DJ^2)^1/2) / 2 + PE
    Total System Jitter     (TSJ):    0.050ns
    Discrete Jitter          (DJ):    0.200ns
    Phase Error              (PE):    0.132ns

    Location             Delay type                Incr(ns)  Path(ns)    Netlist Resource(s)
  -------------------------------------------------------------------    -------------------
                         (clock clk_out1_clk_viz rise edge)
                                                      0.000     0.000 r  
    W5                                                0.000     0.000 r  clk_100mhz (IN)
                         net (fo=0)                   0.000     0.000    instance_name/inst/clk_in1
    W5                   IBUF (Prop_ibuf_I_O)         1.388     1.388 r  instance_name/inst/clkin1_ibufg/O
                         net (fo=1, routed)           1.162     2.550    instance_name/inst/clk_in1_clk_viz
    MMCME2_ADV_X1Y0      MMCME2_ADV (Prop_mmcme2_adv_CLKIN1_CLKOUT0)
                                                     -7.217    -4.668 r  instance_name/inst/mmcm_adv_inst/CLKOUT0
                         net (fo=1, routed)           1.581    -3.086    instance_name/inst/clk_out1_clk_viz
    BUFGCTRL_X0Y1        BUFG (Prop_bufg_I_O)         0.091    -2.995 r  instance_name/inst/clkout1_buf/O
                         net (fo=83, routed)          1.519    -1.476    config_unit/CLK
    SLICE_X1Y5           FDRE                                         r  config_unit/start_reg/C
  -------------------------------------------------------------------    -------------------
    SLICE_X1Y5           FDRE (Prop_fdre_C_Q)         0.367    -1.109 r  config_unit/start_reg/Q
                         net (fo=6, routed)           0.534    -0.575    config_unit/sccb/ready_reg_0
    SLICE_X1Y5           LUT4 (Prop_lut4_I0_O)        0.100    -0.475 r  config_unit/sccb/tx_data[13]_i_1/O
                         net (fo=7, routed)           0.282    -0.193    config_unit/sccb/tx_data[0]
    SLICE_X3Y5           FDRE                                         r  config_unit/sccb/tx_data_reg[13]/CE
  -------------------------------------------------------------------    -------------------

Slack:                    inf
  Source:                 config_unit/start_reg/C
                            (rising edge-triggered cell FDRE clocked by clk_out1_clk_viz  {rise@0.000ns fall@20.000ns period=40.000ns})
  Destination:            config_unit/sccb/tx_data_reg[2]/CE
  Path Group:             (none)
  Path Type:              Min at Slow Process Corner
  Data Path Delay:        1.283ns  (logic 0.467ns (36.407%)  route 0.816ns (63.593%))
  Logic Levels:           1  (LUT4=1)
  Clock Uncertainty:      0.235ns  ((TSJ^2 + DJ^2)^1/2) / 2 + PE
    Total System Jitter     (TSJ):    0.050ns
    Discrete Jitter          (DJ):    0.200ns
    Phase Error              (PE):    0.132ns

    Location             Delay type                Incr(ns)  Path(ns)    Netlist Resource(s)
  -------------------------------------------------------------------    -------------------
                         (clock clk_out1_clk_viz rise edge)
                                                      0.000     0.000 r  
    W5                                                0.000     0.000 r  clk_100mhz (IN)
                         net (fo=0)                   0.000     0.000    instance_name/inst/clk_in1
    W5                   IBUF (Prop_ibuf_I_O)         1.388     1.388 r  instance_name/inst/clkin1_ibufg/O
                         net (fo=1, routed)           1.162     2.550    instance_name/inst/clk_in1_clk_viz
    MMCME2_ADV_X1Y0      MMCME2_ADV (Prop_mmcme2_adv_CLKIN1_CLKOUT0)
                                                     -7.217    -4.668 r  instance_name/inst/mmcm_adv_inst/CLKOUT0
                         net (fo=1, routed)           1.581    -3.086    instance_name/inst/clk_out1_clk_viz
    BUFGCTRL_X0Y1        BUFG (Prop_bufg_I_O)         0.091    -2.995 r  instance_name/inst/clkout1_buf/O
                         net (fo=83, routed)          1.519    -1.476    config_unit/CLK
    SLICE_X1Y5           FDRE                                         r  config_unit/start_reg/C
  -------------------------------------------------------------------    -------------------
    SLICE_X1Y5           FDRE (Prop_fdre_C_Q)         0.367    -1.109 r  config_unit/start_reg/Q
                         net (fo=6, routed)           0.534    -0.575    config_unit/sccb/ready_reg_0
    SLICE_X1Y5           LUT4 (Prop_lut4_I0_O)        0.100    -0.475 r  config_unit/sccb/tx_data[13]_i_1/O
                         net (fo=7, routed)           0.282    -0.193    config_unit/sccb/tx_data[0]
    SLICE_X3Y5           FDRE                                         r  config_unit/sccb/tx_data_reg[2]/CE
  -------------------------------------------------------------------    -------------------

Slack:                    inf
  Source:                 config_unit/start_reg/C
                            (rising edge-triggered cell FDRE clocked by clk_out1_clk_viz  {rise@0.000ns fall@20.000ns period=40.000ns})
  Destination:            config_unit/sccb/tx_data_reg[4]/CE
  Path Group:             (none)
  Path Type:              Min at Slow Process Corner
  Data Path Delay:        1.283ns  (logic 0.467ns (36.407%)  route 0.816ns (63.593%))
  Logic Levels:           1  (LUT4=1)
  Clock Uncertainty:      0.235ns  ((TSJ^2 + DJ^2)^1/2) / 2 + PE
    Total System Jitter     (TSJ):    0.050ns
    Discrete Jitter          (DJ):    0.200ns
    Phase Error              (PE):    0.132ns

    Location             Delay type                Incr(ns)  Path(ns)    Netlist Resource(s)
  -------------------------------------------------------------------    -------------------
                         (clock clk_out1_clk_viz rise edge)
                                                      0.000     0.000 r  
    W5                                                0.000     0.000 r  clk_100mhz (IN)
                         net (fo=0)                   0.000     0.000    instance_name/inst/clk_in1
    W5                   IBUF (Prop_ibuf_I_O)         1.388     1.388 r  instance_name/inst/clkin1_ibufg/O
                         net (fo=1, routed)           1.162     2.550    instance_name/inst/clk_in1_clk_viz
    MMCME2_ADV_X1Y0      MMCME2_ADV (Prop_mmcme2_adv_CLKIN1_CLKOUT0)
                                                     -7.217    -4.668 r  instance_name/inst/mmcm_adv_inst/CLKOUT0
                         net (fo=1, routed)           1.581    -3.086    instance_name/inst/clk_out1_clk_viz
    BUFGCTRL_X0Y1        BUFG (Prop_bufg_I_O)         0.091    -2.995 r  instance_name/inst/clkout1_buf/O
                         net (fo=83, routed)          1.519    -1.476    config_unit/CLK
    SLICE_X1Y5           FDRE                                         r  config_unit/start_reg/C
  -------------------------------------------------------------------    -------------------
    SLICE_X1Y5           FDRE (Prop_fdre_C_Q)         0.367    -1.109 r  config_unit/start_reg/Q
                         net (fo=6, routed)           0.534    -0.575    config_unit/sccb/ready_reg_0
    SLICE_X1Y5           LUT4 (Prop_lut4_I0_O)        0.100    -0.475 r  config_unit/sccb/tx_data[13]_i_1/O
                         net (fo=7, routed)           0.282    -0.193    config_unit/sccb/tx_data[0]
    SLICE_X3Y5           FDRE                                         r  config_unit/sccb/tx_data_reg[4]/CE
  -------------------------------------------------------------------    -------------------





--------------------------------------------------------------------------------------
Path Group:  (none)
From Clock:  clk_out1_clk_viz_1
  To Clock:  

Max Delay            31 Endpoints
Min Delay            31 Endpoints
--------------------------------------------------------------------------------------


Max Delay Paths
--------------------------------------------------------------------------------------
Slack:                    inf
  Source:                 frame_buffer/U0/inst_blk_mem_gen/gnbram.gnativebmg.native_blk_mem_gen/valid.cstr/has_mux_b.B/no_softecc_gmuxr.ce_pri.dout_i_reg[6]/C
                            (rising edge-triggered cell FDRE clocked by clk_out1_clk_viz_1  {rise@0.000ns fall@20.000ns period=40.000ns})
  Destination:            vga_b[0]
                            (output port)
  Path Group:             (none)
  Path Type:              Max at Slow Process Corner
  Data Path Delay:        11.743ns  (logic 4.975ns (42.367%)  route 6.768ns (57.633%))
  Logic Levels:           5  (LUT3=2 LUT6=2 OBUF=1)
  Clock Uncertainty:      0.233ns  ((TSJ^2 + DJ^2)^1/2) / 2 + PE
    Total System Jitter     (TSJ):    0.050ns
    Discrete Jitter          (DJ):    0.195ns
    Phase Error              (PE):    0.132ns

    Location             Delay type                Incr(ns)  Path(ns)    Netlist Resource(s)
  -------------------------------------------------------------------    -------------------
                         (clock clk_out1_clk_viz_1 rise edge)
                                                      0.000     0.000 r  
    W5                                                0.000     0.000 r  clk_100mhz (IN)
                         net (fo=0)                   0.000     0.000    instance_name/inst/clk_in1
    W5                   IBUF (Prop_ibuf_I_O)         1.458     1.458 r  instance_name/inst/clkin1_ibufg/O
                         net (fo=1, routed)           1.233     2.691    instance_name/inst/clk_in1_clk_viz
    MMCME2_ADV_X1Y0      MMCME2_ADV (Prop_mmcme2_adv_CLKIN1_CLKOUT0)
                                                     -6.961    -4.269 r  instance_name/inst/mmcm_adv_inst/CLKOUT0
                         net (fo=1, routed)           1.661    -2.608    instance_name/inst/clk_out1_clk_viz
    BUFGCTRL_X0Y1        BUFG (Prop_bufg_I_O)         0.096    -2.512 r  instance_name/inst/clkout1_buf/O
                         net (fo=83, routed)          1.564    -0.948    frame_buffer/U0/inst_blk_mem_gen/gnbram.gnativebmg.native_blk_mem_gen/valid.cstr/has_mux_b.B/clkb
    SLICE_X34Y43         FDRE                                         r  frame_buffer/U0/inst_blk_mem_gen/gnbram.gnativebmg.native_blk_mem_gen/valid.cstr/has_mux_b.B/no_softecc_gmuxr.ce_pri.dout_i_reg[6]/C
  -------------------------------------------------------------------    -------------------
    SLICE_X34Y43         FDRE (Prop_fdre_C_Q)         0.518    -0.430 r  frame_buffer/U0/inst_blk_mem_gen/gnbram.gnativebmg.native_blk_mem_gen/valid.cstr/has_mux_b.B/no_softecc_gmuxr.ce_pri.dout_i_reg[6]/Q
                         net (fo=6, routed)           1.320     0.890    vga/doutb[6]
    SLICE_X31Y39         LUT3 (Prop_lut3_I2_O)        0.152     1.042 f  vga/vga_r_OBUF[3]_inst_i_13/O
                         net (fo=4, routed)           0.841     1.883    vga/vga_r_OBUF[3]_inst_i_13_n_0
    SLICE_X30Y38         LUT6 (Prop_lut6_I4_O)        0.326     2.209 r  vga/vga_r_OBUF[3]_inst_i_3/O
                         net (fo=6, routed)           0.990     3.200    vga/vga_r_OBUF[3]_inst_i_3_n_0
    SLICE_X28Y40         LUT3 (Prop_lut3_I2_O)        0.152     3.352 f  vga/vga_r_OBUF[2]_inst_i_3/O
                         net (fo=9, routed)           0.861     4.212    vga/vga_r_OBUF[2]_inst_i_3_n_0
    SLICE_X28Y38         LUT6 (Prop_lut6_I2_O)        0.332     4.544 r  vga/vga_b_OBUF[0]_inst_i_1/O
                         net (fo=1, routed)           2.756     7.300    vga_b_OBUF[0]
    N18                  OBUF (Prop_obuf_I_O)         3.495    10.796 r  vga_b_OBUF[0]_inst/O
                         net (fo=0)                   0.000    10.796    vga_b[0]
    N18                                                               r  vga_b[0] (OUT)
  -------------------------------------------------------------------    -------------------

Slack:                    inf
  Source:                 frame_buffer/U0/inst_blk_mem_gen/gnbram.gnativebmg.native_blk_mem_gen/valid.cstr/has_mux_b.B/no_softecc_gmuxr.ce_pri.dout_i_reg[6]/C
                            (rising edge-triggered cell FDRE clocked by clk_out1_clk_viz_1  {rise@0.000ns fall@20.000ns period=40.000ns})
  Destination:            vga_b[2]
                            (output port)
  Path Group:             (none)
  Path Type:              Max at Slow Process Corner
  Data Path Delay:        11.639ns  (logic 4.999ns (42.950%)  route 6.640ns (57.050%))
  Logic Levels:           5  (LUT3=2 LUT6=2 OBUF=1)
  Clock Uncertainty:      0.233ns  ((TSJ^2 + DJ^2)^1/2) / 2 + PE
    Total System Jitter     (TSJ):    0.050ns
    Discrete Jitter          (DJ):    0.195ns
    Phase Error              (PE):    0.132ns

    Location             Delay type                Incr(ns)  Path(ns)    Netlist Resource(s)
  -------------------------------------------------------------------    -------------------
                         (clock clk_out1_clk_viz_1 rise edge)
                                                      0.000     0.000 r  
    W5                                                0.000     0.000 r  clk_100mhz (IN)
                         net (fo=0)                   0.000     0.000    instance_name/inst/clk_in1
    W5                   IBUF (Prop_ibuf_I_O)         1.458     1.458 r  instance_name/inst/clkin1_ibufg/O
                         net (fo=1, routed)           1.233     2.691    instance_name/inst/clk_in1_clk_viz
    MMCME2_ADV_X1Y0      MMCME2_ADV (Prop_mmcme2_adv_CLKIN1_CLKOUT0)
                                                     -6.961    -4.269 r  instance_name/inst/mmcm_adv_inst/CLKOUT0
                         net (fo=1, routed)           1.661    -2.608    instance_name/inst/clk_out1_clk_viz
    BUFGCTRL_X0Y1        BUFG (Prop_bufg_I_O)         0.096    -2.512 r  instance_name/inst/clkout1_buf/O
                         net (fo=83, routed)          1.564    -0.948    frame_buffer/U0/inst_blk_mem_gen/gnbram.gnativebmg.native_blk_mem_gen/valid.cstr/has_mux_b.B/clkb
    SLICE_X34Y43         FDRE                                         r  frame_buffer/U0/inst_blk_mem_gen/gnbram.gnativebmg.native_blk_mem_gen/valid.cstr/has_mux_b.B/no_softecc_gmuxr.ce_pri.dout_i_reg[6]/C
  -------------------------------------------------------------------    -------------------
    SLICE_X34Y43         FDRE (Prop_fdre_C_Q)         0.518    -0.430 r  frame_buffer/U0/inst_blk_mem_gen/gnbram.gnativebmg.native_blk_mem_gen/valid.cstr/has_mux_b.B/no_softecc_gmuxr.ce_pri.dout_i_reg[6]/Q
                         net (fo=6, routed)           1.320     0.890    vga/doutb[6]
    SLICE_X31Y39         LUT3 (Prop_lut3_I2_O)        0.152     1.042 f  vga/vga_r_OBUF[3]_inst_i_13/O
                         net (fo=4, routed)           0.841     1.883    vga/vga_r_OBUF[3]_inst_i_13_n_0
    SLICE_X30Y38         LUT6 (Prop_lut6_I4_O)        0.326     2.209 r  vga/vga_r_OBUF[3]_inst_i_3/O
                         net (fo=6, routed)           0.990     3.200    vga/vga_r_OBUF[3]_inst_i_3_n_0
    SLICE_X28Y40         LUT3 (Prop_lut3_I2_O)        0.152     3.352 f  vga/vga_r_OBUF[2]_inst_i_3/O
                         net (fo=9, routed)           0.889     4.240    vga/vga_r_OBUF[2]_inst_i_3_n_0
    SLICE_X28Y39         LUT6 (Prop_lut6_I2_O)        0.332     4.572 r  vga/vga_b_OBUF[2]_inst_i_1/O
                         net (fo=1, routed)           2.600     7.172    vga_b_OBUF[2]
    K18                  OBUF (Prop_obuf_I_O)         3.519    10.691 r  vga_b_OBUF[2]_inst/O
                         net (fo=0)                   0.000    10.691    vga_b[2]
    K18                                                               r  vga_b[2] (OUT)
  -------------------------------------------------------------------    -------------------

Slack:                    inf
  Source:                 frame_buffer/U0/inst_blk_mem_gen/gnbram.gnativebmg.native_blk_mem_gen/valid.cstr/has_mux_b.B/no_softecc_gmuxr.ce_pri.dout_i_reg[6]/C
                            (rising edge-triggered cell FDRE clocked by clk_out1_clk_viz_1  {rise@0.000ns fall@20.000ns period=40.000ns})
  Destination:            vga_g[3]
                            (output port)
  Path Group:             (none)
  Path Type:              Max at Slow Process Corner
  Data Path Delay:        11.630ns  (logic 4.774ns (41.053%)  route 6.855ns (58.947%))
  Logic Levels:           5  (LUT3=1 LUT6=3 OBUF=1)
  Clock Uncertainty:      0.233ns  ((TSJ^2 + DJ^2)^1/2) / 2 + PE
    Total System Jitter     (TSJ):    0.050ns
    Discrete Jitter          (DJ):    0.195ns
    Phase Error              (PE):    0.132ns

    Location             Delay type                Incr(ns)  Path(ns)    Netlist Resource(s)
  -------------------------------------------------------------------    -------------------
                         (clock clk_out1_clk_viz_1 rise edge)
                                                      0.000     0.000 r  
    W5                                                0.000     0.000 r  clk_100mhz (IN)
                         net (fo=0)                   0.000     0.000    instance_name/inst/clk_in1
    W5                   IBUF (Prop_ibuf_I_O)         1.458     1.458 r  instance_name/inst/clkin1_ibufg/O
                         net (fo=1, routed)           1.233     2.691    instance_name/inst/clk_in1_clk_viz
    MMCME2_ADV_X1Y0      MMCME2_ADV (Prop_mmcme2_adv_CLKIN1_CLKOUT0)
                                                     -6.961    -4.269 r  instance_name/inst/mmcm_adv_inst/CLKOUT0
                         net (fo=1, routed)           1.661    -2.608    instance_name/inst/clk_out1_clk_viz
    BUFGCTRL_X0Y1        BUFG (Prop_bufg_I_O)         0.096    -2.512 r  instance_name/inst/clkout1_buf/O
                         net (fo=83, routed)          1.564    -0.948    frame_buffer/U0/inst_blk_mem_gen/gnbram.gnativebmg.native_blk_mem_gen/valid.cstr/has_mux_b.B/clkb
    SLICE_X34Y43         FDRE                                         r  frame_buffer/U0/inst_blk_mem_gen/gnbram.gnativebmg.native_blk_mem_gen/valid.cstr/has_mux_b.B/no_softecc_gmuxr.ce_pri.dout_i_reg[6]/C
  -------------------------------------------------------------------    -------------------
    SLICE_X34Y43         FDRE (Prop_fdre_C_Q)         0.518    -0.430 f  frame_buffer/U0/inst_blk_mem_gen/gnbram.gnativebmg.native_blk_mem_gen/valid.cstr/has_mux_b.B/no_softecc_gmuxr.ce_pri.dout_i_reg[6]/Q
                         net (fo=6, routed)           1.320     0.890    vga/doutb[6]
    SLICE_X31Y39         LUT3 (Prop_lut3_I2_O)        0.152     1.042 r  vga/vga_r_OBUF[3]_inst_i_13/O
                         net (fo=4, routed)           0.827     1.869    vga/vga_r_OBUF[3]_inst_i_13_n_0
    SLICE_X30Y38         LUT6 (Prop_lut6_I4_O)        0.326     2.195 r  vga/vga_r_OBUF[2]_inst_i_5/O
                         net (fo=5, routed)           1.002     3.197    vga/vga_r_OBUF[2]_inst_i_5_n_0
    SLICE_X29Y39         LUT6 (Prop_lut6_I3_O)        0.124     3.321 f  vga/vga_r_OBUF[3]_inst_i_2/O
                         net (fo=9, routed)           1.086     4.407    vga/vga_r_OBUF[3]_inst_i_2_n_0
    SLICE_X29Y40         LUT6 (Prop_lut6_I4_O)        0.124     4.531 r  vga/vga_g_OBUF[3]_inst_i_1/O
                         net (fo=1, routed)           2.620     7.152    vga_g_OBUF[3]
    D17                  OBUF (Prop_obuf_I_O)         3.530    10.682 r  vga_g_OBUF[3]_inst/O
                         net (fo=0)                   0.000    10.682    vga_g[3]
    D17                                                               r  vga_g[3] (OUT)
  -------------------------------------------------------------------    -------------------

Slack:                    inf
  Source:                 frame_buffer/U0/inst_blk_mem_gen/gnbram.gnativebmg.native_blk_mem_gen/valid.cstr/has_mux_b.B/no_softecc_gmuxr.ce_pri.dout_i_reg[6]/C
                            (rising edge-triggered cell FDRE clocked by clk_out1_clk_viz_1  {rise@0.000ns fall@20.000ns period=40.000ns})
  Destination:            vga_r[3]
                            (output port)
  Path Group:             (none)
  Path Type:              Max at Slow Process Corner
  Data Path Delay:        11.618ns  (logic 4.746ns (40.856%)  route 6.871ns (59.144%))
  Logic Levels:           5  (LUT3=1 LUT6=3 OBUF=1)
  Clock Uncertainty:      0.233ns  ((TSJ^2 + DJ^2)^1/2) / 2 + PE
    Total System Jitter     (TSJ):    0.050ns
    Discrete Jitter          (DJ):    0.195ns
    Phase Error              (PE):    0.132ns

    Location             Delay type                Incr(ns)  Path(ns)    Netlist Resource(s)
  -------------------------------------------------------------------    -------------------
                         (clock clk_out1_clk_viz_1 rise edge)
                                                      0.000     0.000 r  
    W5                                                0.000     0.000 r  clk_100mhz (IN)
                         net (fo=0)                   0.000     0.000    instance_name/inst/clk_in1
    W5                   IBUF (Prop_ibuf_I_O)         1.458     1.458 r  instance_name/inst/clkin1_ibufg/O
                         net (fo=1, routed)           1.233     2.691    instance_name/inst/clk_in1_clk_viz
    MMCME2_ADV_X1Y0      MMCME2_ADV (Prop_mmcme2_adv_CLKIN1_CLKOUT0)
                                                     -6.961    -4.269 r  instance_name/inst/mmcm_adv_inst/CLKOUT0
                         net (fo=1, routed)           1.661    -2.608    instance_name/inst/clk_out1_clk_viz
    BUFGCTRL_X0Y1        BUFG (Prop_bufg_I_O)         0.096    -2.512 r  instance_name/inst/clkout1_buf/O
                         net (fo=83, routed)          1.564    -0.948    frame_buffer/U0/inst_blk_mem_gen/gnbram.gnativebmg.native_blk_mem_gen/valid.cstr/has_mux_b.B/clkb
    SLICE_X34Y43         FDRE                                         r  frame_buffer/U0/inst_blk_mem_gen/gnbram.gnativebmg.native_blk_mem_gen/valid.cstr/has_mux_b.B/no_softecc_gmuxr.ce_pri.dout_i_reg[6]/C
  -------------------------------------------------------------------    -------------------
    SLICE_X34Y43         FDRE (Prop_fdre_C_Q)         0.518    -0.430 f  frame_buffer/U0/inst_blk_mem_gen/gnbram.gnativebmg.native_blk_mem_gen/valid.cstr/has_mux_b.B/no_softecc_gmuxr.ce_pri.dout_i_reg[6]/Q
                         net (fo=6, routed)           1.320     0.890    vga/doutb[6]
    SLICE_X31Y39         LUT3 (Prop_lut3_I2_O)        0.152     1.042 r  vga/vga_r_OBUF[3]_inst_i_13/O
                         net (fo=4, routed)           0.827     1.869    vga/vga_r_OBUF[3]_inst_i_13_n_0
    SLICE_X30Y38         LUT6 (Prop_lut6_I4_O)        0.326     2.195 r  vga/vga_r_OBUF[2]_inst_i_5/O
                         net (fo=5, routed)           1.002     3.197    vga/vga_r_OBUF[2]_inst_i_5_n_0
    SLICE_X29Y39         LUT6 (Prop_lut6_I3_O)        0.124     3.321 f  vga/vga_r_OBUF[3]_inst_i_2/O
                         net (fo=9, routed)           1.098     4.419    vga/vga_r_OBUF[3]_inst_i_2_n_0
    SLICE_X28Y38         LUT6 (Prop_lut6_I0_O)        0.124     4.543 r  vga/vga_r_OBUF[3]_inst_i_1/O
                         net (fo=1, routed)           2.624     7.168    vga_r_OBUF[3]
    N19                  OBUF (Prop_obuf_I_O)         3.502    10.670 r  vga_r_OBUF[3]_inst/O
                         net (fo=0)                   0.000    10.670    vga_r[3]
    N19                                                               r  vga_r[3] (OUT)
  -------------------------------------------------------------------    -------------------

Slack:                    inf
  Source:                 frame_buffer/U0/inst_blk_mem_gen/gnbram.gnativebmg.native_blk_mem_gen/valid.cstr/has_mux_b.B/no_softecc_gmuxr.ce_pri.dout_i_reg[6]/C
                            (rising edge-triggered cell FDRE clocked by clk_out1_clk_viz_1  {rise@0.000ns fall@20.000ns period=40.000ns})
  Destination:            vga_g[0]
                            (output port)
  Path Group:             (none)
  Path Type:              Max at Slow Process Corner
  Data Path Delay:        11.609ns  (logic 5.001ns (43.077%)  route 6.608ns (56.923%))
  Logic Levels:           5  (LUT3=2 LUT6=2 OBUF=1)
  Clock Uncertainty:      0.233ns  ((TSJ^2 + DJ^2)^1/2) / 2 + PE
    Total System Jitter     (TSJ):    0.050ns
    Discrete Jitter          (DJ):    0.195ns
    Phase Error              (PE):    0.132ns

    Location             Delay type                Incr(ns)  Path(ns)    Netlist Resource(s)
  -------------------------------------------------------------------    -------------------
                         (clock clk_out1_clk_viz_1 rise edge)
                                                      0.000     0.000 r  
    W5                                                0.000     0.000 r  clk_100mhz (IN)
                         net (fo=0)                   0.000     0.000    instance_name/inst/clk_in1
    W5                   IBUF (Prop_ibuf_I_O)         1.458     1.458 r  instance_name/inst/clkin1_ibufg/O
                         net (fo=1, routed)           1.233     2.691    instance_name/inst/clk_in1_clk_viz
    MMCME2_ADV_X1Y0      MMCME2_ADV (Prop_mmcme2_adv_CLKIN1_CLKOUT0)
                                                     -6.961    -4.269 r  instance_name/inst/mmcm_adv_inst/CLKOUT0
                         net (fo=1, routed)           1.661    -2.608    instance_name/inst/clk_out1_clk_viz
    BUFGCTRL_X0Y1        BUFG (Prop_bufg_I_O)         0.096    -2.512 r  instance_name/inst/clkout1_buf/O
                         net (fo=83, routed)          1.564    -0.948    frame_buffer/U0/inst_blk_mem_gen/gnbram.gnativebmg.native_blk_mem_gen/valid.cstr/has_mux_b.B/clkb
    SLICE_X34Y43         FDRE                                         r  frame_buffer/U0/inst_blk_mem_gen/gnbram.gnativebmg.native_blk_mem_gen/valid.cstr/has_mux_b.B/no_softecc_gmuxr.ce_pri.dout_i_reg[6]/C
  -------------------------------------------------------------------    -------------------
    SLICE_X34Y43         FDRE (Prop_fdre_C_Q)         0.518    -0.430 r  frame_buffer/U0/inst_blk_mem_gen/gnbram.gnativebmg.native_blk_mem_gen/valid.cstr/has_mux_b.B/no_softecc_gmuxr.ce_pri.dout_i_reg[6]/Q
                         net (fo=6, routed)           1.320     0.890    vga/doutb[6]
    SLICE_X31Y39         LUT3 (Prop_lut3_I2_O)        0.152     1.042 f  vga/vga_r_OBUF[3]_inst_i_13/O
                         net (fo=4, routed)           0.841     1.883    vga/vga_r_OBUF[3]_inst_i_13_n_0
    SLICE_X30Y38         LUT6 (Prop_lut6_I4_O)        0.326     2.209 r  vga/vga_r_OBUF[3]_inst_i_3/O
                         net (fo=6, routed)           0.990     3.200    vga/vga_r_OBUF[3]_inst_i_3_n_0
    SLICE_X28Y40         LUT3 (Prop_lut3_I2_O)        0.152     3.352 f  vga/vga_r_OBUF[2]_inst_i_3/O
                         net (fo=9, routed)           0.786     4.137    vga/vga_r_OBUF[2]_inst_i_3_n_0
    SLICE_X29Y38         LUT6 (Prop_lut6_I2_O)        0.332     4.469 r  vga/vga_g_OBUF[0]_inst_i_1/O
                         net (fo=1, routed)           2.672     7.141    vga_g_OBUF[0]
    J17                  OBUF (Prop_obuf_I_O)         3.521    10.662 r  vga_g_OBUF[0]_inst/O
                         net (fo=0)                   0.000    10.662    vga_g[0]
    J17                                                               r  vga_g[0] (OUT)
  -------------------------------------------------------------------    -------------------

Slack:                    inf
  Source:                 frame_buffer/U0/inst_blk_mem_gen/gnbram.gnativebmg.native_blk_mem_gen/valid.cstr/has_mux_b.B/no_softecc_gmuxr.ce_pri.dout_i_reg[6]/C
                            (rising edge-triggered cell FDRE clocked by clk_out1_clk_viz_1  {rise@0.000ns fall@20.000ns period=40.000ns})
  Destination:            vga_r[2]
                            (output port)
  Path Group:             (none)
  Path Type:              Max at Slow Process Corner
  Data Path Delay:        11.569ns  (logic 5.004ns (43.254%)  route 6.565ns (56.746%))
  Logic Levels:           5  (LUT3=2 LUT6=2 OBUF=1)
  Clock Uncertainty:      0.233ns  ((TSJ^2 + DJ^2)^1/2) / 2 + PE
    Total System Jitter     (TSJ):    0.050ns
    Discrete Jitter          (DJ):    0.195ns
    Phase Error              (PE):    0.132ns

    Location             Delay type                Incr(ns)  Path(ns)    Netlist Resource(s)
  -------------------------------------------------------------------    -------------------
                         (clock clk_out1_clk_viz_1 rise edge)
                                                      0.000     0.000 r  
    W5                                                0.000     0.000 r  clk_100mhz (IN)
                         net (fo=0)                   0.000     0.000    instance_name/inst/clk_in1
    W5                   IBUF (Prop_ibuf_I_O)         1.458     1.458 r  instance_name/inst/clkin1_ibufg/O
                         net (fo=1, routed)           1.233     2.691    instance_name/inst/clk_in1_clk_viz
    MMCME2_ADV_X1Y0      MMCME2_ADV (Prop_mmcme2_adv_CLKIN1_CLKOUT0)
                                                     -6.961    -4.269 r  instance_name/inst/mmcm_adv_inst/CLKOUT0
                         net (fo=1, routed)           1.661    -2.608    instance_name/inst/clk_out1_clk_viz
    BUFGCTRL_X0Y1        BUFG (Prop_bufg_I_O)         0.096    -2.512 r  instance_name/inst/clkout1_buf/O
                         net (fo=83, routed)          1.564    -0.948    frame_buffer/U0/inst_blk_mem_gen/gnbram.gnativebmg.native_blk_mem_gen/valid.cstr/has_mux_b.B/clkb
    SLICE_X34Y43         FDRE                                         r  frame_buffer/U0/inst_blk_mem_gen/gnbram.gnativebmg.native_blk_mem_gen/valid.cstr/has_mux_b.B/no_softecc_gmuxr.ce_pri.dout_i_reg[6]/C
  -------------------------------------------------------------------    -------------------
    SLICE_X34Y43         FDRE (Prop_fdre_C_Q)         0.518    -0.430 r  frame_buffer/U0/inst_blk_mem_gen/gnbram.gnativebmg.native_blk_mem_gen/valid.cstr/has_mux_b.B/no_softecc_gmuxr.ce_pri.dout_i_reg[6]/Q
                         net (fo=6, routed)           1.320     0.890    vga/doutb[6]
    SLICE_X31Y39         LUT3 (Prop_lut3_I2_O)        0.152     1.042 f  vga/vga_r_OBUF[3]_inst_i_13/O
                         net (fo=4, routed)           0.841     1.883    vga/vga_r_OBUF[3]_inst_i_13_n_0
    SLICE_X30Y38         LUT6 (Prop_lut6_I4_O)        0.326     2.209 r  vga/vga_r_OBUF[3]_inst_i_3/O
                         net (fo=6, routed)           0.990     3.200    vga/vga_r_OBUF[3]_inst_i_3_n_0
    SLICE_X28Y40         LUT3 (Prop_lut3_I2_O)        0.152     3.352 f  vga/vga_r_OBUF[2]_inst_i_3/O
                         net (fo=9, routed)           1.021     4.372    vga/vga_r_OBUF[2]_inst_i_3_n_0
    SLICE_X29Y38         LUT6 (Prop_lut6_I2_O)        0.332     4.704 r  vga/vga_r_OBUF[2]_inst_i_1/O
                         net (fo=1, routed)           2.393     7.097    vga_r_OBUF[2]
    J19                  OBUF (Prop_obuf_I_O)         3.524    10.621 r  vga_r_OBUF[2]_inst/O
                         net (fo=0)                   0.000    10.621    vga_r[2]
    J19                                                               r  vga_r[2] (OUT)
  -------------------------------------------------------------------    -------------------

Slack:                    inf
  Source:                 frame_buffer/U0/inst_blk_mem_gen/gnbram.gnativebmg.native_blk_mem_gen/valid.cstr/has_mux_b.B/no_softecc_gmuxr.ce_pri.dout_i_reg[6]/C
                            (rising edge-triggered cell FDRE clocked by clk_out1_clk_viz_1  {rise@0.000ns fall@20.000ns period=40.000ns})
  Destination:            vga_b[3]
                            (output port)
  Path Group:             (none)
  Path Type:              Max at Slow Process Corner
  Data Path Delay:        11.329ns  (logic 4.769ns (42.093%)  route 6.560ns (57.907%))
  Logic Levels:           5  (LUT3=1 LUT6=3 OBUF=1)
  Clock Uncertainty:      0.233ns  ((TSJ^2 + DJ^2)^1/2) / 2 + PE
    Total System Jitter     (TSJ):    0.050ns
    Discrete Jitter          (DJ):    0.195ns
    Phase Error              (PE):    0.132ns

    Location             Delay type                Incr(ns)  Path(ns)    Netlist Resource(s)
  -------------------------------------------------------------------    -------------------
                         (clock clk_out1_clk_viz_1 rise edge)
                                                      0.000     0.000 r  
    W5                                                0.000     0.000 r  clk_100mhz (IN)
                         net (fo=0)                   0.000     0.000    instance_name/inst/clk_in1
    W5                   IBUF (Prop_ibuf_I_O)         1.458     1.458 r  instance_name/inst/clkin1_ibufg/O
                         net (fo=1, routed)           1.233     2.691    instance_name/inst/clk_in1_clk_viz
    MMCME2_ADV_X1Y0      MMCME2_ADV (Prop_mmcme2_adv_CLKIN1_CLKOUT0)
                                                     -6.961    -4.269 r  instance_name/inst/mmcm_adv_inst/CLKOUT0
                         net (fo=1, routed)           1.661    -2.608    instance_name/inst/clk_out1_clk_viz
    BUFGCTRL_X0Y1        BUFG (Prop_bufg_I_O)         0.096    -2.512 r  instance_name/inst/clkout1_buf/O
                         net (fo=83, routed)          1.564    -0.948    frame_buffer/U0/inst_blk_mem_gen/gnbram.gnativebmg.native_blk_mem_gen/valid.cstr/has_mux_b.B/clkb
    SLICE_X34Y43         FDRE                                         r  frame_buffer/U0/inst_blk_mem_gen/gnbram.gnativebmg.native_blk_mem_gen/valid.cstr/has_mux_b.B/no_softecc_gmuxr.ce_pri.dout_i_reg[6]/C
  -------------------------------------------------------------------    -------------------
    SLICE_X34Y43         FDRE (Prop_fdre_C_Q)         0.518    -0.430 f  frame_buffer/U0/inst_blk_mem_gen/gnbram.gnativebmg.native_blk_mem_gen/valid.cstr/has_mux_b.B/no_softecc_gmuxr.ce_pri.dout_i_reg[6]/Q
                         net (fo=6, routed)           1.320     0.890    vga/doutb[6]
    SLICE_X31Y39         LUT3 (Prop_lut3_I2_O)        0.152     1.042 r  vga/vga_r_OBUF[3]_inst_i_13/O
                         net (fo=4, routed)           0.827     1.869    vga/vga_r_OBUF[3]_inst_i_13_n_0
    SLICE_X30Y38         LUT6 (Prop_lut6_I4_O)        0.326     2.195 r  vga/vga_r_OBUF[2]_inst_i_5/O
                         net (fo=5, routed)           1.002     3.197    vga/vga_r_OBUF[2]_inst_i_5_n_0
    SLICE_X29Y39         LUT6 (Prop_lut6_I3_O)        0.124     3.321 f  vga/vga_r_OBUF[3]_inst_i_2/O
                         net (fo=9, routed)           0.872     4.194    vga/vga_r_OBUF[3]_inst_i_2_n_0
    SLICE_X29Y38         LUT6 (Prop_lut6_I4_O)        0.124     4.318 r  vga/vga_b_OBUF[3]_inst_i_1/O
                         net (fo=1, routed)           2.539     6.857    vga_b_OBUF[3]
    J18                  OBUF (Prop_obuf_I_O)         3.525    10.382 r  vga_b_OBUF[3]_inst/O
                         net (fo=0)                   0.000    10.382    vga_b[3]
    J18                                                               r  vga_b[3] (OUT)
  -------------------------------------------------------------------    -------------------

Slack:                    inf
  Source:                 frame_buffer/U0/inst_blk_mem_gen/gnbram.gnativebmg.native_blk_mem_gen/valid.cstr/has_mux_b.B/no_softecc_gmuxr.ce_pri.dout_i_reg[6]/C
                            (rising edge-triggered cell FDRE clocked by clk_out1_clk_viz_1  {rise@0.000ns fall@20.000ns period=40.000ns})
  Destination:            vga_r[1]
                            (output port)
  Path Group:             (none)
  Path Type:              Max at Slow Process Corner
  Data Path Delay:        11.238ns  (logic 4.999ns (44.485%)  route 6.239ns (55.515%))
  Logic Levels:           5  (LUT3=2 LUT6=2 OBUF=1)
  Clock Uncertainty:      0.233ns  ((TSJ^2 + DJ^2)^1/2) / 2 + PE
    Total System Jitter     (TSJ):    0.050ns
    Discrete Jitter          (DJ):    0.195ns
    Phase Error              (PE):    0.132ns

    Location             Delay type                Incr(ns)  Path(ns)    Netlist Resource(s)
  -------------------------------------------------------------------    -------------------
                         (clock clk_out1_clk_viz_1 rise edge)
                                                      0.000     0.000 r  
    W5                                                0.000     0.000 r  clk_100mhz (IN)
                         net (fo=0)                   0.000     0.000    instance_name/inst/clk_in1
    W5                   IBUF (Prop_ibuf_I_O)         1.458     1.458 r  instance_name/inst/clkin1_ibufg/O
                         net (fo=1, routed)           1.233     2.691    instance_name/inst/clk_in1_clk_viz
    MMCME2_ADV_X1Y0      MMCME2_ADV (Prop_mmcme2_adv_CLKIN1_CLKOUT0)
                                                     -6.961    -4.269 r  instance_name/inst/mmcm_adv_inst/CLKOUT0
                         net (fo=1, routed)           1.661    -2.608    instance_name/inst/clk_out1_clk_viz
    BUFGCTRL_X0Y1        BUFG (Prop_bufg_I_O)         0.096    -2.512 r  instance_name/inst/clkout1_buf/O
                         net (fo=83, routed)          1.564    -0.948    frame_buffer/U0/inst_blk_mem_gen/gnbram.gnativebmg.native_blk_mem_gen/valid.cstr/has_mux_b.B/clkb
    SLICE_X34Y43         FDRE                                         r  frame_buffer/U0/inst_blk_mem_gen/gnbram.gnativebmg.native_blk_mem_gen/valid.cstr/has_mux_b.B/no_softecc_gmuxr.ce_pri.dout_i_reg[6]/C
  -------------------------------------------------------------------    -------------------
    SLICE_X34Y43         FDRE (Prop_fdre_C_Q)         0.518    -0.430 r  frame_buffer/U0/inst_blk_mem_gen/gnbram.gnativebmg.native_blk_mem_gen/valid.cstr/has_mux_b.B/no_softecc_gmuxr.ce_pri.dout_i_reg[6]/Q
                         net (fo=6, routed)           1.320     0.890    vga/doutb[6]
    SLICE_X31Y39         LUT3 (Prop_lut3_I2_O)        0.152     1.042 f  vga/vga_r_OBUF[3]_inst_i_13/O
                         net (fo=4, routed)           0.841     1.883    vga/vga_r_OBUF[3]_inst_i_13_n_0
    SLICE_X30Y38         LUT6 (Prop_lut6_I4_O)        0.326     2.209 r  vga/vga_r_OBUF[3]_inst_i_3/O
                         net (fo=6, routed)           0.990     3.200    vga/vga_r_OBUF[3]_inst_i_3_n_0
    SLICE_X28Y40         LUT3 (Prop_lut3_I2_O)        0.152     3.352 f  vga/vga_r_OBUF[2]_inst_i_3/O
                         net (fo=9, routed)           0.554     3.906    vga/vga_r_OBUF[2]_inst_i_3_n_0
    SLICE_X29Y40         LUT6 (Prop_lut6_I2_O)        0.332     4.238 r  vga/vga_r_OBUF[1]_inst_i_1/O
                         net (fo=1, routed)           2.533     6.771    vga_r_OBUF[1]
    H19                  OBUF (Prop_obuf_I_O)         3.519    10.291 r  vga_r_OBUF[1]_inst/O
                         net (fo=0)                   0.000    10.291    vga_r[1]
    H19                                                               r  vga_r[1] (OUT)
  -------------------------------------------------------------------    -------------------

Slack:                    inf
  Source:                 frame_buffer/U0/inst_blk_mem_gen/gnbram.gnativebmg.native_blk_mem_gen/valid.cstr/has_mux_b.B/no_softecc_gmuxr.ce_pri.dout_i_reg[6]/C
                            (rising edge-triggered cell FDRE clocked by clk_out1_clk_viz_1  {rise@0.000ns fall@20.000ns period=40.000ns})
  Destination:            vga_g[2]
                            (output port)
  Path Group:             (none)
  Path Type:              Max at Slow Process Corner
  Data Path Delay:        11.185ns  (logic 5.009ns (44.783%)  route 6.176ns (55.217%))
  Logic Levels:           5  (LUT3=2 LUT6=2 OBUF=1)
  Clock Uncertainty:      0.233ns  ((TSJ^2 + DJ^2)^1/2) / 2 + PE
    Total System Jitter     (TSJ):    0.050ns
    Discrete Jitter          (DJ):    0.195ns
    Phase Error              (PE):    0.132ns

    Location             Delay type                Incr(ns)  Path(ns)    Netlist Resource(s)
  -------------------------------------------------------------------    -------------------
                         (clock clk_out1_clk_viz_1 rise edge)
                                                      0.000     0.000 r  
    W5                                                0.000     0.000 r  clk_100mhz (IN)
                         net (fo=0)                   0.000     0.000    instance_name/inst/clk_in1
    W5                   IBUF (Prop_ibuf_I_O)         1.458     1.458 r  instance_name/inst/clkin1_ibufg/O
                         net (fo=1, routed)           1.233     2.691    instance_name/inst/clk_in1_clk_viz
    MMCME2_ADV_X1Y0      MMCME2_ADV (Prop_mmcme2_adv_CLKIN1_CLKOUT0)
                                                     -6.961    -4.269 r  instance_name/inst/mmcm_adv_inst/CLKOUT0
                         net (fo=1, routed)           1.661    -2.608    instance_name/inst/clk_out1_clk_viz
    BUFGCTRL_X0Y1        BUFG (Prop_bufg_I_O)         0.096    -2.512 r  instance_name/inst/clkout1_buf/O
                         net (fo=83, routed)          1.564    -0.948    frame_buffer/U0/inst_blk_mem_gen/gnbram.gnativebmg.native_blk_mem_gen/valid.cstr/has_mux_b.B/clkb
    SLICE_X34Y43         FDRE                                         r  frame_buffer/U0/inst_blk_mem_gen/gnbram.gnativebmg.native_blk_mem_gen/valid.cstr/has_mux_b.B/no_softecc_gmuxr.ce_pri.dout_i_reg[6]/C
  -------------------------------------------------------------------    -------------------
    SLICE_X34Y43         FDRE (Prop_fdre_C_Q)         0.518    -0.430 r  frame_buffer/U0/inst_blk_mem_gen/gnbram.gnativebmg.native_blk_mem_gen/valid.cstr/has_mux_b.B/no_softecc_gmuxr.ce_pri.dout_i_reg[6]/Q
                         net (fo=6, routed)           1.320     0.890    vga/doutb[6]
    SLICE_X31Y39         LUT3 (Prop_lut3_I2_O)        0.152     1.042 f  vga/vga_r_OBUF[3]_inst_i_13/O
                         net (fo=4, routed)           0.841     1.883    vga/vga_r_OBUF[3]_inst_i_13_n_0
    SLICE_X30Y38         LUT6 (Prop_lut6_I4_O)        0.326     2.209 r  vga/vga_r_OBUF[3]_inst_i_3/O
                         net (fo=6, routed)           0.990     3.200    vga/vga_r_OBUF[3]_inst_i_3_n_0
    SLICE_X28Y40         LUT3 (Prop_lut3_I2_O)        0.152     3.352 f  vga/vga_r_OBUF[2]_inst_i_3/O
                         net (fo=9, routed)           0.497     3.848    vga/vga_r_OBUF[2]_inst_i_3_n_0
    SLICE_X28Y39         LUT6 (Prop_lut6_I2_O)        0.332     4.180 r  vga/vga_g_OBUF[2]_inst_i_1/O
                         net (fo=1, routed)           2.529     6.709    vga_g_OBUF[2]
    G17                  OBUF (Prop_obuf_I_O)         3.529    10.238 r  vga_g_OBUF[2]_inst/O
                         net (fo=0)                   0.000    10.238    vga_g[2]
    G17                                                               r  vga_g[2] (OUT)
  -------------------------------------------------------------------    -------------------

Slack:                    inf
  Source:                 frame_buffer/U0/inst_blk_mem_gen/gnbram.gnativebmg.native_blk_mem_gen/valid.cstr/has_mux_b.B/no_softecc_gmuxr.ce_pri.dout_i_reg[6]/C
                            (rising edge-triggered cell FDRE clocked by clk_out1_clk_viz_1  {rise@0.000ns fall@20.000ns period=40.000ns})
  Destination:            vga_g[1]
                            (output port)
  Path Group:             (none)
  Path Type:              Max at Slow Process Corner
  Data Path Delay:        11.166ns  (logic 4.985ns (44.650%)  route 6.180ns (55.350%))
  Logic Levels:           5  (LUT3=2 LUT6=2 OBUF=1)
  Clock Uncertainty:      0.233ns  ((TSJ^2 + DJ^2)^1/2) / 2 + PE
    Total System Jitter     (TSJ):    0.050ns
    Discrete Jitter          (DJ):    0.195ns
    Phase Error              (PE):    0.132ns

    Location             Delay type                Incr(ns)  Path(ns)    Netlist Resource(s)
  -------------------------------------------------------------------    -------------------
                         (clock clk_out1_clk_viz_1 rise edge)
                                                      0.000     0.000 r  
    W5                                                0.000     0.000 r  clk_100mhz (IN)
                         net (fo=0)                   0.000     0.000    instance_name/inst/clk_in1
    W5                   IBUF (Prop_ibuf_I_O)         1.458     1.458 r  instance_name/inst/clkin1_ibufg/O
                         net (fo=1, routed)           1.233     2.691    instance_name/inst/clk_in1_clk_viz
    MMCME2_ADV_X1Y0      MMCME2_ADV (Prop_mmcme2_adv_CLKIN1_CLKOUT0)
                                                     -6.961    -4.269 r  instance_name/inst/mmcm_adv_inst/CLKOUT0
                         net (fo=1, routed)           1.661    -2.608    instance_name/inst/clk_out1_clk_viz
    BUFGCTRL_X0Y1        BUFG (Prop_bufg_I_O)         0.096    -2.512 r  instance_name/inst/clkout1_buf/O
                         net (fo=83, routed)          1.564    -0.948    frame_buffer/U0/inst_blk_mem_gen/gnbram.gnativebmg.native_blk_mem_gen/valid.cstr/has_mux_b.B/clkb
    SLICE_X34Y43         FDRE                                         r  frame_buffer/U0/inst_blk_mem_gen/gnbram.gnativebmg.native_blk_mem_gen/valid.cstr/has_mux_b.B/no_softecc_gmuxr.ce_pri.dout_i_reg[6]/C
  -------------------------------------------------------------------    -------------------
    SLICE_X34Y43         FDRE (Prop_fdre_C_Q)         0.518    -0.430 r  frame_buffer/U0/inst_blk_mem_gen/gnbram.gnativebmg.native_blk_mem_gen/valid.cstr/has_mux_b.B/no_softecc_gmuxr.ce_pri.dout_i_reg[6]/Q
                         net (fo=6, routed)           1.320     0.890    vga/doutb[6]
    SLICE_X31Y39         LUT3 (Prop_lut3_I2_O)        0.152     1.042 f  vga/vga_r_OBUF[3]_inst_i_13/O
                         net (fo=4, routed)           0.841     1.883    vga/vga_r_OBUF[3]_inst_i_13_n_0
    SLICE_X30Y38         LUT6 (Prop_lut6_I4_O)        0.326     2.209 r  vga/vga_r_OBUF[3]_inst_i_3/O
                         net (fo=6, routed)           0.990     3.200    vga/vga_r_OBUF[3]_inst_i_3_n_0
    SLICE_X28Y40         LUT3 (Prop_lut3_I2_O)        0.152     3.352 f  vga/vga_r_OBUF[2]_inst_i_3/O
                         net (fo=9, routed)           0.501     3.853    vga/vga_r_OBUF[2]_inst_i_3_n_0
    SLICE_X28Y39         LUT6 (Prop_lut6_I2_O)        0.332     4.185 r  vga/vga_g_OBUF[1]_inst_i_1/O
                         net (fo=1, routed)           2.528     6.713    vga_g_OBUF[1]
    H17                  OBUF (Prop_obuf_I_O)         3.505    10.218 r  vga_g_OBUF[1]_inst/O
                         net (fo=0)                   0.000    10.218    vga_g[1]
    H17                                                               r  vga_g[1] (OUT)
  -------------------------------------------------------------------    -------------------





Min Delay Paths
--------------------------------------------------------------------------------------
Slack:                    inf
  Source:                 config_unit/rom_addr_reg[2]/C
                            (rising edge-triggered cell FDRE clocked by clk_out1_clk_viz_1  {rise@0.000ns fall@20.000ns period=40.000ns})
  Destination:            config_unit/sccb/tx_data_reg[13]/D
  Path Group:             (none)
  Path Type:              Min at Slow Process Corner
  Data Path Delay:        0.688ns  (logic 0.518ns (75.253%)  route 0.170ns (24.747%))
  Logic Levels:           1  (LUT6=1)
  Clock Uncertainty:      0.233ns  ((TSJ^2 + DJ^2)^1/2) / 2 + PE
    Total System Jitter     (TSJ):    0.050ns
    Discrete Jitter          (DJ):    0.195ns
    Phase Error              (PE):    0.132ns

    Location             Delay type                Incr(ns)  Path(ns)    Netlist Resource(s)
  -------------------------------------------------------------------    -------------------
                         (clock clk_out1_clk_viz_1 rise edge)
                                                      0.000     0.000 r  
    W5                                                0.000     0.000 r  clk_100mhz (IN)
                         net (fo=0)                   0.000     0.000    instance_name/inst/clk_in1
    W5                   IBUF (Prop_ibuf_I_O)         1.388     1.388 r  instance_name/inst/clkin1_ibufg/O
                         net (fo=1, routed)           1.162     2.550    instance_name/inst/clk_in1_clk_viz
    MMCME2_ADV_X1Y0      MMCME2_ADV (Prop_mmcme2_adv_CLKIN1_CLKOUT0)
                                                     -7.217    -4.668 r  instance_name/inst/mmcm_adv_inst/CLKOUT0
                         net (fo=1, routed)           1.581    -3.086    instance_name/inst/clk_out1_clk_viz
    BUFGCTRL_X0Y1        BUFG (Prop_bufg_I_O)         0.091    -2.995 r  instance_name/inst/clkout1_buf/O
                         net (fo=83, routed)          1.519    -1.476    config_unit/CLK
    SLICE_X2Y5           FDRE                                         r  config_unit/rom_addr_reg[2]/C
  -------------------------------------------------------------------    -------------------
    SLICE_X2Y5           FDRE (Prop_fdre_C_Q)         0.418    -1.058 r  config_unit/rom_addr_reg[2]/Q
                         net (fo=12, routed)          0.170    -0.888    config_unit/sccb/Q[2]
    SLICE_X3Y5           LUT6 (Prop_lut6_I0_O)        0.100    -0.788 r  config_unit/sccb/tx_data[13]_i_2/O
                         net (fo=1, routed)           0.000    -0.788    config_unit/sccb/tx_data[13]_i_2_n_0
    SLICE_X3Y5           FDRE                                         r  config_unit/sccb/tx_data_reg[13]/D
  -------------------------------------------------------------------    -------------------

Slack:                    inf
  Source:                 config_unit/rom_addr_reg[0]/C
                            (rising edge-triggered cell FDRE clocked by clk_out1_clk_viz_1  {rise@0.000ns fall@20.000ns period=40.000ns})
  Destination:            config_unit/sccb/tx_data_reg[7]/D
  Path Group:             (none)
  Path Type:              Min at Slow Process Corner
  Data Path Delay:        0.799ns  (logic 0.513ns (64.220%)  route 0.286ns (35.780%))
  Logic Levels:           1  (LUT4=1)
  Clock Uncertainty:      0.233ns  ((TSJ^2 + DJ^2)^1/2) / 2 + PE
    Total System Jitter     (TSJ):    0.050ns
    Discrete Jitter          (DJ):    0.195ns
    Phase Error              (PE):    0.132ns

    Location             Delay type                Incr(ns)  Path(ns)    Netlist Resource(s)
  -------------------------------------------------------------------    -------------------
                         (clock clk_out1_clk_viz_1 rise edge)
                                                      0.000     0.000 r  
    W5                                                0.000     0.000 r  clk_100mhz (IN)
                         net (fo=0)                   0.000     0.000    instance_name/inst/clk_in1
    W5                   IBUF (Prop_ibuf_I_O)         1.388     1.388 r  instance_name/inst/clkin1_ibufg/O
                         net (fo=1, routed)           1.162     2.550    instance_name/inst/clk_in1_clk_viz
    MMCME2_ADV_X1Y0      MMCME2_ADV (Prop_mmcme2_adv_CLKIN1_CLKOUT0)
                                                     -7.217    -4.668 r  instance_name/inst/mmcm_adv_inst/CLKOUT0
                         net (fo=1, routed)           1.581    -3.086    instance_name/inst/clk_out1_clk_viz
    BUFGCTRL_X0Y1        BUFG (Prop_bufg_I_O)         0.091    -2.995 r  instance_name/inst/clkout1_buf/O
                         net (fo=83, routed)          1.519    -1.476    config_unit/CLK
    SLICE_X2Y5           FDRE                                         r  config_unit/rom_addr_reg[0]/C
  -------------------------------------------------------------------    -------------------
    SLICE_X2Y5           FDRE (Prop_fdre_C_Q)         0.418    -1.058 r  config_unit/rom_addr_reg[0]/Q
                         net (fo=12, routed)          0.286    -0.772    config_unit/sccb/Q[0]
    SLICE_X3Y5           LUT4 (Prop_lut4_I3_O)        0.095    -0.677 r  config_unit/sccb/tx_data[7]_i_1/O
                         net (fo=1, routed)           0.000    -0.677    config_unit/sccb/tx_data[7]_i_1_n_0
    SLICE_X3Y5           FDRE                                         r  config_unit/sccb/tx_data_reg[7]/D
  -------------------------------------------------------------------    -------------------

Slack:                    inf
  Source:                 config_unit/rom_addr_reg[0]/C
                            (rising edge-triggered cell FDRE clocked by clk_out1_clk_viz_1  {rise@0.000ns fall@20.000ns period=40.000ns})
  Destination:            config_unit/sccb/tx_data_reg[2]/D
  Path Group:             (none)
  Path Type:              Min at Slow Process Corner
  Data Path Delay:        0.804ns  (logic 0.518ns (64.442%)  route 0.286ns (35.558%))
  Logic Levels:           1  (LUT4=1)
  Clock Uncertainty:      0.233ns  ((TSJ^2 + DJ^2)^1/2) / 2 + PE
    Total System Jitter     (TSJ):    0.050ns
    Discrete Jitter          (DJ):    0.195ns
    Phase Error              (PE):    0.132ns

    Location             Delay type                Incr(ns)  Path(ns)    Netlist Resource(s)
  -------------------------------------------------------------------    -------------------
                         (clock clk_out1_clk_viz_1 rise edge)
                                                      0.000     0.000 r  
    W5                                                0.000     0.000 r  clk_100mhz (IN)
                         net (fo=0)                   0.000     0.000    instance_name/inst/clk_in1
    W5                   IBUF (Prop_ibuf_I_O)         1.388     1.388 r  instance_name/inst/clkin1_ibufg/O
                         net (fo=1, routed)           1.162     2.550    instance_name/inst/clk_in1_clk_viz
    MMCME2_ADV_X1Y0      MMCME2_ADV (Prop_mmcme2_adv_CLKIN1_CLKOUT0)
                                                     -7.217    -4.668 r  instance_name/inst/mmcm_adv_inst/CLKOUT0
                         net (fo=1, routed)           1.581    -3.086    instance_name/inst/clk_out1_clk_viz
    BUFGCTRL_X0Y1        BUFG (Prop_bufg_I_O)         0.091    -2.995 r  instance_name/inst/clkout1_buf/O
                         net (fo=83, routed)          1.519    -1.476    config_unit/CLK
    SLICE_X2Y5           FDRE                                         r  config_unit/rom_addr_reg[0]/C
  -------------------------------------------------------------------    -------------------
    SLICE_X2Y5           FDRE (Prop_fdre_C_Q)         0.418    -1.058 r  config_unit/rom_addr_reg[0]/Q
                         net (fo=12, routed)          0.286    -0.772    config_unit/sccb/Q[0]
    SLICE_X3Y5           LUT4 (Prop_lut4_I0_O)        0.100    -0.672 r  config_unit/sccb/tx_data[2]_i_1/O
                         net (fo=1, routed)           0.000    -0.672    config_unit/sccb/tx_data[2]_i_1_n_0
    SLICE_X3Y5           FDRE                                         r  config_unit/sccb/tx_data_reg[2]/D
  -------------------------------------------------------------------    -------------------

Slack:                    inf
  Source:                 config_unit/rom_addr_reg[0]/C
                            (rising edge-triggered cell FDRE clocked by clk_out1_clk_viz_1  {rise@0.000ns fall@20.000ns period=40.000ns})
  Destination:            config_unit/sccb/tx_data_reg[4]/D
  Path Group:             (none)
  Path Type:              Min at Slow Process Corner
  Data Path Delay:        0.806ns  (logic 0.518ns (64.282%)  route 0.288ns (35.718%))
  Logic Levels:           1  (LUT4=1)
  Clock Uncertainty:      0.233ns  ((TSJ^2 + DJ^2)^1/2) / 2 + PE
    Total System Jitter     (TSJ):    0.050ns
    Discrete Jitter          (DJ):    0.195ns
    Phase Error              (PE):    0.132ns

    Location             Delay type                Incr(ns)  Path(ns)    Netlist Resource(s)
  -------------------------------------------------------------------    -------------------
                         (clock clk_out1_clk_viz_1 rise edge)
                                                      0.000     0.000 r  
    W5                                                0.000     0.000 r  clk_100mhz (IN)
                         net (fo=0)                   0.000     0.000    instance_name/inst/clk_in1
    W5                   IBUF (Prop_ibuf_I_O)         1.388     1.388 r  instance_name/inst/clkin1_ibufg/O
                         net (fo=1, routed)           1.162     2.550    instance_name/inst/clk_in1_clk_viz
    MMCME2_ADV_X1Y0      MMCME2_ADV (Prop_mmcme2_adv_CLKIN1_CLKOUT0)
                                                     -7.217    -4.668 r  instance_name/inst/mmcm_adv_inst/CLKOUT0
                         net (fo=1, routed)           1.581    -3.086    instance_name/inst/clk_out1_clk_viz
    BUFGCTRL_X0Y1        BUFG (Prop_bufg_I_O)         0.091    -2.995 r  instance_name/inst/clkout1_buf/O
                         net (fo=83, routed)          1.519    -1.476    config_unit/CLK
    SLICE_X2Y5           FDRE                                         r  config_unit/rom_addr_reg[0]/C
  -------------------------------------------------------------------    -------------------
    SLICE_X2Y5           FDRE (Prop_fdre_C_Q)         0.418    -1.058 r  config_unit/rom_addr_reg[0]/Q
                         net (fo=12, routed)          0.288    -0.770    config_unit/sccb/Q[0]
    SLICE_X3Y5           LUT4 (Prop_lut4_I2_O)        0.100    -0.670 r  config_unit/sccb/tx_data[4]_i_1/O
                         net (fo=1, routed)           0.000    -0.670    config_unit/sccb/tx_data[4]_i_1_n_0
    SLICE_X3Y5           FDRE                                         r  config_unit/sccb/tx_data_reg[4]/D
  -------------------------------------------------------------------    -------------------

Slack:                    inf
  Source:                 config_unit/rom_addr_reg[2]/C
                            (rising edge-triggered cell FDRE clocked by clk_out1_clk_viz_1  {rise@0.000ns fall@20.000ns period=40.000ns})
  Destination:            config_unit/sccb/tx_data_reg[9]/D
  Path Group:             (none)
  Path Type:              Min at Slow Process Corner
  Data Path Delay:        0.937ns  (logic 0.539ns (57.503%)  route 0.398ns (42.497%))
  Logic Levels:           1  (LUT3=1)
  Clock Uncertainty:      0.233ns  ((TSJ^2 + DJ^2)^1/2) / 2 + PE
    Total System Jitter     (TSJ):    0.050ns
    Discrete Jitter          (DJ):    0.195ns
    Phase Error              (PE):    0.132ns

    Location             Delay type                Incr(ns)  Path(ns)    Netlist Resource(s)
  -------------------------------------------------------------------    -------------------
                         (clock clk_out1_clk_viz_1 rise edge)
                                                      0.000     0.000 r  
    W5                                                0.000     0.000 r  clk_100mhz (IN)
                         net (fo=0)                   0.000     0.000    instance_name/inst/clk_in1
    W5                   IBUF (Prop_ibuf_I_O)         1.388     1.388 r  instance_name/inst/clkin1_ibufg/O
                         net (fo=1, routed)           1.162     2.550    instance_name/inst/clk_in1_clk_viz
    MMCME2_ADV_X1Y0      MMCME2_ADV (Prop_mmcme2_adv_CLKIN1_CLKOUT0)
                                                     -7.217    -4.668 r  instance_name/inst/mmcm_adv_inst/CLKOUT0
                         net (fo=1, routed)           1.581    -3.086    instance_name/inst/clk_out1_clk_viz
    BUFGCTRL_X0Y1        BUFG (Prop_bufg_I_O)         0.091    -2.995 r  instance_name/inst/clkout1_buf/O
                         net (fo=83, routed)          1.519    -1.476    config_unit/CLK
    SLICE_X2Y5           FDRE                                         r  config_unit/rom_addr_reg[2]/C
  -------------------------------------------------------------------    -------------------
    SLICE_X2Y5           FDRE (Prop_fdre_C_Q)         0.418    -1.058 r  config_unit/rom_addr_reg[2]/Q
                         net (fo=12, routed)          0.398    -0.660    config_unit/sccb/Q[2]
    SLICE_X3Y5           LUT3 (Prop_lut3_I1_O)        0.121    -0.539 r  config_unit/sccb/tx_data[9]_i_1/O
                         net (fo=1, routed)           0.000    -0.539    config_unit/sccb/tx_data[9]_i_1_n_0
    SLICE_X3Y5           FDRE                                         r  config_unit/sccb/tx_data_reg[9]/D
  -------------------------------------------------------------------    -------------------

Slack:                    inf
  Source:                 config_unit/start_reg/C
                            (rising edge-triggered cell FDRE clocked by clk_out1_clk_viz_1  {rise@0.000ns fall@20.000ns period=40.000ns})
  Destination:            config_unit/sccb/FSM_sequential_state_reg[0]/D
  Path Group:             (none)
  Path Type:              Min at Slow Process Corner
  Data Path Delay:        0.981ns  (logic 0.467ns (47.613%)  route 0.514ns (52.387%))
  Logic Levels:           1  (LUT5=1)
  Clock Uncertainty:      0.233ns  ((TSJ^2 + DJ^2)^1/2) / 2 + PE
    Total System Jitter     (TSJ):    0.050ns
    Discrete Jitter          (DJ):    0.195ns
    Phase Error              (PE):    0.132ns

    Location             Delay type                Incr(ns)  Path(ns)    Netlist Resource(s)
  -------------------------------------------------------------------    -------------------
                         (clock clk_out1_clk_viz_1 rise edge)
                                                      0.000     0.000 r  
    W5                                                0.000     0.000 r  clk_100mhz (IN)
                         net (fo=0)                   0.000     0.000    instance_name/inst/clk_in1
    W5                   IBUF (Prop_ibuf_I_O)         1.388     1.388 r  instance_name/inst/clkin1_ibufg/O
                         net (fo=1, routed)           1.162     2.550    instance_name/inst/clk_in1_clk_viz
    MMCME2_ADV_X1Y0      MMCME2_ADV (Prop_mmcme2_adv_CLKIN1_CLKOUT0)
                                                     -7.217    -4.668 r  instance_name/inst/mmcm_adv_inst/CLKOUT0
                         net (fo=1, routed)           1.581    -3.086    instance_name/inst/clk_out1_clk_viz
    BUFGCTRL_X0Y1        BUFG (Prop_bufg_I_O)         0.091    -2.995 r  instance_name/inst/clkout1_buf/O
                         net (fo=83, routed)          1.519    -1.476    config_unit/CLK
    SLICE_X1Y5           FDRE                                         r  config_unit/start_reg/C
  -------------------------------------------------------------------    -------------------
    SLICE_X1Y5           FDRE (Prop_fdre_C_Q)         0.367    -1.109 r  config_unit/start_reg/Q
                         net (fo=6, routed)           0.514    -0.595    config_unit/sccb/ready_reg_0
    SLICE_X1Y6           LUT5 (Prop_lut5_I1_O)        0.100    -0.495 r  config_unit/sccb/FSM_sequential_state[0]_i_1/O
                         net (fo=1, routed)           0.000    -0.495    config_unit/sccb/FSM_sequential_state[0]_i_1_n_0
    SLICE_X1Y6           FDRE                                         r  config_unit/sccb/FSM_sequential_state_reg[0]/D
  -------------------------------------------------------------------    -------------------

Slack:                    inf
  Source:                 config_unit/start_reg/C
                            (rising edge-triggered cell FDRE clocked by clk_out1_clk_viz_1  {rise@0.000ns fall@20.000ns period=40.000ns})
  Destination:            config_unit/sccb/ready_reg/D
  Path Group:             (none)
  Path Type:              Min at Slow Process Corner
  Data Path Delay:        1.212ns  (logic 0.490ns (40.442%)  route 0.722ns (59.558%))
  Logic Levels:           1  (LUT5=1)
  Clock Uncertainty:      0.233ns  ((TSJ^2 + DJ^2)^1/2) / 2 + PE
    Total System Jitter     (TSJ):    0.050ns
    Discrete Jitter          (DJ):    0.195ns
    Phase Error              (PE):    0.132ns

    Location             Delay type                Incr(ns)  Path(ns)    Netlist Resource(s)
  -------------------------------------------------------------------    -------------------
                         (clock clk_out1_clk_viz_1 rise edge)
                                                      0.000     0.000 r  
    W5                                                0.000     0.000 r  clk_100mhz (IN)
                         net (fo=0)                   0.000     0.000    instance_name/inst/clk_in1
    W5                   IBUF (Prop_ibuf_I_O)         1.388     1.388 r  instance_name/inst/clkin1_ibufg/O
                         net (fo=1, routed)           1.162     2.550    instance_name/inst/clk_in1_clk_viz
    MMCME2_ADV_X1Y0      MMCME2_ADV (Prop_mmcme2_adv_CLKIN1_CLKOUT0)
                                                     -7.217    -4.668 r  instance_name/inst/mmcm_adv_inst/CLKOUT0
                         net (fo=1, routed)           1.581    -3.086    instance_name/inst/clk_out1_clk_viz
    BUFGCTRL_X0Y1        BUFG (Prop_bufg_I_O)         0.091    -2.995 r  instance_name/inst/clkout1_buf/O
                         net (fo=83, routed)          1.519    -1.476    config_unit/CLK
    SLICE_X1Y5           FDRE                                         r  config_unit/start_reg/C
  -------------------------------------------------------------------    -------------------
    SLICE_X1Y5           FDRE (Prop_fdre_C_Q)         0.367    -1.109 f  config_unit/start_reg/Q
                         net (fo=6, routed)           0.722    -0.387    config_unit/sccb/ready_reg_0
    SLICE_X1Y6           LUT5 (Prop_lut5_I4_O)        0.123    -0.264 r  config_unit/sccb/ready_i_1/O
                         net (fo=1, routed)           0.000    -0.264    config_unit/sccb/ready_i_1_n_0
    SLICE_X1Y6           FDRE                                         r  config_unit/sccb/ready_reg/D
  -------------------------------------------------------------------    -------------------

Slack:                    inf
  Source:                 config_unit/start_reg/C
                            (rising edge-triggered cell FDRE clocked by clk_out1_clk_viz_1  {rise@0.000ns fall@20.000ns period=40.000ns})
  Destination:            config_unit/sccb/tx_data_reg[13]/CE
  Path Group:             (none)
  Path Type:              Min at Slow Process Corner
  Data Path Delay:        1.283ns  (logic 0.467ns (36.407%)  route 0.816ns (63.593%))
  Logic Levels:           1  (LUT4=1)
  Clock Uncertainty:      0.233ns  ((TSJ^2 + DJ^2)^1/2) / 2 + PE
    Total System Jitter     (TSJ):    0.050ns
    Discrete Jitter          (DJ):    0.195ns
    Phase Error              (PE):    0.132ns

    Location             Delay type                Incr(ns)  Path(ns)    Netlist Resource(s)
  -------------------------------------------------------------------    -------------------
                         (clock clk_out1_clk_viz_1 rise edge)
                                                      0.000     0.000 r  
    W5                                                0.000     0.000 r  clk_100mhz (IN)
                         net (fo=0)                   0.000     0.000    instance_name/inst/clk_in1
    W5                   IBUF (Prop_ibuf_I_O)         1.388     1.388 r  instance_name/inst/clkin1_ibufg/O
                         net (fo=1, routed)           1.162     2.550    instance_name/inst/clk_in1_clk_viz
    MMCME2_ADV_X1Y0      MMCME2_ADV (Prop_mmcme2_adv_CLKIN1_CLKOUT0)
                                                     -7.217    -4.668 r  instance_name/inst/mmcm_adv_inst/CLKOUT0
                         net (fo=1, routed)           1.581    -3.086    instance_name/inst/clk_out1_clk_viz
    BUFGCTRL_X0Y1        BUFG (Prop_bufg_I_O)         0.091    -2.995 r  instance_name/inst/clkout1_buf/O
                         net (fo=83, routed)          1.519    -1.476    config_unit/CLK
    SLICE_X1Y5           FDRE                                         r  config_unit/start_reg/C
  -------------------------------------------------------------------    -------------------
    SLICE_X1Y5           FDRE (Prop_fdre_C_Q)         0.367    -1.109 r  config_unit/start_reg/Q
                         net (fo=6, routed)           0.534    -0.575    config_unit/sccb/ready_reg_0
    SLICE_X1Y5           LUT4 (Prop_lut4_I0_O)        0.100    -0.475 r  config_unit/sccb/tx_data[13]_i_1/O
                         net (fo=7, routed)           0.282    -0.193    config_unit/sccb/tx_data[0]
    SLICE_X3Y5           FDRE                                         r  config_unit/sccb/tx_data_reg[13]/CE
  -------------------------------------------------------------------    -------------------

Slack:                    inf
  Source:                 config_unit/start_reg/C
                            (rising edge-triggered cell FDRE clocked by clk_out1_clk_viz_1  {rise@0.000ns fall@20.000ns period=40.000ns})
  Destination:            config_unit/sccb/tx_data_reg[2]/CE
  Path Group:             (none)
  Path Type:              Min at Slow Process Corner
  Data Path Delay:        1.283ns  (logic 0.467ns (36.407%)  route 0.816ns (63.593%))
  Logic Levels:           1  (LUT4=1)
  Clock Uncertainty:      0.233ns  ((TSJ^2 + DJ^2)^1/2) / 2 + PE
    Total System Jitter     (TSJ):    0.050ns
    Discrete Jitter          (DJ):    0.195ns
    Phase Error              (PE):    0.132ns

    Location             Delay type                Incr(ns)  Path(ns)    Netlist Resource(s)
  -------------------------------------------------------------------    -------------------
                         (clock clk_out1_clk_viz_1 rise edge)
                                                      0.000     0.000 r  
    W5                                                0.000     0.000 r  clk_100mhz (IN)
                         net (fo=0)                   0.000     0.000    instance_name/inst/clk_in1
    W5                   IBUF (Prop_ibuf_I_O)         1.388     1.388 r  instance_name/inst/clkin1_ibufg/O
                         net (fo=1, routed)           1.162     2.550    instance_name/inst/clk_in1_clk_viz
    MMCME2_ADV_X1Y0      MMCME2_ADV (Prop_mmcme2_adv_CLKIN1_CLKOUT0)
                                                     -7.217    -4.668 r  instance_name/inst/mmcm_adv_inst/CLKOUT0
                         net (fo=1, routed)           1.581    -3.086    instance_name/inst/clk_out1_clk_viz
    BUFGCTRL_X0Y1        BUFG (Prop_bufg_I_O)         0.091    -2.995 r  instance_name/inst/clkout1_buf/O
                         net (fo=83, routed)          1.519    -1.476    config_unit/CLK
    SLICE_X1Y5           FDRE                                         r  config_unit/start_reg/C
  -------------------------------------------------------------------    -------------------
    SLICE_X1Y5           FDRE (Prop_fdre_C_Q)         0.367    -1.109 r  config_unit/start_reg/Q
                         net (fo=6, routed)           0.534    -0.575    config_unit/sccb/ready_reg_0
    SLICE_X1Y5           LUT4 (Prop_lut4_I0_O)        0.100    -0.475 r  config_unit/sccb/tx_data[13]_i_1/O
                         net (fo=7, routed)           0.282    -0.193    config_unit/sccb/tx_data[0]
    SLICE_X3Y5           FDRE                                         r  config_unit/sccb/tx_data_reg[2]/CE
  -------------------------------------------------------------------    -------------------

Slack:                    inf
  Source:                 config_unit/start_reg/C
                            (rising edge-triggered cell FDRE clocked by clk_out1_clk_viz_1  {rise@0.000ns fall@20.000ns period=40.000ns})
  Destination:            config_unit/sccb/tx_data_reg[4]/CE
  Path Group:             (none)
  Path Type:              Min at Slow Process Corner
  Data Path Delay:        1.283ns  (logic 0.467ns (36.407%)  route 0.816ns (63.593%))
  Logic Levels:           1  (LUT4=1)
  Clock Uncertainty:      0.233ns  ((TSJ^2 + DJ^2)^1/2) / 2 + PE
    Total System Jitter     (TSJ):    0.050ns
    Discrete Jitter          (DJ):    0.195ns
    Phase Error              (PE):    0.132ns

    Location             Delay type                Incr(ns)  Path(ns)    Netlist Resource(s)
  -------------------------------------------------------------------    -------------------
                         (clock clk_out1_clk_viz_1 rise edge)
                                                      0.000     0.000 r  
    W5                                                0.000     0.000 r  clk_100mhz (IN)
                         net (fo=0)                   0.000     0.000    instance_name/inst/clk_in1
    W5                   IBUF (Prop_ibuf_I_O)         1.388     1.388 r  instance_name/inst/clkin1_ibufg/O
                         net (fo=1, routed)           1.162     2.550    instance_name/inst/clk_in1_clk_viz
    MMCME2_ADV_X1Y0      MMCME2_ADV (Prop_mmcme2_adv_CLKIN1_CLKOUT0)
                                                     -7.217    -4.668 r  instance_name/inst/mmcm_adv_inst/CLKOUT0
                         net (fo=1, routed)           1.581    -3.086    instance_name/inst/clk_out1_clk_viz
    BUFGCTRL_X0Y1        BUFG (Prop_bufg_I_O)         0.091    -2.995 r  instance_name/inst/clkout1_buf/O
                         net (fo=83, routed)          1.519    -1.476    config_unit/CLK
    SLICE_X1Y5           FDRE                                         r  config_unit/start_reg/C
  -------------------------------------------------------------------    -------------------
    SLICE_X1Y5           FDRE (Prop_fdre_C_Q)         0.367    -1.109 r  config_unit/start_reg/Q
                         net (fo=6, routed)           0.534    -0.575    config_unit/sccb/ready_reg_0
    SLICE_X1Y5           LUT4 (Prop_lut4_I0_O)        0.100    -0.475 r  config_unit/sccb/tx_data[13]_i_1/O
                         net (fo=7, routed)           0.282    -0.193    config_unit/sccb/tx_data[0]
    SLICE_X3Y5           FDRE                                         r  config_unit/sccb/tx_data_reg[4]/CE
  -------------------------------------------------------------------    -------------------





--------------------------------------------------------------------------------------
Path Group:  (none)
From Clock:  clk_out2_clk_viz
  To Clock:  

Max Delay             1 Endpoint
Min Delay             1 Endpoint
--------------------------------------------------------------------------------------


Max Delay Paths
--------------------------------------------------------------------------------------
Slack:                    inf
  Source:                 instance_name/inst/mmcm_adv_inst/CLKOUT1
                            (clock source 'clk_out2_clk_viz'  {rise@0.000ns fall@20.833ns period=41.667ns})
  Destination:            xclk
                            (output port)
  Path Group:             (none)
  Path Type:              Max at Slow Process Corner
  Data Path Delay:        8.361ns  (logic 3.601ns (43.065%)  route 4.761ns (56.935%))
  Logic Levels:           2  (BUFG=1 OBUF=1)
  Clock Uncertainty:      0.236ns  ((TSJ^2 + DJ^2)^1/2) / 2 + PE
    Total System Jitter     (TSJ):    0.050ns
    Discrete Jitter          (DJ):    0.202ns
    Phase Error              (PE):    0.132ns

    Location             Delay type                Incr(ns)  Path(ns)    Netlist Resource(s)
  -------------------------------------------------------------------    -------------------
                         (clock clk_out2_clk_viz fall edge)
                                                     20.833    20.833 f  
    W5                                                0.000    20.833 f  clk_100mhz (IN)
                         net (fo=0)                   0.000    20.833    instance_name/inst/clk_in1
    W5                   IBUF (Prop_ibuf_I_O)         1.458    22.292 f  instance_name/inst/clkin1_ibufg/O
                         net (fo=1, routed)           1.233    23.525    instance_name/inst/clk_in1_clk_viz
  -------------------------------------------------------------------    -------------------
    MMCME2_ADV_X1Y0      MMCME2_ADV (Prop_mmcme2_adv_CLKIN1_CLKOUT1)
                                                     -6.961    16.564 f  instance_name/inst/mmcm_adv_inst/CLKOUT1
                         net (fo=1, routed)           1.661    18.225    instance_name/inst/clk_out2_clk_viz
    BUFGCTRL_X0Y0        BUFG (Prop_bufg_I_O)         0.096    18.321 f  instance_name/inst/clkout2_buf/O
                         net (fo=1, routed)           3.099    21.421    xclk_OBUF
    C15                  OBUF (Prop_obuf_I_O)         3.505    24.925 f  xclk_OBUF_inst/O
                         net (fo=0)                   0.000    24.925    xclk
    C15                                                               f  xclk (OUT)
  -------------------------------------------------------------------    -------------------





Min Delay Paths
--------------------------------------------------------------------------------------
Slack:                    inf
  Source:                 instance_name/inst/mmcm_adv_inst/CLKOUT1
                            (clock source 'clk_out2_clk_viz'  {rise@0.000ns fall@20.833ns period=41.667ns})
  Destination:            xclk
                            (output port)
  Path Group:             (none)
  Path Type:              Min at Fast Process Corner
  Data Path Delay:        2.538ns  (logic 1.232ns (48.546%)  route 1.306ns (51.454%))
  Logic Levels:           2  (BUFG=1 OBUF=1)
  Clock Uncertainty:      0.236ns  ((TSJ^2 + DJ^2)^1/2) / 2 + PE
    Total System Jitter     (TSJ):    0.050ns
    Discrete Jitter          (DJ):    0.202ns
    Phase Error              (PE):    0.132ns

    Location             Delay type                Incr(ns)  Path(ns)    Netlist Resource(s)
  -------------------------------------------------------------------    -------------------
                         (clock clk_out2_clk_viz rise edge)
                                                      0.000     0.000 r  
    W5                                                0.000     0.000 r  clk_100mhz (IN)
                         net (fo=0)                   0.000     0.000    instance_name/inst/clk_in1
    W5                   IBUF (Prop_ibuf_I_O)         0.226     0.226 r  instance_name/inst/clkin1_ibufg/O
                         net (fo=1, routed)           0.440     0.667    instance_name/inst/clk_in1_clk_viz
  -------------------------------------------------------------------    -------------------
    MMCME2_ADV_X1Y0      MMCME2_ADV (Prop_mmcme2_adv_CLKIN1_CLKOUT1)
                                                     -2.360    -1.693 r  instance_name/inst/mmcm_adv_inst/CLKOUT1
                         net (fo=1, routed)           0.486    -1.207    instance_name/inst/clk_out2_clk_viz
    BUFGCTRL_X0Y0        BUFG (Prop_bufg_I_O)         0.026    -1.181 r  instance_name/inst/clkout2_buf/O
                         net (fo=1, routed)           0.820    -0.361    xclk_OBUF
    C15                  OBUF (Prop_obuf_I_O)         1.206     0.845 r  xclk_OBUF_inst/O
                         net (fo=0)                   0.000     0.845    xclk
    C15                                                               r  xclk (OUT)
  -------------------------------------------------------------------    -------------------





--------------------------------------------------------------------------------------
Path Group:  (none)
From Clock:  clk_out2_clk_viz_1
  To Clock:  

Max Delay             1 Endpoint
Min Delay             1 Endpoint
--------------------------------------------------------------------------------------


Max Delay Paths
--------------------------------------------------------------------------------------
Slack:                    inf
  Source:                 instance_name/inst/mmcm_adv_inst/CLKOUT1
                            (clock source 'clk_out2_clk_viz_1'  {rise@0.000ns fall@20.833ns period=41.667ns})
  Destination:            xclk
                            (output port)
  Path Group:             (none)
  Path Type:              Max at Slow Process Corner
  Data Path Delay:        8.361ns  (logic 3.601ns (43.065%)  route 4.761ns (56.935%))
  Logic Levels:           2  (BUFG=1 OBUF=1)
  Clock Uncertainty:      0.233ns  ((TSJ^2 + DJ^2)^1/2) / 2 + PE
    Total System Jitter     (TSJ):    0.050ns
    Discrete Jitter          (DJ):    0.197ns
    Phase Error              (PE):    0.132ns

    Location             Delay type                Incr(ns)  Path(ns)    Netlist Resource(s)
  -------------------------------------------------------------------    -------------------
                         (clock clk_out2_clk_viz_1 fall edge)
                                                     20.833    20.833 f  
    W5                                                0.000    20.833 f  clk_100mhz (IN)
                         net (fo=0)                   0.000    20.833    instance_name/inst/clk_in1
    W5                   IBUF (Prop_ibuf_I_O)         1.458    22.292 f  instance_name/inst/clkin1_ibufg/O
                         net (fo=1, routed)           1.233    23.525    instance_name/inst/clk_in1_clk_viz
  -------------------------------------------------------------------    -------------------
    MMCME2_ADV_X1Y0      MMCME2_ADV (Prop_mmcme2_adv_CLKIN1_CLKOUT1)
                                                     -6.961    16.564 f  instance_name/inst/mmcm_adv_inst/CLKOUT1
                         net (fo=1, routed)           1.661    18.225    instance_name/inst/clk_out2_clk_viz
    BUFGCTRL_X0Y0        BUFG (Prop_bufg_I_O)         0.096    18.321 f  instance_name/inst/clkout2_buf/O
                         net (fo=1, routed)           3.099    21.421    xclk_OBUF
    C15                  OBUF (Prop_obuf_I_O)         3.505    24.925 f  xclk_OBUF_inst/O
                         net (fo=0)                   0.000    24.925    xclk
    C15                                                               f  xclk (OUT)
  -------------------------------------------------------------------    -------------------





Min Delay Paths
--------------------------------------------------------------------------------------
Slack:                    inf
  Source:                 instance_name/inst/mmcm_adv_inst/CLKOUT1
                            (clock source 'clk_out2_clk_viz_1'  {rise@0.000ns fall@20.833ns period=41.667ns})
  Destination:            xclk
                            (output port)
  Path Group:             (none)
  Path Type:              Min at Fast Process Corner
  Data Path Delay:        2.538ns  (logic 1.232ns (48.546%)  route 1.306ns (51.454%))
  Logic Levels:           2  (BUFG=1 OBUF=1)
  Clock Uncertainty:      0.233ns  ((TSJ^2 + DJ^2)^1/2) / 2 + PE
    Total System Jitter     (TSJ):    0.050ns
    Discrete Jitter          (DJ):    0.197ns
    Phase Error              (PE):    0.132ns

    Location             Delay type                Incr(ns)  Path(ns)    Netlist Resource(s)
  -------------------------------------------------------------------    -------------------
                         (clock clk_out2_clk_viz_1 rise edge)
                                                      0.000     0.000 r  
    W5                                                0.000     0.000 r  clk_100mhz (IN)
                         net (fo=0)                   0.000     0.000    instance_name/inst/clk_in1
    W5                   IBUF (Prop_ibuf_I_O)         0.226     0.226 r  instance_name/inst/clkin1_ibufg/O
                         net (fo=1, routed)           0.440     0.667    instance_name/inst/clk_in1_clk_viz
  -------------------------------------------------------------------    -------------------
    MMCME2_ADV_X1Y0      MMCME2_ADV (Prop_mmcme2_adv_CLKIN1_CLKOUT1)
                                                     -2.360    -1.693 r  instance_name/inst/mmcm_adv_inst/CLKOUT1
                         net (fo=1, routed)           0.486    -1.207    instance_name/inst/clk_out2_clk_viz
    BUFGCTRL_X0Y0        BUFG (Prop_bufg_I_O)         0.026    -1.181 r  instance_name/inst/clkout2_buf/O
                         net (fo=1, routed)           0.820    -0.361    xclk_OBUF
    C15                  OBUF (Prop_obuf_I_O)         1.206     0.845 r  xclk_OBUF_inst/O
                         net (fo=0)                   0.000     0.845    xclk
    C15                                                               r  xclk (OUT)
  -------------------------------------------------------------------    -------------------





--------------------------------------------------------------------------------------
Path Group:  (none)
From Clock:  
  To Clock:  clk_out1_clk_viz

Max Delay            18 Endpoints
Min Delay            18 Endpoints
--------------------------------------------------------------------------------------


Max Delay Paths
--------------------------------------------------------------------------------------
Slack:                    inf
  Source:                 btnC
                            (input port)
  Destination:            config_unit/start_reg/D
                            (rising edge-triggered cell FDRE clocked by clk_out1_clk_viz  {rise@0.000ns fall@20.000ns period=40.000ns})
  Path Group:             (none)
  Path Type:              Setup (Max at Slow Process Corner)
  Data Path Delay:        3.190ns  (logic 1.565ns (49.074%)  route 1.624ns (50.926%))
  Logic Levels:           2  (IBUF=1 LUT5=1)
  Clock Path Skew:        -1.476ns (DCD - SCD + CPR)
    Destination Clock Delay (DCD):    -1.476ns
    Source Clock Delay      (SCD):    0.000ns
    Clock Pessimism Removal (CPR):    0.000ns
  Clock Uncertainty:      0.235ns  ((TSJ^2 + DJ^2)^1/2) / 2 + PE
    Total System Jitter     (TSJ):    0.050ns
    Discrete Jitter          (DJ):    0.200ns
    Phase Error              (PE):    0.132ns

    Location             Delay type                Incr(ns)  Path(ns)    Netlist Resource(s)
  -------------------------------------------------------------------    -------------------
    U18                                               0.000     0.000 r  btnC (IN)
                         net (fo=0)                   0.000     0.000    btnC
    U18                  IBUF (Prop_ibuf_I_O)         1.441     1.441 r  btnC_IBUF_inst/O
                         net (fo=10, routed)          1.624     3.066    config_unit/sccb/btnC
    SLICE_X1Y5           LUT5 (Prop_lut5_I2_O)        0.124     3.190 r  config_unit/sccb/start_i_1/O
                         net (fo=1, routed)           0.000     3.190    config_unit/sccb_n_4
    SLICE_X1Y5           FDRE                                         r  config_unit/start_reg/D
  -------------------------------------------------------------------    -------------------

                         (clock clk_out1_clk_viz rise edge)
                                                      0.000     0.000 r  
    W5                                                0.000     0.000 r  clk_100mhz (IN)
                         net (fo=0)                   0.000     0.000    instance_name/inst/clk_in1
    W5                   IBUF (Prop_ibuf_I_O)         1.388     1.388 r  instance_name/inst/clkin1_ibufg/O
                         net (fo=1, routed)           1.162     2.550    instance_name/inst/clk_in1_clk_viz
    MMCME2_ADV_X1Y0      MMCME2_ADV (Prop_mmcme2_adv_CLKIN1_CLKOUT0)
                                                     -7.217    -4.668 r  instance_name/inst/mmcm_adv_inst/CLKOUT0
                         net (fo=1, routed)           1.581    -3.086    instance_name/inst/clk_out1_clk_viz
    BUFGCTRL_X0Y1        BUFG (Prop_bufg_I_O)         0.091    -2.995 r  instance_name/inst/clkout1_buf/O
                         net (fo=83, routed)          1.519    -1.476    config_unit/CLK
    SLICE_X1Y5           FDRE                                         r  config_unit/start_reg/C

Slack:                    inf
  Source:                 btnC
                            (input port)
  Destination:            config_unit/config_finished_reg/D
                            (rising edge-triggered cell FDRE clocked by clk_out1_clk_viz  {rise@0.000ns fall@20.000ns period=40.000ns})
  Path Group:             (none)
  Path Type:              Setup (Max at Slow Process Corner)
  Data Path Delay:        3.017ns  (logic 1.565ns (51.878%)  route 1.452ns (48.122%))
  Logic Levels:           2  (IBUF=1 LUT6=1)
  Clock Path Skew:        -1.476ns (DCD - SCD + CPR)
    Destination Clock Delay (DCD):    -1.476ns
    Source Clock Delay      (SCD):    0.000ns
    Clock Pessimism Removal (CPR):    0.000ns
  Clock Uncertainty:      0.235ns  ((TSJ^2 + DJ^2)^1/2) / 2 + PE
    Total System Jitter     (TSJ):    0.050ns
    Discrete Jitter          (DJ):    0.200ns
    Phase Error              (PE):    0.132ns

    Location             Delay type                Incr(ns)  Path(ns)    Netlist Resource(s)
  -------------------------------------------------------------------    -------------------
    U18                                               0.000     0.000 f  btnC (IN)
                         net (fo=0)                   0.000     0.000    btnC
    U18                  IBUF (Prop_ibuf_I_O)         1.441     1.441 f  btnC_IBUF_inst/O
                         net (fo=10, routed)          1.452     2.893    config_unit/sccb/btnC
    SLICE_X2Y6           LUT6 (Prop_lut6_I5_O)        0.124     3.017 r  config_unit/sccb/config_finished_i_1/O
                         net (fo=1, routed)           0.000     3.017    config_unit/sccb_n_2
    SLICE_X2Y6           FDRE                                         r  config_unit/config_finished_reg/D
  -------------------------------------------------------------------    -------------------

                         (clock clk_out1_clk_viz rise edge)
                                                      0.000     0.000 r  
    W5                                                0.000     0.000 r  clk_100mhz (IN)
                         net (fo=0)                   0.000     0.000    instance_name/inst/clk_in1
    W5                   IBUF (Prop_ibuf_I_O)         1.388     1.388 r  instance_name/inst/clkin1_ibufg/O
                         net (fo=1, routed)           1.162     2.550    instance_name/inst/clk_in1_clk_viz
    MMCME2_ADV_X1Y0      MMCME2_ADV (Prop_mmcme2_adv_CLKIN1_CLKOUT0)
                                                     -7.217    -4.668 r  instance_name/inst/mmcm_adv_inst/CLKOUT0
                         net (fo=1, routed)           1.581    -3.086    instance_name/inst/clk_out1_clk_viz
    BUFGCTRL_X0Y1        BUFG (Prop_bufg_I_O)         0.091    -2.995 r  instance_name/inst/clkout1_buf/O
                         net (fo=83, routed)          1.519    -1.476    config_unit/CLK
    SLICE_X2Y6           FDRE                                         r  config_unit/config_finished_reg/C

Slack:                    inf
  Source:                 btnC
                            (input port)
  Destination:            config_unit/rom_addr_reg[0]/R
                            (rising edge-triggered cell FDRE clocked by clk_out1_clk_viz  {rise@0.000ns fall@20.000ns period=40.000ns})
  Path Group:             (none)
  Path Type:              Setup (Max at Slow Process Corner)
  Data Path Delay:        2.898ns  (logic 1.441ns (49.726%)  route 1.457ns (50.274%))
  Logic Levels:           1  (IBUF=1)
  Clock Path Skew:        -1.476ns (DCD - SCD + CPR)
    Destination Clock Delay (DCD):    -1.476ns
    Source Clock Delay      (SCD):    0.000ns
    Clock Pessimism Removal (CPR):    0.000ns
  Clock Uncertainty:      0.235ns  ((TSJ^2 + DJ^2)^1/2) / 2 + PE
    Total System Jitter     (TSJ):    0.050ns
    Discrete Jitter          (DJ):    0.200ns
    Phase Error              (PE):    0.132ns

    Location             Delay type                Incr(ns)  Path(ns)    Netlist Resource(s)
  -------------------------------------------------------------------    -------------------
    U18                                               0.000     0.000 r  btnC (IN)
                         net (fo=0)                   0.000     0.000    btnC
    U18                  IBUF (Prop_ibuf_I_O)         1.441     1.441 r  btnC_IBUF_inst/O
                         net (fo=10, routed)          1.457     2.898    config_unit/btnC
    SLICE_X2Y5           FDRE                                         r  config_unit/rom_addr_reg[0]/R
  -------------------------------------------------------------------    -------------------

                         (clock clk_out1_clk_viz rise edge)
                                                      0.000     0.000 r  
    W5                                                0.000     0.000 r  clk_100mhz (IN)
                         net (fo=0)                   0.000     0.000    instance_name/inst/clk_in1
    W5                   IBUF (Prop_ibuf_I_O)         1.388     1.388 r  instance_name/inst/clkin1_ibufg/O
                         net (fo=1, routed)           1.162     2.550    instance_name/inst/clk_in1_clk_viz
    MMCME2_ADV_X1Y0      MMCME2_ADV (Prop_mmcme2_adv_CLKIN1_CLKOUT0)
                                                     -7.217    -4.668 r  instance_name/inst/mmcm_adv_inst/CLKOUT0
                         net (fo=1, routed)           1.581    -3.086    instance_name/inst/clk_out1_clk_viz
    BUFGCTRL_X0Y1        BUFG (Prop_bufg_I_O)         0.091    -2.995 r  instance_name/inst/clkout1_buf/O
                         net (fo=83, routed)          1.519    -1.476    config_unit/CLK
    SLICE_X2Y5           FDRE                                         r  config_unit/rom_addr_reg[0]/C

Slack:                    inf
  Source:                 btnC
                            (input port)
  Destination:            config_unit/rom_addr_reg[1]/R
                            (rising edge-triggered cell FDRE clocked by clk_out1_clk_viz  {rise@0.000ns fall@20.000ns period=40.000ns})
  Path Group:             (none)
  Path Type:              Setup (Max at Slow Process Corner)
  Data Path Delay:        2.898ns  (logic 1.441ns (49.726%)  route 1.457ns (50.274%))
  Logic Levels:           1  (IBUF=1)
  Clock Path Skew:        -1.476ns (DCD - SCD + CPR)
    Destination Clock Delay (DCD):    -1.476ns
    Source Clock Delay      (SCD):    0.000ns
    Clock Pessimism Removal (CPR):    0.000ns
  Clock Uncertainty:      0.235ns  ((TSJ^2 + DJ^2)^1/2) / 2 + PE
    Total System Jitter     (TSJ):    0.050ns
    Discrete Jitter          (DJ):    0.200ns
    Phase Error              (PE):    0.132ns

    Location             Delay type                Incr(ns)  Path(ns)    Netlist Resource(s)
  -------------------------------------------------------------------    -------------------
    U18                                               0.000     0.000 r  btnC (IN)
                         net (fo=0)                   0.000     0.000    btnC
    U18                  IBUF (Prop_ibuf_I_O)         1.441     1.441 r  btnC_IBUF_inst/O
                         net (fo=10, routed)          1.457     2.898    config_unit/btnC
    SLICE_X2Y5           FDRE                                         r  config_unit/rom_addr_reg[1]/R
  -------------------------------------------------------------------    -------------------

                         (clock clk_out1_clk_viz rise edge)
                                                      0.000     0.000 r  
    W5                                                0.000     0.000 r  clk_100mhz (IN)
                         net (fo=0)                   0.000     0.000    instance_name/inst/clk_in1
    W5                   IBUF (Prop_ibuf_I_O)         1.388     1.388 r  instance_name/inst/clkin1_ibufg/O
                         net (fo=1, routed)           1.162     2.550    instance_name/inst/clk_in1_clk_viz
    MMCME2_ADV_X1Y0      MMCME2_ADV (Prop_mmcme2_adv_CLKIN1_CLKOUT0)
                                                     -7.217    -4.668 r  instance_name/inst/mmcm_adv_inst/CLKOUT0
                         net (fo=1, routed)           1.581    -3.086    instance_name/inst/clk_out1_clk_viz
    BUFGCTRL_X0Y1        BUFG (Prop_bufg_I_O)         0.091    -2.995 r  instance_name/inst/clkout1_buf/O
                         net (fo=83, routed)          1.519    -1.476    config_unit/CLK
    SLICE_X2Y5           FDRE                                         r  config_unit/rom_addr_reg[1]/C

Slack:                    inf
  Source:                 btnC
                            (input port)
  Destination:            config_unit/rom_addr_reg[2]/R
                            (rising edge-triggered cell FDRE clocked by clk_out1_clk_viz  {rise@0.000ns fall@20.000ns period=40.000ns})
  Path Group:             (none)
  Path Type:              Setup (Max at Slow Process Corner)
  Data Path Delay:        2.898ns  (logic 1.441ns (49.726%)  route 1.457ns (50.274%))
  Logic Levels:           1  (IBUF=1)
  Clock Path Skew:        -1.476ns (DCD - SCD + CPR)
    Destination Clock Delay (DCD):    -1.476ns
    Source Clock Delay      (SCD):    0.000ns
    Clock Pessimism Removal (CPR):    0.000ns
  Clock Uncertainty:      0.235ns  ((TSJ^2 + DJ^2)^1/2) / 2 + PE
    Total System Jitter     (TSJ):    0.050ns
    Discrete Jitter          (DJ):    0.200ns
    Phase Error              (PE):    0.132ns

    Location             Delay type                Incr(ns)  Path(ns)    Netlist Resource(s)
  -------------------------------------------------------------------    -------------------
    U18                                               0.000     0.000 r  btnC (IN)
                         net (fo=0)                   0.000     0.000    btnC
    U18                  IBUF (Prop_ibuf_I_O)         1.441     1.441 r  btnC_IBUF_inst/O
                         net (fo=10, routed)          1.457     2.898    config_unit/btnC
    SLICE_X2Y5           FDRE                                         r  config_unit/rom_addr_reg[2]/R
  -------------------------------------------------------------------    -------------------

                         (clock clk_out1_clk_viz rise edge)
                                                      0.000     0.000 r  
    W5                                                0.000     0.000 r  clk_100mhz (IN)
                         net (fo=0)                   0.000     0.000    instance_name/inst/clk_in1
    W5                   IBUF (Prop_ibuf_I_O)         1.388     1.388 r  instance_name/inst/clkin1_ibufg/O
                         net (fo=1, routed)           1.162     2.550    instance_name/inst/clk_in1_clk_viz
    MMCME2_ADV_X1Y0      MMCME2_ADV (Prop_mmcme2_adv_CLKIN1_CLKOUT0)
                                                     -7.217    -4.668 r  instance_name/inst/mmcm_adv_inst/CLKOUT0
                         net (fo=1, routed)           1.581    -3.086    instance_name/inst/clk_out1_clk_viz
    BUFGCTRL_X0Y1        BUFG (Prop_bufg_I_O)         0.091    -2.995 r  instance_name/inst/clkout1_buf/O
                         net (fo=83, routed)          1.519    -1.476    config_unit/CLK
    SLICE_X2Y5           FDRE                                         r  config_unit/rom_addr_reg[2]/C

Slack:                    inf
  Source:                 btnC
                            (input port)
  Destination:            config_unit/rom_addr_reg[3]/R
                            (rising edge-triggered cell FDRE clocked by clk_out1_clk_viz  {rise@0.000ns fall@20.000ns period=40.000ns})
  Path Group:             (none)
  Path Type:              Setup (Max at Slow Process Corner)
  Data Path Delay:        2.898ns  (logic 1.441ns (49.726%)  route 1.457ns (50.274%))
  Logic Levels:           1  (IBUF=1)
  Clock Path Skew:        -1.476ns (DCD - SCD + CPR)
    Destination Clock Delay (DCD):    -1.476ns
    Source Clock Delay      (SCD):    0.000ns
    Clock Pessimism Removal (CPR):    0.000ns
  Clock Uncertainty:      0.235ns  ((TSJ^2 + DJ^2)^1/2) / 2 + PE
    Total System Jitter     (TSJ):    0.050ns
    Discrete Jitter          (DJ):    0.200ns
    Phase Error              (PE):    0.132ns

    Location             Delay type                Incr(ns)  Path(ns)    Netlist Resource(s)
  -------------------------------------------------------------------    -------------------
    U18                                               0.000     0.000 r  btnC (IN)
                         net (fo=0)                   0.000     0.000    btnC
    U18                  IBUF (Prop_ibuf_I_O)         1.441     1.441 r  btnC_IBUF_inst/O
                         net (fo=10, routed)          1.457     2.898    config_unit/btnC
    SLICE_X2Y5           FDRE                                         r  config_unit/rom_addr_reg[3]/R
  -------------------------------------------------------------------    -------------------

                         (clock clk_out1_clk_viz rise edge)
                                                      0.000     0.000 r  
    W5                                                0.000     0.000 r  clk_100mhz (IN)
                         net (fo=0)                   0.000     0.000    instance_name/inst/clk_in1
    W5                   IBUF (Prop_ibuf_I_O)         1.388     1.388 r  instance_name/inst/clkin1_ibufg/O
                         net (fo=1, routed)           1.162     2.550    instance_name/inst/clk_in1_clk_viz
    MMCME2_ADV_X1Y0      MMCME2_ADV (Prop_mmcme2_adv_CLKIN1_CLKOUT0)
                                                     -7.217    -4.668 r  instance_name/inst/mmcm_adv_inst/CLKOUT0
                         net (fo=1, routed)           1.581    -3.086    instance_name/inst/clk_out1_clk_viz
    BUFGCTRL_X0Y1        BUFG (Prop_bufg_I_O)         0.091    -2.995 r  instance_name/inst/clkout1_buf/O
                         net (fo=83, routed)          1.519    -1.476    config_unit/CLK
    SLICE_X2Y5           FDRE                                         r  config_unit/rom_addr_reg[3]/C

Slack:                    inf
  Source:                 btnC
                            (input port)
  Destination:            config_unit/rom_addr_reg[4]/R
                            (rising edge-triggered cell FDRE clocked by clk_out1_clk_viz  {rise@0.000ns fall@20.000ns period=40.000ns})
  Path Group:             (none)
  Path Type:              Setup (Max at Slow Process Corner)
  Data Path Delay:        2.898ns  (logic 1.441ns (49.726%)  route 1.457ns (50.274%))
  Logic Levels:           1  (IBUF=1)
  Clock Path Skew:        -1.476ns (DCD - SCD + CPR)
    Destination Clock Delay (DCD):    -1.476ns
    Source Clock Delay      (SCD):    0.000ns
    Clock Pessimism Removal (CPR):    0.000ns
  Clock Uncertainty:      0.235ns  ((TSJ^2 + DJ^2)^1/2) / 2 + PE
    Total System Jitter     (TSJ):    0.050ns
    Discrete Jitter          (DJ):    0.200ns
    Phase Error              (PE):    0.132ns

    Location             Delay type                Incr(ns)  Path(ns)    Netlist Resource(s)
  -------------------------------------------------------------------    -------------------
    U18                                               0.000     0.000 r  btnC (IN)
                         net (fo=0)                   0.000     0.000    btnC
    U18                  IBUF (Prop_ibuf_I_O)         1.441     1.441 r  btnC_IBUF_inst/O
                         net (fo=10, routed)          1.457     2.898    config_unit/btnC
    SLICE_X2Y5           FDRE                                         r  config_unit/rom_addr_reg[4]/R
  -------------------------------------------------------------------    -------------------

                         (clock clk_out1_clk_viz rise edge)
                                                      0.000     0.000 r  
    W5                                                0.000     0.000 r  clk_100mhz (IN)
                         net (fo=0)                   0.000     0.000    instance_name/inst/clk_in1
    W5                   IBUF (Prop_ibuf_I_O)         1.388     1.388 r  instance_name/inst/clkin1_ibufg/O
                         net (fo=1, routed)           1.162     2.550    instance_name/inst/clk_in1_clk_viz
    MMCME2_ADV_X1Y0      MMCME2_ADV (Prop_mmcme2_adv_CLKIN1_CLKOUT0)
                                                     -7.217    -4.668 r  instance_name/inst/mmcm_adv_inst/CLKOUT0
                         net (fo=1, routed)           1.581    -3.086    instance_name/inst/clk_out1_clk_viz
    BUFGCTRL_X0Y1        BUFG (Prop_bufg_I_O)         0.091    -2.995 r  instance_name/inst/clkout1_buf/O
                         net (fo=83, routed)          1.519    -1.476    config_unit/CLK
    SLICE_X2Y5           FDRE                                         r  config_unit/rom_addr_reg[4]/C

Slack:                    inf
  Source:                 btnC
                            (input port)
  Destination:            config_unit/rom_addr_reg[5]/R
                            (rising edge-triggered cell FDRE clocked by clk_out1_clk_viz  {rise@0.000ns fall@20.000ns period=40.000ns})
  Path Group:             (none)
  Path Type:              Setup (Max at Slow Process Corner)
  Data Path Delay:        2.898ns  (logic 1.441ns (49.726%)  route 1.457ns (50.274%))
  Logic Levels:           1  (IBUF=1)
  Clock Path Skew:        -1.476ns (DCD - SCD + CPR)
    Destination Clock Delay (DCD):    -1.476ns
    Source Clock Delay      (SCD):    0.000ns
    Clock Pessimism Removal (CPR):    0.000ns
  Clock Uncertainty:      0.235ns  ((TSJ^2 + DJ^2)^1/2) / 2 + PE
    Total System Jitter     (TSJ):    0.050ns
    Discrete Jitter          (DJ):    0.200ns
    Phase Error              (PE):    0.132ns

    Location             Delay type                Incr(ns)  Path(ns)    Netlist Resource(s)
  -------------------------------------------------------------------    -------------------
    U18                                               0.000     0.000 r  btnC (IN)
                         net (fo=0)                   0.000     0.000    btnC
    U18                  IBUF (Prop_ibuf_I_O)         1.441     1.441 r  btnC_IBUF_inst/O
                         net (fo=10, routed)          1.457     2.898    config_unit/btnC
    SLICE_X2Y5           FDRE                                         r  config_unit/rom_addr_reg[5]/R
  -------------------------------------------------------------------    -------------------

                         (clock clk_out1_clk_viz rise edge)
                                                      0.000     0.000 r  
    W5                                                0.000     0.000 r  clk_100mhz (IN)
                         net (fo=0)                   0.000     0.000    instance_name/inst/clk_in1
    W5                   IBUF (Prop_ibuf_I_O)         1.388     1.388 r  instance_name/inst/clkin1_ibufg/O
                         net (fo=1, routed)           1.162     2.550    instance_name/inst/clk_in1_clk_viz
    MMCME2_ADV_X1Y0      MMCME2_ADV (Prop_mmcme2_adv_CLKIN1_CLKOUT0)
                                                     -7.217    -4.668 r  instance_name/inst/mmcm_adv_inst/CLKOUT0
                         net (fo=1, routed)           1.581    -3.086    instance_name/inst/clk_out1_clk_viz
    BUFGCTRL_X0Y1        BUFG (Prop_bufg_I_O)         0.091    -2.995 r  instance_name/inst/clkout1_buf/O
                         net (fo=83, routed)          1.519    -1.476    config_unit/CLK
    SLICE_X2Y5           FDRE                                         r  config_unit/rom_addr_reg[5]/C

Slack:                    inf
  Source:                 btnC
                            (input port)
  Destination:            config_unit/rom_addr_reg[6]/R
                            (rising edge-triggered cell FDRE clocked by clk_out1_clk_viz  {rise@0.000ns fall@20.000ns period=40.000ns})
  Path Group:             (none)
  Path Type:              Setup (Max at Slow Process Corner)
  Data Path Delay:        2.898ns  (logic 1.441ns (49.726%)  route 1.457ns (50.274%))
  Logic Levels:           1  (IBUF=1)
  Clock Path Skew:        -1.476ns (DCD - SCD + CPR)
    Destination Clock Delay (DCD):    -1.476ns
    Source Clock Delay      (SCD):    0.000ns
    Clock Pessimism Removal (CPR):    0.000ns
  Clock Uncertainty:      0.235ns  ((TSJ^2 + DJ^2)^1/2) / 2 + PE
    Total System Jitter     (TSJ):    0.050ns
    Discrete Jitter          (DJ):    0.200ns
    Phase Error              (PE):    0.132ns

    Location             Delay type                Incr(ns)  Path(ns)    Netlist Resource(s)
  -------------------------------------------------------------------    -------------------
    U18                                               0.000     0.000 r  btnC (IN)
                         net (fo=0)                   0.000     0.000    btnC
    U18                  IBUF (Prop_ibuf_I_O)         1.441     1.441 r  btnC_IBUF_inst/O
                         net (fo=10, routed)          1.457     2.898    config_unit/btnC
    SLICE_X2Y5           FDRE                                         r  config_unit/rom_addr_reg[6]/R
  -------------------------------------------------------------------    -------------------

                         (clock clk_out1_clk_viz rise edge)
                                                      0.000     0.000 r  
    W5                                                0.000     0.000 r  clk_100mhz (IN)
                         net (fo=0)                   0.000     0.000    instance_name/inst/clk_in1
    W5                   IBUF (Prop_ibuf_I_O)         1.388     1.388 r  instance_name/inst/clkin1_ibufg/O
                         net (fo=1, routed)           1.162     2.550    instance_name/inst/clk_in1_clk_viz
    MMCME2_ADV_X1Y0      MMCME2_ADV (Prop_mmcme2_adv_CLKIN1_CLKOUT0)
                                                     -7.217    -4.668 r  instance_name/inst/mmcm_adv_inst/CLKOUT0
                         net (fo=1, routed)           1.581    -3.086    instance_name/inst/clk_out1_clk_viz
    BUFGCTRL_X0Y1        BUFG (Prop_bufg_I_O)         0.091    -2.995 r  instance_name/inst/clkout1_buf/O
                         net (fo=83, routed)          1.519    -1.476    config_unit/CLK
    SLICE_X2Y5           FDRE                                         r  config_unit/rom_addr_reg[6]/C

Slack:                    inf
  Source:                 btnC
                            (input port)
  Destination:            config_unit/rom_addr_reg[7]/R
                            (rising edge-triggered cell FDRE clocked by clk_out1_clk_viz  {rise@0.000ns fall@20.000ns period=40.000ns})
  Path Group:             (none)
  Path Type:              Setup (Max at Slow Process Corner)
  Data Path Delay:        2.898ns  (logic 1.441ns (49.726%)  route 1.457ns (50.274%))
  Logic Levels:           1  (IBUF=1)
  Clock Path Skew:        -1.476ns (DCD - SCD + CPR)
    Destination Clock Delay (DCD):    -1.476ns
    Source Clock Delay      (SCD):    0.000ns
    Clock Pessimism Removal (CPR):    0.000ns
  Clock Uncertainty:      0.235ns  ((TSJ^2 + DJ^2)^1/2) / 2 + PE
    Total System Jitter     (TSJ):    0.050ns
    Discrete Jitter          (DJ):    0.200ns
    Phase Error              (PE):    0.132ns

    Location             Delay type                Incr(ns)  Path(ns)    Netlist Resource(s)
  -------------------------------------------------------------------    -------------------
    U18                                               0.000     0.000 r  btnC (IN)
                         net (fo=0)                   0.000     0.000    btnC
    U18                  IBUF (Prop_ibuf_I_O)         1.441     1.441 r  btnC_IBUF_inst/O
                         net (fo=10, routed)          1.457     2.898    config_unit/btnC
    SLICE_X2Y5           FDRE                                         r  config_unit/rom_addr_reg[7]/R
  -------------------------------------------------------------------    -------------------

                         (clock clk_out1_clk_viz rise edge)
                                                      0.000     0.000 r  
    W5                                                0.000     0.000 r  clk_100mhz (IN)
                         net (fo=0)                   0.000     0.000    instance_name/inst/clk_in1
    W5                   IBUF (Prop_ibuf_I_O)         1.388     1.388 r  instance_name/inst/clkin1_ibufg/O
                         net (fo=1, routed)           1.162     2.550    instance_name/inst/clk_in1_clk_viz
    MMCME2_ADV_X1Y0      MMCME2_ADV (Prop_mmcme2_adv_CLKIN1_CLKOUT0)
                                                     -7.217    -4.668 r  instance_name/inst/mmcm_adv_inst/CLKOUT0
                         net (fo=1, routed)           1.581    -3.086    instance_name/inst/clk_out1_clk_viz
    BUFGCTRL_X0Y1        BUFG (Prop_bufg_I_O)         0.091    -2.995 r  instance_name/inst/clkout1_buf/O
                         net (fo=83, routed)          1.519    -1.476    config_unit/CLK
    SLICE_X2Y5           FDRE                                         r  config_unit/rom_addr_reg[7]/C





Min Delay Paths
--------------------------------------------------------------------------------------
Slack:                    inf
  Source:                 config_unit/sccb/ready_reg/C
                            (rising edge-triggered cell FDRE)
  Destination:            config_unit/start_reg/D
                            (rising edge-triggered cell FDRE clocked by clk_out1_clk_viz  {rise@0.000ns fall@20.000ns period=40.000ns})
  Path Group:             (none)
  Path Type:              Hold (Min at Fast Process Corner)
  Data Path Delay:        0.313ns  (logic 0.186ns (59.347%)  route 0.127ns (40.653%))
  Logic Levels:           2  (FDRE=1 LUT5=1)
  Clock Uncertainty:      0.235ns  ((TSJ^2 + DJ^2)^1/2) / 2 + PE
    Total System Jitter     (TSJ):    0.050ns
    Discrete Jitter          (DJ):    0.200ns
    Phase Error              (PE):    0.132ns

    Location             Delay type                Incr(ns)  Path(ns)    Netlist Resource(s)
  -------------------------------------------------------------------    -------------------
    SLICE_X1Y6           FDRE                         0.000     0.000 r  config_unit/sccb/ready_reg/C
    SLICE_X1Y6           FDRE (Prop_fdre_C_Q)         0.141     0.141 r  config_unit/sccb/ready_reg/Q
                         net (fo=4, routed)           0.127     0.268    config_unit/sccb/ready
    SLICE_X1Y5           LUT5 (Prop_lut5_I3_O)        0.045     0.313 r  config_unit/sccb/start_i_1/O
                         net (fo=1, routed)           0.000     0.313    config_unit/sccb_n_4
    SLICE_X1Y5           FDRE                                         r  config_unit/start_reg/D
  -------------------------------------------------------------------    -------------------

                         (clock clk_out1_clk_viz rise edge)
                                                      0.000     0.000 r  
    W5                                                0.000     0.000 r  clk_100mhz (IN)
                         net (fo=0)                   0.000     0.000    instance_name/inst/clk_in1
    W5                   IBUF (Prop_ibuf_I_O)         0.414     0.414 r  instance_name/inst/clkin1_ibufg/O
                         net (fo=1, routed)           0.480     0.894    instance_name/inst/clk_in1_clk_viz
    MMCME2_ADV_X1Y0      MMCME2_ADV (Prop_mmcme2_adv_CLKIN1_CLKOUT0)
                                                     -3.142    -2.248 r  instance_name/inst/mmcm_adv_inst/CLKOUT0
                         net (fo=1, routed)           0.530    -1.718    instance_name/inst/clk_out1_clk_viz
    BUFGCTRL_X0Y1        BUFG (Prop_bufg_I_O)         0.029    -1.689 r  instance_name/inst/clkout1_buf/O
                         net (fo=83, routed)          0.866    -0.824    config_unit/CLK
    SLICE_X1Y5           FDRE                                         r  config_unit/start_reg/C

Slack:                    inf
  Source:                 config_unit/sccb/ready_reg/C
                            (rising edge-triggered cell FDRE)
  Destination:            config_unit/config_finished_reg/D
                            (rising edge-triggered cell FDRE clocked by clk_out1_clk_viz  {rise@0.000ns fall@20.000ns period=40.000ns})
  Path Group:             (none)
  Path Type:              Hold (Min at Fast Process Corner)
  Data Path Delay:        0.486ns  (logic 0.186ns (38.249%)  route 0.300ns (61.750%))
  Logic Levels:           2  (FDRE=1 LUT6=1)
  Clock Uncertainty:      0.235ns  ((TSJ^2 + DJ^2)^1/2) / 2 + PE
    Total System Jitter     (TSJ):    0.050ns
    Discrete Jitter          (DJ):    0.200ns
    Phase Error              (PE):    0.132ns

    Location             Delay type                Incr(ns)  Path(ns)    Netlist Resource(s)
  -------------------------------------------------------------------    -------------------
    SLICE_X1Y6           FDRE                         0.000     0.000 r  config_unit/sccb/ready_reg/C
    SLICE_X1Y6           FDRE (Prop_fdre_C_Q)         0.141     0.141 f  config_unit/sccb/ready_reg/Q
                         net (fo=4, routed)           0.300     0.441    config_unit/sccb/ready
    SLICE_X2Y6           LUT6 (Prop_lut6_I1_O)        0.045     0.486 r  config_unit/sccb/config_finished_i_1/O
                         net (fo=1, routed)           0.000     0.486    config_unit/sccb_n_2
    SLICE_X2Y6           FDRE                                         r  config_unit/config_finished_reg/D
  -------------------------------------------------------------------    -------------------

                         (clock clk_out1_clk_viz rise edge)
                                                      0.000     0.000 r  
    W5                                                0.000     0.000 r  clk_100mhz (IN)
                         net (fo=0)                   0.000     0.000    instance_name/inst/clk_in1
    W5                   IBUF (Prop_ibuf_I_O)         0.414     0.414 r  instance_name/inst/clkin1_ibufg/O
                         net (fo=1, routed)           0.480     0.894    instance_name/inst/clk_in1_clk_viz
    MMCME2_ADV_X1Y0      MMCME2_ADV (Prop_mmcme2_adv_CLKIN1_CLKOUT0)
                                                     -3.142    -2.248 r  instance_name/inst/mmcm_adv_inst/CLKOUT0
                         net (fo=1, routed)           0.530    -1.718    instance_name/inst/clk_out1_clk_viz
    BUFGCTRL_X0Y1        BUFG (Prop_bufg_I_O)         0.029    -1.689 r  instance_name/inst/clkout1_buf/O
                         net (fo=83, routed)          0.866    -0.824    config_unit/CLK
    SLICE_X2Y6           FDRE                                         r  config_unit/config_finished_reg/C

Slack:                    inf
  Source:                 config_unit/sccb/done_reg/C
                            (rising edge-triggered cell FDRE)
  Destination:            config_unit/rom_addr_reg[0]/CE
                            (rising edge-triggered cell FDRE clocked by clk_out1_clk_viz  {rise@0.000ns fall@20.000ns period=40.000ns})
  Path Group:             (none)
  Path Type:              Hold (Min at Fast Process Corner)
  Data Path Delay:        0.611ns  (logic 0.226ns (36.982%)  route 0.385ns (63.018%))
  Logic Levels:           2  (FDRE=1 LUT5=1)
  Clock Uncertainty:      0.235ns  ((TSJ^2 + DJ^2)^1/2) / 2 + PE
    Total System Jitter     (TSJ):    0.050ns
    Discrete Jitter          (DJ):    0.200ns
    Phase Error              (PE):    0.132ns

    Location             Delay type                Incr(ns)  Path(ns)    Netlist Resource(s)
  -------------------------------------------------------------------    -------------------
    SLICE_X1Y6           FDRE                         0.000     0.000 r  config_unit/sccb/done_reg/C
    SLICE_X1Y6           FDRE (Prop_fdre_C_Q)         0.128     0.128 r  config_unit/sccb/done_reg/Q
                         net (fo=4, routed)           0.217     0.345    config_unit/sccb/done
    SLICE_X2Y6           LUT5 (Prop_lut5_I2_O)        0.098     0.443 r  config_unit/sccb/rom_addr[7]_i_1/O
                         net (fo=8, routed)           0.168     0.611    config_unit/sccb_n_3
    SLICE_X2Y5           FDRE                                         r  config_unit/rom_addr_reg[0]/CE
  -------------------------------------------------------------------    -------------------

                         (clock clk_out1_clk_viz rise edge)
                                                      0.000     0.000 r  
    W5                                                0.000     0.000 r  clk_100mhz (IN)
                         net (fo=0)                   0.000     0.000    instance_name/inst/clk_in1
    W5                   IBUF (Prop_ibuf_I_O)         0.414     0.414 r  instance_name/inst/clkin1_ibufg/O
                         net (fo=1, routed)           0.480     0.894    instance_name/inst/clk_in1_clk_viz
    MMCME2_ADV_X1Y0      MMCME2_ADV (Prop_mmcme2_adv_CLKIN1_CLKOUT0)
                                                     -3.142    -2.248 r  instance_name/inst/mmcm_adv_inst/CLKOUT0
                         net (fo=1, routed)           0.530    -1.718    instance_name/inst/clk_out1_clk_viz
    BUFGCTRL_X0Y1        BUFG (Prop_bufg_I_O)         0.029    -1.689 r  instance_name/inst/clkout1_buf/O
                         net (fo=83, routed)          0.866    -0.824    config_unit/CLK
    SLICE_X2Y5           FDRE                                         r  config_unit/rom_addr_reg[0]/C

Slack:                    inf
  Source:                 config_unit/sccb/done_reg/C
                            (rising edge-triggered cell FDRE)
  Destination:            config_unit/rom_addr_reg[1]/CE
                            (rising edge-triggered cell FDRE clocked by clk_out1_clk_viz  {rise@0.000ns fall@20.000ns period=40.000ns})
  Path Group:             (none)
  Path Type:              Hold (Min at Fast Process Corner)
  Data Path Delay:        0.611ns  (logic 0.226ns (36.982%)  route 0.385ns (63.018%))
  Logic Levels:           2  (FDRE=1 LUT5=1)
  Clock Uncertainty:      0.235ns  ((TSJ^2 + DJ^2)^1/2) / 2 + PE
    Total System Jitter     (TSJ):    0.050ns
    Discrete Jitter          (DJ):    0.200ns
    Phase Error              (PE):    0.132ns

    Location             Delay type                Incr(ns)  Path(ns)    Netlist Resource(s)
  -------------------------------------------------------------------    -------------------
    SLICE_X1Y6           FDRE                         0.000     0.000 r  config_unit/sccb/done_reg/C
    SLICE_X1Y6           FDRE (Prop_fdre_C_Q)         0.128     0.128 r  config_unit/sccb/done_reg/Q
                         net (fo=4, routed)           0.217     0.345    config_unit/sccb/done
    SLICE_X2Y6           LUT5 (Prop_lut5_I2_O)        0.098     0.443 r  config_unit/sccb/rom_addr[7]_i_1/O
                         net (fo=8, routed)           0.168     0.611    config_unit/sccb_n_3
    SLICE_X2Y5           FDRE                                         r  config_unit/rom_addr_reg[1]/CE
  -------------------------------------------------------------------    -------------------

                         (clock clk_out1_clk_viz rise edge)
                                                      0.000     0.000 r  
    W5                                                0.000     0.000 r  clk_100mhz (IN)
                         net (fo=0)                   0.000     0.000    instance_name/inst/clk_in1
    W5                   IBUF (Prop_ibuf_I_O)         0.414     0.414 r  instance_name/inst/clkin1_ibufg/O
                         net (fo=1, routed)           0.480     0.894    instance_name/inst/clk_in1_clk_viz
    MMCME2_ADV_X1Y0      MMCME2_ADV (Prop_mmcme2_adv_CLKIN1_CLKOUT0)
                                                     -3.142    -2.248 r  instance_name/inst/mmcm_adv_inst/CLKOUT0
                         net (fo=1, routed)           0.530    -1.718    instance_name/inst/clk_out1_clk_viz
    BUFGCTRL_X0Y1        BUFG (Prop_bufg_I_O)         0.029    -1.689 r  instance_name/inst/clkout1_buf/O
                         net (fo=83, routed)          0.866    -0.824    config_unit/CLK
    SLICE_X2Y5           FDRE                                         r  config_unit/rom_addr_reg[1]/C

Slack:                    inf
  Source:                 config_unit/sccb/done_reg/C
                            (rising edge-triggered cell FDRE)
  Destination:            config_unit/rom_addr_reg[2]/CE
                            (rising edge-triggered cell FDRE clocked by clk_out1_clk_viz  {rise@0.000ns fall@20.000ns period=40.000ns})
  Path Group:             (none)
  Path Type:              Hold (Min at Fast Process Corner)
  Data Path Delay:        0.611ns  (logic 0.226ns (36.982%)  route 0.385ns (63.018%))
  Logic Levels:           2  (FDRE=1 LUT5=1)
  Clock Uncertainty:      0.235ns  ((TSJ^2 + DJ^2)^1/2) / 2 + PE
    Total System Jitter     (TSJ):    0.050ns
    Discrete Jitter          (DJ):    0.200ns
    Phase Error              (PE):    0.132ns

    Location             Delay type                Incr(ns)  Path(ns)    Netlist Resource(s)
  -------------------------------------------------------------------    -------------------
    SLICE_X1Y6           FDRE                         0.000     0.000 r  config_unit/sccb/done_reg/C
    SLICE_X1Y6           FDRE (Prop_fdre_C_Q)         0.128     0.128 r  config_unit/sccb/done_reg/Q
                         net (fo=4, routed)           0.217     0.345    config_unit/sccb/done
    SLICE_X2Y6           LUT5 (Prop_lut5_I2_O)        0.098     0.443 r  config_unit/sccb/rom_addr[7]_i_1/O
                         net (fo=8, routed)           0.168     0.611    config_unit/sccb_n_3
    SLICE_X2Y5           FDRE                                         r  config_unit/rom_addr_reg[2]/CE
  -------------------------------------------------------------------    -------------------

                         (clock clk_out1_clk_viz rise edge)
                                                      0.000     0.000 r  
    W5                                                0.000     0.000 r  clk_100mhz (IN)
                         net (fo=0)                   0.000     0.000    instance_name/inst/clk_in1
    W5                   IBUF (Prop_ibuf_I_O)         0.414     0.414 r  instance_name/inst/clkin1_ibufg/O
                         net (fo=1, routed)           0.480     0.894    instance_name/inst/clk_in1_clk_viz
    MMCME2_ADV_X1Y0      MMCME2_ADV (Prop_mmcme2_adv_CLKIN1_CLKOUT0)
                                                     -3.142    -2.248 r  instance_name/inst/mmcm_adv_inst/CLKOUT0
                         net (fo=1, routed)           0.530    -1.718    instance_name/inst/clk_out1_clk_viz
    BUFGCTRL_X0Y1        BUFG (Prop_bufg_I_O)         0.029    -1.689 r  instance_name/inst/clkout1_buf/O
                         net (fo=83, routed)          0.866    -0.824    config_unit/CLK
    SLICE_X2Y5           FDRE                                         r  config_unit/rom_addr_reg[2]/C

Slack:                    inf
  Source:                 config_unit/sccb/done_reg/C
                            (rising edge-triggered cell FDRE)
  Destination:            config_unit/rom_addr_reg[3]/CE
                            (rising edge-triggered cell FDRE clocked by clk_out1_clk_viz  {rise@0.000ns fall@20.000ns period=40.000ns})
  Path Group:             (none)
  Path Type:              Hold (Min at Fast Process Corner)
  Data Path Delay:        0.611ns  (logic 0.226ns (36.982%)  route 0.385ns (63.018%))
  Logic Levels:           2  (FDRE=1 LUT5=1)
  Clock Uncertainty:      0.235ns  ((TSJ^2 + DJ^2)^1/2) / 2 + PE
    Total System Jitter     (TSJ):    0.050ns
    Discrete Jitter          (DJ):    0.200ns
    Phase Error              (PE):    0.132ns

    Location             Delay type                Incr(ns)  Path(ns)    Netlist Resource(s)
  -------------------------------------------------------------------    -------------------
    SLICE_X1Y6           FDRE                         0.000     0.000 r  config_unit/sccb/done_reg/C
    SLICE_X1Y6           FDRE (Prop_fdre_C_Q)         0.128     0.128 r  config_unit/sccb/done_reg/Q
                         net (fo=4, routed)           0.217     0.345    config_unit/sccb/done
    SLICE_X2Y6           LUT5 (Prop_lut5_I2_O)        0.098     0.443 r  config_unit/sccb/rom_addr[7]_i_1/O
                         net (fo=8, routed)           0.168     0.611    config_unit/sccb_n_3
    SLICE_X2Y5           FDRE                                         r  config_unit/rom_addr_reg[3]/CE
  -------------------------------------------------------------------    -------------------

                         (clock clk_out1_clk_viz rise edge)
                                                      0.000     0.000 r  
    W5                                                0.000     0.000 r  clk_100mhz (IN)
                         net (fo=0)                   0.000     0.000    instance_name/inst/clk_in1
    W5                   IBUF (Prop_ibuf_I_O)         0.414     0.414 r  instance_name/inst/clkin1_ibufg/O
                         net (fo=1, routed)           0.480     0.894    instance_name/inst/clk_in1_clk_viz
    MMCME2_ADV_X1Y0      MMCME2_ADV (Prop_mmcme2_adv_CLKIN1_CLKOUT0)
                                                     -3.142    -2.248 r  instance_name/inst/mmcm_adv_inst/CLKOUT0
                         net (fo=1, routed)           0.530    -1.718    instance_name/inst/clk_out1_clk_viz
    BUFGCTRL_X0Y1        BUFG (Prop_bufg_I_O)         0.029    -1.689 r  instance_name/inst/clkout1_buf/O
                         net (fo=83, routed)          0.866    -0.824    config_unit/CLK
    SLICE_X2Y5           FDRE                                         r  config_unit/rom_addr_reg[3]/C

Slack:                    inf
  Source:                 config_unit/sccb/done_reg/C
                            (rising edge-triggered cell FDRE)
  Destination:            config_unit/rom_addr_reg[4]/CE
                            (rising edge-triggered cell FDRE clocked by clk_out1_clk_viz  {rise@0.000ns fall@20.000ns period=40.000ns})
  Path Group:             (none)
  Path Type:              Hold (Min at Fast Process Corner)
  Data Path Delay:        0.611ns  (logic 0.226ns (36.982%)  route 0.385ns (63.018%))
  Logic Levels:           2  (FDRE=1 LUT5=1)
  Clock Uncertainty:      0.235ns  ((TSJ^2 + DJ^2)^1/2) / 2 + PE
    Total System Jitter     (TSJ):    0.050ns
    Discrete Jitter          (DJ):    0.200ns
    Phase Error              (PE):    0.132ns

    Location             Delay type                Incr(ns)  Path(ns)    Netlist Resource(s)
  -------------------------------------------------------------------    -------------------
    SLICE_X1Y6           FDRE                         0.000     0.000 r  config_unit/sccb/done_reg/C
    SLICE_X1Y6           FDRE (Prop_fdre_C_Q)         0.128     0.128 r  config_unit/sccb/done_reg/Q
                         net (fo=4, routed)           0.217     0.345    config_unit/sccb/done
    SLICE_X2Y6           LUT5 (Prop_lut5_I2_O)        0.098     0.443 r  config_unit/sccb/rom_addr[7]_i_1/O
                         net (fo=8, routed)           0.168     0.611    config_unit/sccb_n_3
    SLICE_X2Y5           FDRE                                         r  config_unit/rom_addr_reg[4]/CE
  -------------------------------------------------------------------    -------------------

                         (clock clk_out1_clk_viz rise edge)
                                                      0.000     0.000 r  
    W5                                                0.000     0.000 r  clk_100mhz (IN)
                         net (fo=0)                   0.000     0.000    instance_name/inst/clk_in1
    W5                   IBUF (Prop_ibuf_I_O)         0.414     0.414 r  instance_name/inst/clkin1_ibufg/O
                         net (fo=1, routed)           0.480     0.894    instance_name/inst/clk_in1_clk_viz
    MMCME2_ADV_X1Y0      MMCME2_ADV (Prop_mmcme2_adv_CLKIN1_CLKOUT0)
                                                     -3.142    -2.248 r  instance_name/inst/mmcm_adv_inst/CLKOUT0
                         net (fo=1, routed)           0.530    -1.718    instance_name/inst/clk_out1_clk_viz
    BUFGCTRL_X0Y1        BUFG (Prop_bufg_I_O)         0.029    -1.689 r  instance_name/inst/clkout1_buf/O
                         net (fo=83, routed)          0.866    -0.824    config_unit/CLK
    SLICE_X2Y5           FDRE                                         r  config_unit/rom_addr_reg[4]/C

Slack:                    inf
  Source:                 config_unit/sccb/done_reg/C
                            (rising edge-triggered cell FDRE)
  Destination:            config_unit/rom_addr_reg[5]/CE
                            (rising edge-triggered cell FDRE clocked by clk_out1_clk_viz  {rise@0.000ns fall@20.000ns period=40.000ns})
  Path Group:             (none)
  Path Type:              Hold (Min at Fast Process Corner)
  Data Path Delay:        0.611ns  (logic 0.226ns (36.982%)  route 0.385ns (63.018%))
  Logic Levels:           2  (FDRE=1 LUT5=1)
  Clock Uncertainty:      0.235ns  ((TSJ^2 + DJ^2)^1/2) / 2 + PE
    Total System Jitter     (TSJ):    0.050ns
    Discrete Jitter          (DJ):    0.200ns
    Phase Error              (PE):    0.132ns

    Location             Delay type                Incr(ns)  Path(ns)    Netlist Resource(s)
  -------------------------------------------------------------------    -------------------
    SLICE_X1Y6           FDRE                         0.000     0.000 r  config_unit/sccb/done_reg/C
    SLICE_X1Y6           FDRE (Prop_fdre_C_Q)         0.128     0.128 r  config_unit/sccb/done_reg/Q
                         net (fo=4, routed)           0.217     0.345    config_unit/sccb/done
    SLICE_X2Y6           LUT5 (Prop_lut5_I2_O)        0.098     0.443 r  config_unit/sccb/rom_addr[7]_i_1/O
                         net (fo=8, routed)           0.168     0.611    config_unit/sccb_n_3
    SLICE_X2Y5           FDRE                                         r  config_unit/rom_addr_reg[5]/CE
  -------------------------------------------------------------------    -------------------

                         (clock clk_out1_clk_viz rise edge)
                                                      0.000     0.000 r  
    W5                                                0.000     0.000 r  clk_100mhz (IN)
                         net (fo=0)                   0.000     0.000    instance_name/inst/clk_in1
    W5                   IBUF (Prop_ibuf_I_O)         0.414     0.414 r  instance_name/inst/clkin1_ibufg/O
                         net (fo=1, routed)           0.480     0.894    instance_name/inst/clk_in1_clk_viz
    MMCME2_ADV_X1Y0      MMCME2_ADV (Prop_mmcme2_adv_CLKIN1_CLKOUT0)
                                                     -3.142    -2.248 r  instance_name/inst/mmcm_adv_inst/CLKOUT0
                         net (fo=1, routed)           0.530    -1.718    instance_name/inst/clk_out1_clk_viz
    BUFGCTRL_X0Y1        BUFG (Prop_bufg_I_O)         0.029    -1.689 r  instance_name/inst/clkout1_buf/O
                         net (fo=83, routed)          0.866    -0.824    config_unit/CLK
    SLICE_X2Y5           FDRE                                         r  config_unit/rom_addr_reg[5]/C

Slack:                    inf
  Source:                 config_unit/sccb/done_reg/C
                            (rising edge-triggered cell FDRE)
  Destination:            config_unit/rom_addr_reg[6]/CE
                            (rising edge-triggered cell FDRE clocked by clk_out1_clk_viz  {rise@0.000ns fall@20.000ns period=40.000ns})
  Path Group:             (none)
  Path Type:              Hold (Min at Fast Process Corner)
  Data Path Delay:        0.611ns  (logic 0.226ns (36.982%)  route 0.385ns (63.018%))
  Logic Levels:           2  (FDRE=1 LUT5=1)
  Clock Uncertainty:      0.235ns  ((TSJ^2 + DJ^2)^1/2) / 2 + PE
    Total System Jitter     (TSJ):    0.050ns
    Discrete Jitter          (DJ):    0.200ns
    Phase Error              (PE):    0.132ns

    Location             Delay type                Incr(ns)  Path(ns)    Netlist Resource(s)
  -------------------------------------------------------------------    -------------------
    SLICE_X1Y6           FDRE                         0.000     0.000 r  config_unit/sccb/done_reg/C
    SLICE_X1Y6           FDRE (Prop_fdre_C_Q)         0.128     0.128 r  config_unit/sccb/done_reg/Q
                         net (fo=4, routed)           0.217     0.345    config_unit/sccb/done
    SLICE_X2Y6           LUT5 (Prop_lut5_I2_O)        0.098     0.443 r  config_unit/sccb/rom_addr[7]_i_1/O
                         net (fo=8, routed)           0.168     0.611    config_unit/sccb_n_3
    SLICE_X2Y5           FDRE                                         r  config_unit/rom_addr_reg[6]/CE
  -------------------------------------------------------------------    -------------------

                         (clock clk_out1_clk_viz rise edge)
                                                      0.000     0.000 r  
    W5                                                0.000     0.000 r  clk_100mhz (IN)
                         net (fo=0)                   0.000     0.000    instance_name/inst/clk_in1
    W5                   IBUF (Prop_ibuf_I_O)         0.414     0.414 r  instance_name/inst/clkin1_ibufg/O
                         net (fo=1, routed)           0.480     0.894    instance_name/inst/clk_in1_clk_viz
    MMCME2_ADV_X1Y0      MMCME2_ADV (Prop_mmcme2_adv_CLKIN1_CLKOUT0)
                                                     -3.142    -2.248 r  instance_name/inst/mmcm_adv_inst/CLKOUT0
                         net (fo=1, routed)           0.530    -1.718    instance_name/inst/clk_out1_clk_viz
    BUFGCTRL_X0Y1        BUFG (Prop_bufg_I_O)         0.029    -1.689 r  instance_name/inst/clkout1_buf/O
                         net (fo=83, routed)          0.866    -0.824    config_unit/CLK
    SLICE_X2Y5           FDRE                                         r  config_unit/rom_addr_reg[6]/C

Slack:                    inf
  Source:                 config_unit/sccb/done_reg/C
                            (rising edge-triggered cell FDRE)
  Destination:            config_unit/rom_addr_reg[7]/CE
                            (rising edge-triggered cell FDRE clocked by clk_out1_clk_viz  {rise@0.000ns fall@20.000ns period=40.000ns})
  Path Group:             (none)
  Path Type:              Hold (Min at Fast Process Corner)
  Data Path Delay:        0.611ns  (logic 0.226ns (36.982%)  route 0.385ns (63.018%))
  Logic Levels:           2  (FDRE=1 LUT5=1)
  Clock Uncertainty:      0.235ns  ((TSJ^2 + DJ^2)^1/2) / 2 + PE
    Total System Jitter     (TSJ):    0.050ns
    Discrete Jitter          (DJ):    0.200ns
    Phase Error              (PE):    0.132ns

    Location             Delay type                Incr(ns)  Path(ns)    Netlist Resource(s)
  -------------------------------------------------------------------    -------------------
    SLICE_X1Y6           FDRE                         0.000     0.000 r  config_unit/sccb/done_reg/C
    SLICE_X1Y6           FDRE (Prop_fdre_C_Q)         0.128     0.128 r  config_unit/sccb/done_reg/Q
                         net (fo=4, routed)           0.217     0.345    config_unit/sccb/done
    SLICE_X2Y6           LUT5 (Prop_lut5_I2_O)        0.098     0.443 r  config_unit/sccb/rom_addr[7]_i_1/O
                         net (fo=8, routed)           0.168     0.611    config_unit/sccb_n_3
    SLICE_X2Y5           FDRE                                         r  config_unit/rom_addr_reg[7]/CE
  -------------------------------------------------------------------    -------------------

                         (clock clk_out1_clk_viz rise edge)
                                                      0.000     0.000 r  
    W5                                                0.000     0.000 r  clk_100mhz (IN)
                         net (fo=0)                   0.000     0.000    instance_name/inst/clk_in1
    W5                   IBUF (Prop_ibuf_I_O)         0.414     0.414 r  instance_name/inst/clkin1_ibufg/O
                         net (fo=1, routed)           0.480     0.894    instance_name/inst/clk_in1_clk_viz
    MMCME2_ADV_X1Y0      MMCME2_ADV (Prop_mmcme2_adv_CLKIN1_CLKOUT0)
                                                     -3.142    -2.248 r  instance_name/inst/mmcm_adv_inst/CLKOUT0
                         net (fo=1, routed)           0.530    -1.718    instance_name/inst/clk_out1_clk_viz
    BUFGCTRL_X0Y1        BUFG (Prop_bufg_I_O)         0.029    -1.689 r  instance_name/inst/clkout1_buf/O
                         net (fo=83, routed)          0.866    -0.824    config_unit/CLK
    SLICE_X2Y5           FDRE                                         r  config_unit/rom_addr_reg[7]/C





--------------------------------------------------------------------------------------
Path Group:  (none)
From Clock:  
  To Clock:  clk_out1_clk_viz_1

Max Delay            18 Endpoints
Min Delay            18 Endpoints
--------------------------------------------------------------------------------------


Max Delay Paths
--------------------------------------------------------------------------------------
Slack:                    inf
  Source:                 btnC
                            (input port)
  Destination:            config_unit/start_reg/D
                            (rising edge-triggered cell FDRE clocked by clk_out1_clk_viz_1  {rise@0.000ns fall@20.000ns period=40.000ns})
  Path Group:             (none)
  Path Type:              Setup (Max at Slow Process Corner)
  Data Path Delay:        3.190ns  (logic 1.565ns (49.074%)  route 1.624ns (50.926%))
  Logic Levels:           2  (IBUF=1 LUT5=1)
  Clock Path Skew:        -1.476ns (DCD - SCD + CPR)
    Destination Clock Delay (DCD):    -1.476ns
    Source Clock Delay      (SCD):    0.000ns
    Clock Pessimism Removal (CPR):    0.000ns
  Clock Uncertainty:      0.233ns  ((TSJ^2 + DJ^2)^1/2) / 2 + PE
    Total System Jitter     (TSJ):    0.050ns
    Discrete Jitter          (DJ):    0.195ns
    Phase Error              (PE):    0.132ns

    Location             Delay type                Incr(ns)  Path(ns)    Netlist Resource(s)
  -------------------------------------------------------------------    -------------------
    U18                                               0.000     0.000 r  btnC (IN)
                         net (fo=0)                   0.000     0.000    btnC
    U18                  IBUF (Prop_ibuf_I_O)         1.441     1.441 r  btnC_IBUF_inst/O
                         net (fo=10, routed)          1.624     3.066    config_unit/sccb/btnC
    SLICE_X1Y5           LUT5 (Prop_lut5_I2_O)        0.124     3.190 r  config_unit/sccb/start_i_1/O
                         net (fo=1, routed)           0.000     3.190    config_unit/sccb_n_4
    SLICE_X1Y5           FDRE                                         r  config_unit/start_reg/D
  -------------------------------------------------------------------    -------------------

                         (clock clk_out1_clk_viz_1 rise edge)
                                                      0.000     0.000 r  
    W5                                                0.000     0.000 r  clk_100mhz (IN)
                         net (fo=0)                   0.000     0.000    instance_name/inst/clk_in1
    W5                   IBUF (Prop_ibuf_I_O)         1.388     1.388 r  instance_name/inst/clkin1_ibufg/O
                         net (fo=1, routed)           1.162     2.550    instance_name/inst/clk_in1_clk_viz
    MMCME2_ADV_X1Y0      MMCME2_ADV (Prop_mmcme2_adv_CLKIN1_CLKOUT0)
                                                     -7.217    -4.668 r  instance_name/inst/mmcm_adv_inst/CLKOUT0
                         net (fo=1, routed)           1.581    -3.086    instance_name/inst/clk_out1_clk_viz
    BUFGCTRL_X0Y1        BUFG (Prop_bufg_I_O)         0.091    -2.995 r  instance_name/inst/clkout1_buf/O
                         net (fo=83, routed)          1.519    -1.476    config_unit/CLK
    SLICE_X1Y5           FDRE                                         r  config_unit/start_reg/C

Slack:                    inf
  Source:                 btnC
                            (input port)
  Destination:            config_unit/config_finished_reg/D
                            (rising edge-triggered cell FDRE clocked by clk_out1_clk_viz_1  {rise@0.000ns fall@20.000ns period=40.000ns})
  Path Group:             (none)
  Path Type:              Setup (Max at Slow Process Corner)
  Data Path Delay:        3.017ns  (logic 1.565ns (51.878%)  route 1.452ns (48.122%))
  Logic Levels:           2  (IBUF=1 LUT6=1)
  Clock Path Skew:        -1.476ns (DCD - SCD + CPR)
    Destination Clock Delay (DCD):    -1.476ns
    Source Clock Delay      (SCD):    0.000ns
    Clock Pessimism Removal (CPR):    0.000ns
  Clock Uncertainty:      0.233ns  ((TSJ^2 + DJ^2)^1/2) / 2 + PE
    Total System Jitter     (TSJ):    0.050ns
    Discrete Jitter          (DJ):    0.195ns
    Phase Error              (PE):    0.132ns

    Location             Delay type                Incr(ns)  Path(ns)    Netlist Resource(s)
  -------------------------------------------------------------------    -------------------
    U18                                               0.000     0.000 f  btnC (IN)
                         net (fo=0)                   0.000     0.000    btnC
    U18                  IBUF (Prop_ibuf_I_O)         1.441     1.441 f  btnC_IBUF_inst/O
                         net (fo=10, routed)          1.452     2.893    config_unit/sccb/btnC
    SLICE_X2Y6           LUT6 (Prop_lut6_I5_O)        0.124     3.017 r  config_unit/sccb/config_finished_i_1/O
                         net (fo=1, routed)           0.000     3.017    config_unit/sccb_n_2
    SLICE_X2Y6           FDRE                                         r  config_unit/config_finished_reg/D
  -------------------------------------------------------------------    -------------------

                         (clock clk_out1_clk_viz_1 rise edge)
                                                      0.000     0.000 r  
    W5                                                0.000     0.000 r  clk_100mhz (IN)
                         net (fo=0)                   0.000     0.000    instance_name/inst/clk_in1
    W5                   IBUF (Prop_ibuf_I_O)         1.388     1.388 r  instance_name/inst/clkin1_ibufg/O
                         net (fo=1, routed)           1.162     2.550    instance_name/inst/clk_in1_clk_viz
    MMCME2_ADV_X1Y0      MMCME2_ADV (Prop_mmcme2_adv_CLKIN1_CLKOUT0)
                                                     -7.217    -4.668 r  instance_name/inst/mmcm_adv_inst/CLKOUT0
                         net (fo=1, routed)           1.581    -3.086    instance_name/inst/clk_out1_clk_viz
    BUFGCTRL_X0Y1        BUFG (Prop_bufg_I_O)         0.091    -2.995 r  instance_name/inst/clkout1_buf/O
                         net (fo=83, routed)          1.519    -1.476    config_unit/CLK
    SLICE_X2Y6           FDRE                                         r  config_unit/config_finished_reg/C

Slack:                    inf
  Source:                 btnC
                            (input port)
  Destination:            config_unit/rom_addr_reg[0]/R
                            (rising edge-triggered cell FDRE clocked by clk_out1_clk_viz_1  {rise@0.000ns fall@20.000ns period=40.000ns})
  Path Group:             (none)
  Path Type:              Setup (Max at Slow Process Corner)
  Data Path Delay:        2.898ns  (logic 1.441ns (49.726%)  route 1.457ns (50.274%))
  Logic Levels:           1  (IBUF=1)
  Clock Path Skew:        -1.476ns (DCD - SCD + CPR)
    Destination Clock Delay (DCD):    -1.476ns
    Source Clock Delay      (SCD):    0.000ns
    Clock Pessimism Removal (CPR):    0.000ns
  Clock Uncertainty:      0.233ns  ((TSJ^2 + DJ^2)^1/2) / 2 + PE
    Total System Jitter     (TSJ):    0.050ns
    Discrete Jitter          (DJ):    0.195ns
    Phase Error              (PE):    0.132ns

    Location             Delay type                Incr(ns)  Path(ns)    Netlist Resource(s)
  -------------------------------------------------------------------    -------------------
    U18                                               0.000     0.000 r  btnC (IN)
                         net (fo=0)                   0.000     0.000    btnC
    U18                  IBUF (Prop_ibuf_I_O)         1.441     1.441 r  btnC_IBUF_inst/O
                         net (fo=10, routed)          1.457     2.898    config_unit/btnC
    SLICE_X2Y5           FDRE                                         r  config_unit/rom_addr_reg[0]/R
  -------------------------------------------------------------------    -------------------

                         (clock clk_out1_clk_viz_1 rise edge)
                                                      0.000     0.000 r  
    W5                                                0.000     0.000 r  clk_100mhz (IN)
                         net (fo=0)                   0.000     0.000    instance_name/inst/clk_in1
    W5                   IBUF (Prop_ibuf_I_O)         1.388     1.388 r  instance_name/inst/clkin1_ibufg/O
                         net (fo=1, routed)           1.162     2.550    instance_name/inst/clk_in1_clk_viz
    MMCME2_ADV_X1Y0      MMCME2_ADV (Prop_mmcme2_adv_CLKIN1_CLKOUT0)
                                                     -7.217    -4.668 r  instance_name/inst/mmcm_adv_inst/CLKOUT0
                         net (fo=1, routed)           1.581    -3.086    instance_name/inst/clk_out1_clk_viz
    BUFGCTRL_X0Y1        BUFG (Prop_bufg_I_O)         0.091    -2.995 r  instance_name/inst/clkout1_buf/O
                         net (fo=83, routed)          1.519    -1.476    config_unit/CLK
    SLICE_X2Y5           FDRE                                         r  config_unit/rom_addr_reg[0]/C

Slack:                    inf
  Source:                 btnC
                            (input port)
  Destination:            config_unit/rom_addr_reg[1]/R
                            (rising edge-triggered cell FDRE clocked by clk_out1_clk_viz_1  {rise@0.000ns fall@20.000ns period=40.000ns})
  Path Group:             (none)
  Path Type:              Setup (Max at Slow Process Corner)
  Data Path Delay:        2.898ns  (logic 1.441ns (49.726%)  route 1.457ns (50.274%))
  Logic Levels:           1  (IBUF=1)
  Clock Path Skew:        -1.476ns (DCD - SCD + CPR)
    Destination Clock Delay (DCD):    -1.476ns
    Source Clock Delay      (SCD):    0.000ns
    Clock Pessimism Removal (CPR):    0.000ns
  Clock Uncertainty:      0.233ns  ((TSJ^2 + DJ^2)^1/2) / 2 + PE
    Total System Jitter     (TSJ):    0.050ns
    Discrete Jitter          (DJ):    0.195ns
    Phase Error              (PE):    0.132ns

    Location             Delay type                Incr(ns)  Path(ns)    Netlist Resource(s)
  -------------------------------------------------------------------    -------------------
    U18                                               0.000     0.000 r  btnC (IN)
                         net (fo=0)                   0.000     0.000    btnC
    U18                  IBUF (Prop_ibuf_I_O)         1.441     1.441 r  btnC_IBUF_inst/O
                         net (fo=10, routed)          1.457     2.898    config_unit/btnC
    SLICE_X2Y5           FDRE                                         r  config_unit/rom_addr_reg[1]/R
  -------------------------------------------------------------------    -------------------

                         (clock clk_out1_clk_viz_1 rise edge)
                                                      0.000     0.000 r  
    W5                                                0.000     0.000 r  clk_100mhz (IN)
                         net (fo=0)                   0.000     0.000    instance_name/inst/clk_in1
    W5                   IBUF (Prop_ibuf_I_O)         1.388     1.388 r  instance_name/inst/clkin1_ibufg/O
                         net (fo=1, routed)           1.162     2.550    instance_name/inst/clk_in1_clk_viz
    MMCME2_ADV_X1Y0      MMCME2_ADV (Prop_mmcme2_adv_CLKIN1_CLKOUT0)
                                                     -7.217    -4.668 r  instance_name/inst/mmcm_adv_inst/CLKOUT0
                         net (fo=1, routed)           1.581    -3.086    instance_name/inst/clk_out1_clk_viz
    BUFGCTRL_X0Y1        BUFG (Prop_bufg_I_O)         0.091    -2.995 r  instance_name/inst/clkout1_buf/O
                         net (fo=83, routed)          1.519    -1.476    config_unit/CLK
    SLICE_X2Y5           FDRE                                         r  config_unit/rom_addr_reg[1]/C

Slack:                    inf
  Source:                 btnC
                            (input port)
  Destination:            config_unit/rom_addr_reg[2]/R
                            (rising edge-triggered cell FDRE clocked by clk_out1_clk_viz_1  {rise@0.000ns fall@20.000ns period=40.000ns})
  Path Group:             (none)
  Path Type:              Setup (Max at Slow Process Corner)
  Data Path Delay:        2.898ns  (logic 1.441ns (49.726%)  route 1.457ns (50.274%))
  Logic Levels:           1  (IBUF=1)
  Clock Path Skew:        -1.476ns (DCD - SCD + CPR)
    Destination Clock Delay (DCD):    -1.476ns
    Source Clock Delay      (SCD):    0.000ns
    Clock Pessimism Removal (CPR):    0.000ns
  Clock Uncertainty:      0.233ns  ((TSJ^2 + DJ^2)^1/2) / 2 + PE
    Total System Jitter     (TSJ):    0.050ns
    Discrete Jitter          (DJ):    0.195ns
    Phase Error              (PE):    0.132ns

    Location             Delay type                Incr(ns)  Path(ns)    Netlist Resource(s)
  -------------------------------------------------------------------    -------------------
    U18                                               0.000     0.000 r  btnC (IN)
                         net (fo=0)                   0.000     0.000    btnC
    U18                  IBUF (Prop_ibuf_I_O)         1.441     1.441 r  btnC_IBUF_inst/O
                         net (fo=10, routed)          1.457     2.898    config_unit/btnC
    SLICE_X2Y5           FDRE                                         r  config_unit/rom_addr_reg[2]/R
  -------------------------------------------------------------------    -------------------

                         (clock clk_out1_clk_viz_1 rise edge)
                                                      0.000     0.000 r  
    W5                                                0.000     0.000 r  clk_100mhz (IN)
                         net (fo=0)                   0.000     0.000    instance_name/inst/clk_in1
    W5                   IBUF (Prop_ibuf_I_O)         1.388     1.388 r  instance_name/inst/clkin1_ibufg/O
                         net (fo=1, routed)           1.162     2.550    instance_name/inst/clk_in1_clk_viz
    MMCME2_ADV_X1Y0      MMCME2_ADV (Prop_mmcme2_adv_CLKIN1_CLKOUT0)
                                                     -7.217    -4.668 r  instance_name/inst/mmcm_adv_inst/CLKOUT0
                         net (fo=1, routed)           1.581    -3.086    instance_name/inst/clk_out1_clk_viz
    BUFGCTRL_X0Y1        BUFG (Prop_bufg_I_O)         0.091    -2.995 r  instance_name/inst/clkout1_buf/O
                         net (fo=83, routed)          1.519    -1.476    config_unit/CLK
    SLICE_X2Y5           FDRE                                         r  config_unit/rom_addr_reg[2]/C

Slack:                    inf
  Source:                 btnC
                            (input port)
  Destination:            config_unit/rom_addr_reg[3]/R
                            (rising edge-triggered cell FDRE clocked by clk_out1_clk_viz_1  {rise@0.000ns fall@20.000ns period=40.000ns})
  Path Group:             (none)
  Path Type:              Setup (Max at Slow Process Corner)
  Data Path Delay:        2.898ns  (logic 1.441ns (49.726%)  route 1.457ns (50.274%))
  Logic Levels:           1  (IBUF=1)
  Clock Path Skew:        -1.476ns (DCD - SCD + CPR)
    Destination Clock Delay (DCD):    -1.476ns
    Source Clock Delay      (SCD):    0.000ns
    Clock Pessimism Removal (CPR):    0.000ns
  Clock Uncertainty:      0.233ns  ((TSJ^2 + DJ^2)^1/2) / 2 + PE
    Total System Jitter     (TSJ):    0.050ns
    Discrete Jitter          (DJ):    0.195ns
    Phase Error              (PE):    0.132ns

    Location             Delay type                Incr(ns)  Path(ns)    Netlist Resource(s)
  -------------------------------------------------------------------    -------------------
    U18                                               0.000     0.000 r  btnC (IN)
                         net (fo=0)                   0.000     0.000    btnC
    U18                  IBUF (Prop_ibuf_I_O)         1.441     1.441 r  btnC_IBUF_inst/O
                         net (fo=10, routed)          1.457     2.898    config_unit/btnC
    SLICE_X2Y5           FDRE                                         r  config_unit/rom_addr_reg[3]/R
  -------------------------------------------------------------------    -------------------

                         (clock clk_out1_clk_viz_1 rise edge)
                                                      0.000     0.000 r  
    W5                                                0.000     0.000 r  clk_100mhz (IN)
                         net (fo=0)                   0.000     0.000    instance_name/inst/clk_in1
    W5                   IBUF (Prop_ibuf_I_O)         1.388     1.388 r  instance_name/inst/clkin1_ibufg/O
                         net (fo=1, routed)           1.162     2.550    instance_name/inst/clk_in1_clk_viz
    MMCME2_ADV_X1Y0      MMCME2_ADV (Prop_mmcme2_adv_CLKIN1_CLKOUT0)
                                                     -7.217    -4.668 r  instance_name/inst/mmcm_adv_inst/CLKOUT0
                         net (fo=1, routed)           1.581    -3.086    instance_name/inst/clk_out1_clk_viz
    BUFGCTRL_X0Y1        BUFG (Prop_bufg_I_O)         0.091    -2.995 r  instance_name/inst/clkout1_buf/O
                         net (fo=83, routed)          1.519    -1.476    config_unit/CLK
    SLICE_X2Y5           FDRE                                         r  config_unit/rom_addr_reg[3]/C

Slack:                    inf
  Source:                 btnC
                            (input port)
  Destination:            config_unit/rom_addr_reg[4]/R
                            (rising edge-triggered cell FDRE clocked by clk_out1_clk_viz_1  {rise@0.000ns fall@20.000ns period=40.000ns})
  Path Group:             (none)
  Path Type:              Setup (Max at Slow Process Corner)
  Data Path Delay:        2.898ns  (logic 1.441ns (49.726%)  route 1.457ns (50.274%))
  Logic Levels:           1  (IBUF=1)
  Clock Path Skew:        -1.476ns (DCD - SCD + CPR)
    Destination Clock Delay (DCD):    -1.476ns
    Source Clock Delay      (SCD):    0.000ns
    Clock Pessimism Removal (CPR):    0.000ns
  Clock Uncertainty:      0.233ns  ((TSJ^2 + DJ^2)^1/2) / 2 + PE
    Total System Jitter     (TSJ):    0.050ns
    Discrete Jitter          (DJ):    0.195ns
    Phase Error              (PE):    0.132ns

    Location             Delay type                Incr(ns)  Path(ns)    Netlist Resource(s)
  -------------------------------------------------------------------    -------------------
    U18                                               0.000     0.000 r  btnC (IN)
                         net (fo=0)                   0.000     0.000    btnC
    U18                  IBUF (Prop_ibuf_I_O)         1.441     1.441 r  btnC_IBUF_inst/O
                         net (fo=10, routed)          1.457     2.898    config_unit/btnC
    SLICE_X2Y5           FDRE                                         r  config_unit/rom_addr_reg[4]/R
  -------------------------------------------------------------------    -------------------

                         (clock clk_out1_clk_viz_1 rise edge)
                                                      0.000     0.000 r  
    W5                                                0.000     0.000 r  clk_100mhz (IN)
                         net (fo=0)                   0.000     0.000    instance_name/inst/clk_in1
    W5                   IBUF (Prop_ibuf_I_O)         1.388     1.388 r  instance_name/inst/clkin1_ibufg/O
                         net (fo=1, routed)           1.162     2.550    instance_name/inst/clk_in1_clk_viz
    MMCME2_ADV_X1Y0      MMCME2_ADV (Prop_mmcme2_adv_CLKIN1_CLKOUT0)
                                                     -7.217    -4.668 r  instance_name/inst/mmcm_adv_inst/CLKOUT0
                         net (fo=1, routed)           1.581    -3.086    instance_name/inst/clk_out1_clk_viz
    BUFGCTRL_X0Y1        BUFG (Prop_bufg_I_O)         0.091    -2.995 r  instance_name/inst/clkout1_buf/O
                         net (fo=83, routed)          1.519    -1.476    config_unit/CLK
    SLICE_X2Y5           FDRE                                         r  config_unit/rom_addr_reg[4]/C

Slack:                    inf
  Source:                 btnC
                            (input port)
  Destination:            config_unit/rom_addr_reg[5]/R
                            (rising edge-triggered cell FDRE clocked by clk_out1_clk_viz_1  {rise@0.000ns fall@20.000ns period=40.000ns})
  Path Group:             (none)
  Path Type:              Setup (Max at Slow Process Corner)
  Data Path Delay:        2.898ns  (logic 1.441ns (49.726%)  route 1.457ns (50.274%))
  Logic Levels:           1  (IBUF=1)
  Clock Path Skew:        -1.476ns (DCD - SCD + CPR)
    Destination Clock Delay (DCD):    -1.476ns
    Source Clock Delay      (SCD):    0.000ns
    Clock Pessimism Removal (CPR):    0.000ns
  Clock Uncertainty:      0.233ns  ((TSJ^2 + DJ^2)^1/2) / 2 + PE
    Total System Jitter     (TSJ):    0.050ns
    Discrete Jitter          (DJ):    0.195ns
    Phase Error              (PE):    0.132ns

    Location             Delay type                Incr(ns)  Path(ns)    Netlist Resource(s)
  -------------------------------------------------------------------    -------------------
    U18                                               0.000     0.000 r  btnC (IN)
                         net (fo=0)                   0.000     0.000    btnC
    U18                  IBUF (Prop_ibuf_I_O)         1.441     1.441 r  btnC_IBUF_inst/O
                         net (fo=10, routed)          1.457     2.898    config_unit/btnC
    SLICE_X2Y5           FDRE                                         r  config_unit/rom_addr_reg[5]/R
  -------------------------------------------------------------------    -------------------

                         (clock clk_out1_clk_viz_1 rise edge)
                                                      0.000     0.000 r  
    W5                                                0.000     0.000 r  clk_100mhz (IN)
                         net (fo=0)                   0.000     0.000    instance_name/inst/clk_in1
    W5                   IBUF (Prop_ibuf_I_O)         1.388     1.388 r  instance_name/inst/clkin1_ibufg/O
                         net (fo=1, routed)           1.162     2.550    instance_name/inst/clk_in1_clk_viz
    MMCME2_ADV_X1Y0      MMCME2_ADV (Prop_mmcme2_adv_CLKIN1_CLKOUT0)
                                                     -7.217    -4.668 r  instance_name/inst/mmcm_adv_inst/CLKOUT0
                         net (fo=1, routed)           1.581    -3.086    instance_name/inst/clk_out1_clk_viz
    BUFGCTRL_X0Y1        BUFG (Prop_bufg_I_O)         0.091    -2.995 r  instance_name/inst/clkout1_buf/O
                         net (fo=83, routed)          1.519    -1.476    config_unit/CLK
    SLICE_X2Y5           FDRE                                         r  config_unit/rom_addr_reg[5]/C

Slack:                    inf
  Source:                 btnC
                            (input port)
  Destination:            config_unit/rom_addr_reg[6]/R
                            (rising edge-triggered cell FDRE clocked by clk_out1_clk_viz_1  {rise@0.000ns fall@20.000ns period=40.000ns})
  Path Group:             (none)
  Path Type:              Setup (Max at Slow Process Corner)
  Data Path Delay:        2.898ns  (logic 1.441ns (49.726%)  route 1.457ns (50.274%))
  Logic Levels:           1  (IBUF=1)
  Clock Path Skew:        -1.476ns (DCD - SCD + CPR)
    Destination Clock Delay (DCD):    -1.476ns
    Source Clock Delay      (SCD):    0.000ns
    Clock Pessimism Removal (CPR):    0.000ns
  Clock Uncertainty:      0.233ns  ((TSJ^2 + DJ^2)^1/2) / 2 + PE
    Total System Jitter     (TSJ):    0.050ns
    Discrete Jitter          (DJ):    0.195ns
    Phase Error              (PE):    0.132ns

    Location             Delay type                Incr(ns)  Path(ns)    Netlist Resource(s)
  -------------------------------------------------------------------    -------------------
    U18                                               0.000     0.000 r  btnC (IN)
                         net (fo=0)                   0.000     0.000    btnC
    U18                  IBUF (Prop_ibuf_I_O)         1.441     1.441 r  btnC_IBUF_inst/O
                         net (fo=10, routed)          1.457     2.898    config_unit/btnC
    SLICE_X2Y5           FDRE                                         r  config_unit/rom_addr_reg[6]/R
  -------------------------------------------------------------------    -------------------

                         (clock clk_out1_clk_viz_1 rise edge)
                                                      0.000     0.000 r  
    W5                                                0.000     0.000 r  clk_100mhz (IN)
                         net (fo=0)                   0.000     0.000    instance_name/inst/clk_in1
    W5                   IBUF (Prop_ibuf_I_O)         1.388     1.388 r  instance_name/inst/clkin1_ibufg/O
                         net (fo=1, routed)           1.162     2.550    instance_name/inst/clk_in1_clk_viz
    MMCME2_ADV_X1Y0      MMCME2_ADV (Prop_mmcme2_adv_CLKIN1_CLKOUT0)
                                                     -7.217    -4.668 r  instance_name/inst/mmcm_adv_inst/CLKOUT0
                         net (fo=1, routed)           1.581    -3.086    instance_name/inst/clk_out1_clk_viz
    BUFGCTRL_X0Y1        BUFG (Prop_bufg_I_O)         0.091    -2.995 r  instance_name/inst/clkout1_buf/O
                         net (fo=83, routed)          1.519    -1.476    config_unit/CLK
    SLICE_X2Y5           FDRE                                         r  config_unit/rom_addr_reg[6]/C

Slack:                    inf
  Source:                 btnC
                            (input port)
  Destination:            config_unit/rom_addr_reg[7]/R
                            (rising edge-triggered cell FDRE clocked by clk_out1_clk_viz_1  {rise@0.000ns fall@20.000ns period=40.000ns})
  Path Group:             (none)
  Path Type:              Setup (Max at Slow Process Corner)
  Data Path Delay:        2.898ns  (logic 1.441ns (49.726%)  route 1.457ns (50.274%))
  Logic Levels:           1  (IBUF=1)
  Clock Path Skew:        -1.476ns (DCD - SCD + CPR)
    Destination Clock Delay (DCD):    -1.476ns
    Source Clock Delay      (SCD):    0.000ns
    Clock Pessimism Removal (CPR):    0.000ns
  Clock Uncertainty:      0.233ns  ((TSJ^2 + DJ^2)^1/2) / 2 + PE
    Total System Jitter     (TSJ):    0.050ns
    Discrete Jitter          (DJ):    0.195ns
    Phase Error              (PE):    0.132ns

    Location             Delay type                Incr(ns)  Path(ns)    Netlist Resource(s)
  -------------------------------------------------------------------    -------------------
    U18                                               0.000     0.000 r  btnC (IN)
                         net (fo=0)                   0.000     0.000    btnC
    U18                  IBUF (Prop_ibuf_I_O)         1.441     1.441 r  btnC_IBUF_inst/O
                         net (fo=10, routed)          1.457     2.898    config_unit/btnC
    SLICE_X2Y5           FDRE                                         r  config_unit/rom_addr_reg[7]/R
  -------------------------------------------------------------------    -------------------

                         (clock clk_out1_clk_viz_1 rise edge)
                                                      0.000     0.000 r  
    W5                                                0.000     0.000 r  clk_100mhz (IN)
                         net (fo=0)                   0.000     0.000    instance_name/inst/clk_in1
    W5                   IBUF (Prop_ibuf_I_O)         1.388     1.388 r  instance_name/inst/clkin1_ibufg/O
                         net (fo=1, routed)           1.162     2.550    instance_name/inst/clk_in1_clk_viz
    MMCME2_ADV_X1Y0      MMCME2_ADV (Prop_mmcme2_adv_CLKIN1_CLKOUT0)
                                                     -7.217    -4.668 r  instance_name/inst/mmcm_adv_inst/CLKOUT0
                         net (fo=1, routed)           1.581    -3.086    instance_name/inst/clk_out1_clk_viz
    BUFGCTRL_X0Y1        BUFG (Prop_bufg_I_O)         0.091    -2.995 r  instance_name/inst/clkout1_buf/O
                         net (fo=83, routed)          1.519    -1.476    config_unit/CLK
    SLICE_X2Y5           FDRE                                         r  config_unit/rom_addr_reg[7]/C





Min Delay Paths
--------------------------------------------------------------------------------------
Slack:                    inf
  Source:                 config_unit/sccb/ready_reg/C
                            (rising edge-triggered cell FDRE)
  Destination:            config_unit/start_reg/D
                            (rising edge-triggered cell FDRE clocked by clk_out1_clk_viz_1  {rise@0.000ns fall@20.000ns period=40.000ns})
  Path Group:             (none)
  Path Type:              Hold (Min at Fast Process Corner)
  Data Path Delay:        0.313ns  (logic 0.186ns (59.347%)  route 0.127ns (40.653%))
  Logic Levels:           2  (FDRE=1 LUT5=1)
  Clock Uncertainty:      0.233ns  ((TSJ^2 + DJ^2)^1/2) / 2 + PE
    Total System Jitter     (TSJ):    0.050ns
    Discrete Jitter          (DJ):    0.195ns
    Phase Error              (PE):    0.132ns

    Location             Delay type                Incr(ns)  Path(ns)    Netlist Resource(s)
  -------------------------------------------------------------------    -------------------
    SLICE_X1Y6           FDRE                         0.000     0.000 r  config_unit/sccb/ready_reg/C
    SLICE_X1Y6           FDRE (Prop_fdre_C_Q)         0.141     0.141 r  config_unit/sccb/ready_reg/Q
                         net (fo=4, routed)           0.127     0.268    config_unit/sccb/ready
    SLICE_X1Y5           LUT5 (Prop_lut5_I3_O)        0.045     0.313 r  config_unit/sccb/start_i_1/O
                         net (fo=1, routed)           0.000     0.313    config_unit/sccb_n_4
    SLICE_X1Y5           FDRE                                         r  config_unit/start_reg/D
  -------------------------------------------------------------------    -------------------

                         (clock clk_out1_clk_viz_1 rise edge)
                                                      0.000     0.000 r  
    W5                                                0.000     0.000 r  clk_100mhz (IN)
                         net (fo=0)                   0.000     0.000    instance_name/inst/clk_in1
    W5                   IBUF (Prop_ibuf_I_O)         0.414     0.414 r  instance_name/inst/clkin1_ibufg/O
                         net (fo=1, routed)           0.480     0.894    instance_name/inst/clk_in1_clk_viz
    MMCME2_ADV_X1Y0      MMCME2_ADV (Prop_mmcme2_adv_CLKIN1_CLKOUT0)
                                                     -3.142    -2.248 r  instance_name/inst/mmcm_adv_inst/CLKOUT0
                         net (fo=1, routed)           0.530    -1.718    instance_name/inst/clk_out1_clk_viz
    BUFGCTRL_X0Y1        BUFG (Prop_bufg_I_O)         0.029    -1.689 r  instance_name/inst/clkout1_buf/O
                         net (fo=83, routed)          0.866    -0.824    config_unit/CLK
    SLICE_X1Y5           FDRE                                         r  config_unit/start_reg/C

Slack:                    inf
  Source:                 config_unit/sccb/ready_reg/C
                            (rising edge-triggered cell FDRE)
  Destination:            config_unit/config_finished_reg/D
                            (rising edge-triggered cell FDRE clocked by clk_out1_clk_viz_1  {rise@0.000ns fall@20.000ns period=40.000ns})
  Path Group:             (none)
  Path Type:              Hold (Min at Fast Process Corner)
  Data Path Delay:        0.486ns  (logic 0.186ns (38.249%)  route 0.300ns (61.750%))
  Logic Levels:           2  (FDRE=1 LUT6=1)
  Clock Uncertainty:      0.233ns  ((TSJ^2 + DJ^2)^1/2) / 2 + PE
    Total System Jitter     (TSJ):    0.050ns
    Discrete Jitter          (DJ):    0.195ns
    Phase Error              (PE):    0.132ns

    Location             Delay type                Incr(ns)  Path(ns)    Netlist Resource(s)
  -------------------------------------------------------------------    -------------------
    SLICE_X1Y6           FDRE                         0.000     0.000 r  config_unit/sccb/ready_reg/C
    SLICE_X1Y6           FDRE (Prop_fdre_C_Q)         0.141     0.141 f  config_unit/sccb/ready_reg/Q
                         net (fo=4, routed)           0.300     0.441    config_unit/sccb/ready
    SLICE_X2Y6           LUT6 (Prop_lut6_I1_O)        0.045     0.486 r  config_unit/sccb/config_finished_i_1/O
                         net (fo=1, routed)           0.000     0.486    config_unit/sccb_n_2
    SLICE_X2Y6           FDRE                                         r  config_unit/config_finished_reg/D
  -------------------------------------------------------------------    -------------------

                         (clock clk_out1_clk_viz_1 rise edge)
                                                      0.000     0.000 r  
    W5                                                0.000     0.000 r  clk_100mhz (IN)
                         net (fo=0)                   0.000     0.000    instance_name/inst/clk_in1
    W5                   IBUF (Prop_ibuf_I_O)         0.414     0.414 r  instance_name/inst/clkin1_ibufg/O
                         net (fo=1, routed)           0.480     0.894    instance_name/inst/clk_in1_clk_viz
    MMCME2_ADV_X1Y0      MMCME2_ADV (Prop_mmcme2_adv_CLKIN1_CLKOUT0)
                                                     -3.142    -2.248 r  instance_name/inst/mmcm_adv_inst/CLKOUT0
                         net (fo=1, routed)           0.530    -1.718    instance_name/inst/clk_out1_clk_viz
    BUFGCTRL_X0Y1        BUFG (Prop_bufg_I_O)         0.029    -1.689 r  instance_name/inst/clkout1_buf/O
                         net (fo=83, routed)          0.866    -0.824    config_unit/CLK
    SLICE_X2Y6           FDRE                                         r  config_unit/config_finished_reg/C

Slack:                    inf
  Source:                 config_unit/sccb/done_reg/C
                            (rising edge-triggered cell FDRE)
  Destination:            config_unit/rom_addr_reg[0]/CE
                            (rising edge-triggered cell FDRE clocked by clk_out1_clk_viz_1  {rise@0.000ns fall@20.000ns period=40.000ns})
  Path Group:             (none)
  Path Type:              Hold (Min at Fast Process Corner)
  Data Path Delay:        0.611ns  (logic 0.226ns (36.982%)  route 0.385ns (63.018%))
  Logic Levels:           2  (FDRE=1 LUT5=1)
  Clock Uncertainty:      0.233ns  ((TSJ^2 + DJ^2)^1/2) / 2 + PE
    Total System Jitter     (TSJ):    0.050ns
    Discrete Jitter          (DJ):    0.195ns
    Phase Error              (PE):    0.132ns

    Location             Delay type                Incr(ns)  Path(ns)    Netlist Resource(s)
  -------------------------------------------------------------------    -------------------
    SLICE_X1Y6           FDRE                         0.000     0.000 r  config_unit/sccb/done_reg/C
    SLICE_X1Y6           FDRE (Prop_fdre_C_Q)         0.128     0.128 r  config_unit/sccb/done_reg/Q
                         net (fo=4, routed)           0.217     0.345    config_unit/sccb/done
    SLICE_X2Y6           LUT5 (Prop_lut5_I2_O)        0.098     0.443 r  config_unit/sccb/rom_addr[7]_i_1/O
                         net (fo=8, routed)           0.168     0.611    config_unit/sccb_n_3
    SLICE_X2Y5           FDRE                                         r  config_unit/rom_addr_reg[0]/CE
  -------------------------------------------------------------------    -------------------

                         (clock clk_out1_clk_viz_1 rise edge)
                                                      0.000     0.000 r  
    W5                                                0.000     0.000 r  clk_100mhz (IN)
                         net (fo=0)                   0.000     0.000    instance_name/inst/clk_in1
    W5                   IBUF (Prop_ibuf_I_O)         0.414     0.414 r  instance_name/inst/clkin1_ibufg/O
                         net (fo=1, routed)           0.480     0.894    instance_name/inst/clk_in1_clk_viz
    MMCME2_ADV_X1Y0      MMCME2_ADV (Prop_mmcme2_adv_CLKIN1_CLKOUT0)
                                                     -3.142    -2.248 r  instance_name/inst/mmcm_adv_inst/CLKOUT0
                         net (fo=1, routed)           0.530    -1.718    instance_name/inst/clk_out1_clk_viz
    BUFGCTRL_X0Y1        BUFG (Prop_bufg_I_O)         0.029    -1.689 r  instance_name/inst/clkout1_buf/O
                         net (fo=83, routed)          0.866    -0.824    config_unit/CLK
    SLICE_X2Y5           FDRE                                         r  config_unit/rom_addr_reg[0]/C

Slack:                    inf
  Source:                 config_unit/sccb/done_reg/C
                            (rising edge-triggered cell FDRE)
  Destination:            config_unit/rom_addr_reg[1]/CE
                            (rising edge-triggered cell FDRE clocked by clk_out1_clk_viz_1  {rise@0.000ns fall@20.000ns period=40.000ns})
  Path Group:             (none)
  Path Type:              Hold (Min at Fast Process Corner)
  Data Path Delay:        0.611ns  (logic 0.226ns (36.982%)  route 0.385ns (63.018%))
  Logic Levels:           2  (FDRE=1 LUT5=1)
  Clock Uncertainty:      0.233ns  ((TSJ^2 + DJ^2)^1/2) / 2 + PE
    Total System Jitter     (TSJ):    0.050ns
    Discrete Jitter          (DJ):    0.195ns
    Phase Error              (PE):    0.132ns

    Location             Delay type                Incr(ns)  Path(ns)    Netlist Resource(s)
  -------------------------------------------------------------------    -------------------
    SLICE_X1Y6           FDRE                         0.000     0.000 r  config_unit/sccb/done_reg/C
    SLICE_X1Y6           FDRE (Prop_fdre_C_Q)         0.128     0.128 r  config_unit/sccb/done_reg/Q
                         net (fo=4, routed)           0.217     0.345    config_unit/sccb/done
    SLICE_X2Y6           LUT5 (Prop_lut5_I2_O)        0.098     0.443 r  config_unit/sccb/rom_addr[7]_i_1/O
                         net (fo=8, routed)           0.168     0.611    config_unit/sccb_n_3
    SLICE_X2Y5           FDRE                                         r  config_unit/rom_addr_reg[1]/CE
  -------------------------------------------------------------------    -------------------

                         (clock clk_out1_clk_viz_1 rise edge)
                                                      0.000     0.000 r  
    W5                                                0.000     0.000 r  clk_100mhz (IN)
                         net (fo=0)                   0.000     0.000    instance_name/inst/clk_in1
    W5                   IBUF (Prop_ibuf_I_O)         0.414     0.414 r  instance_name/inst/clkin1_ibufg/O
                         net (fo=1, routed)           0.480     0.894    instance_name/inst/clk_in1_clk_viz
    MMCME2_ADV_X1Y0      MMCME2_ADV (Prop_mmcme2_adv_CLKIN1_CLKOUT0)
                                                     -3.142    -2.248 r  instance_name/inst/mmcm_adv_inst/CLKOUT0
                         net (fo=1, routed)           0.530    -1.718    instance_name/inst/clk_out1_clk_viz
    BUFGCTRL_X0Y1        BUFG (Prop_bufg_I_O)         0.029    -1.689 r  instance_name/inst/clkout1_buf/O
                         net (fo=83, routed)          0.866    -0.824    config_unit/CLK
    SLICE_X2Y5           FDRE                                         r  config_unit/rom_addr_reg[1]/C

Slack:                    inf
  Source:                 config_unit/sccb/done_reg/C
                            (rising edge-triggered cell FDRE)
  Destination:            config_unit/rom_addr_reg[2]/CE
                            (rising edge-triggered cell FDRE clocked by clk_out1_clk_viz_1  {rise@0.000ns fall@20.000ns period=40.000ns})
  Path Group:             (none)
  Path Type:              Hold (Min at Fast Process Corner)
  Data Path Delay:        0.611ns  (logic 0.226ns (36.982%)  route 0.385ns (63.018%))
  Logic Levels:           2  (FDRE=1 LUT5=1)
  Clock Uncertainty:      0.233ns  ((TSJ^2 + DJ^2)^1/2) / 2 + PE
    Total System Jitter     (TSJ):    0.050ns
    Discrete Jitter          (DJ):    0.195ns
    Phase Error              (PE):    0.132ns

    Location             Delay type                Incr(ns)  Path(ns)    Netlist Resource(s)
  -------------------------------------------------------------------    -------------------
    SLICE_X1Y6           FDRE                         0.000     0.000 r  config_unit/sccb/done_reg/C
    SLICE_X1Y6           FDRE (Prop_fdre_C_Q)         0.128     0.128 r  config_unit/sccb/done_reg/Q
                         net (fo=4, routed)           0.217     0.345    config_unit/sccb/done
    SLICE_X2Y6           LUT5 (Prop_lut5_I2_O)        0.098     0.443 r  config_unit/sccb/rom_addr[7]_i_1/O
                         net (fo=8, routed)           0.168     0.611    config_unit/sccb_n_3
    SLICE_X2Y5           FDRE                                         r  config_unit/rom_addr_reg[2]/CE
  -------------------------------------------------------------------    -------------------

                         (clock clk_out1_clk_viz_1 rise edge)
                                                      0.000     0.000 r  
    W5                                                0.000     0.000 r  clk_100mhz (IN)
                         net (fo=0)                   0.000     0.000    instance_name/inst/clk_in1
    W5                   IBUF (Prop_ibuf_I_O)         0.414     0.414 r  instance_name/inst/clkin1_ibufg/O
                         net (fo=1, routed)           0.480     0.894    instance_name/inst/clk_in1_clk_viz
    MMCME2_ADV_X1Y0      MMCME2_ADV (Prop_mmcme2_adv_CLKIN1_CLKOUT0)
                                                     -3.142    -2.248 r  instance_name/inst/mmcm_adv_inst/CLKOUT0
                         net (fo=1, routed)           0.530    -1.718    instance_name/inst/clk_out1_clk_viz
    BUFGCTRL_X0Y1        BUFG (Prop_bufg_I_O)         0.029    -1.689 r  instance_name/inst/clkout1_buf/O
                         net (fo=83, routed)          0.866    -0.824    config_unit/CLK
    SLICE_X2Y5           FDRE                                         r  config_unit/rom_addr_reg[2]/C

Slack:                    inf
  Source:                 config_unit/sccb/done_reg/C
                            (rising edge-triggered cell FDRE)
  Destination:            config_unit/rom_addr_reg[3]/CE
                            (rising edge-triggered cell FDRE clocked by clk_out1_clk_viz_1  {rise@0.000ns fall@20.000ns period=40.000ns})
  Path Group:             (none)
  Path Type:              Hold (Min at Fast Process Corner)
  Data Path Delay:        0.611ns  (logic 0.226ns (36.982%)  route 0.385ns (63.018%))
  Logic Levels:           2  (FDRE=1 LUT5=1)
  Clock Uncertainty:      0.233ns  ((TSJ^2 + DJ^2)^1/2) / 2 + PE
    Total System Jitter     (TSJ):    0.050ns
    Discrete Jitter          (DJ):    0.195ns
    Phase Error              (PE):    0.132ns

    Location             Delay type                Incr(ns)  Path(ns)    Netlist Resource(s)
  -------------------------------------------------------------------    -------------------
    SLICE_X1Y6           FDRE                         0.000     0.000 r  config_unit/sccb/done_reg/C
    SLICE_X1Y6           FDRE (Prop_fdre_C_Q)         0.128     0.128 r  config_unit/sccb/done_reg/Q
                         net (fo=4, routed)           0.217     0.345    config_unit/sccb/done
    SLICE_X2Y6           LUT5 (Prop_lut5_I2_O)        0.098     0.443 r  config_unit/sccb/rom_addr[7]_i_1/O
                         net (fo=8, routed)           0.168     0.611    config_unit/sccb_n_3
    SLICE_X2Y5           FDRE                                         r  config_unit/rom_addr_reg[3]/CE
  -------------------------------------------------------------------    -------------------

                         (clock clk_out1_clk_viz_1 rise edge)
                                                      0.000     0.000 r  
    W5                                                0.000     0.000 r  clk_100mhz (IN)
                         net (fo=0)                   0.000     0.000    instance_name/inst/clk_in1
    W5                   IBUF (Prop_ibuf_I_O)         0.414     0.414 r  instance_name/inst/clkin1_ibufg/O
                         net (fo=1, routed)           0.480     0.894    instance_name/inst/clk_in1_clk_viz
    MMCME2_ADV_X1Y0      MMCME2_ADV (Prop_mmcme2_adv_CLKIN1_CLKOUT0)
                                                     -3.142    -2.248 r  instance_name/inst/mmcm_adv_inst/CLKOUT0
                         net (fo=1, routed)           0.530    -1.718    instance_name/inst/clk_out1_clk_viz
    BUFGCTRL_X0Y1        BUFG (Prop_bufg_I_O)         0.029    -1.689 r  instance_name/inst/clkout1_buf/O
                         net (fo=83, routed)          0.866    -0.824    config_unit/CLK
    SLICE_X2Y5           FDRE                                         r  config_unit/rom_addr_reg[3]/C

Slack:                    inf
  Source:                 config_unit/sccb/done_reg/C
                            (rising edge-triggered cell FDRE)
  Destination:            config_unit/rom_addr_reg[4]/CE
                            (rising edge-triggered cell FDRE clocked by clk_out1_clk_viz_1  {rise@0.000ns fall@20.000ns period=40.000ns})
  Path Group:             (none)
  Path Type:              Hold (Min at Fast Process Corner)
  Data Path Delay:        0.611ns  (logic 0.226ns (36.982%)  route 0.385ns (63.018%))
  Logic Levels:           2  (FDRE=1 LUT5=1)
  Clock Uncertainty:      0.233ns  ((TSJ^2 + DJ^2)^1/2) / 2 + PE
    Total System Jitter     (TSJ):    0.050ns
    Discrete Jitter          (DJ):    0.195ns
    Phase Error              (PE):    0.132ns

    Location             Delay type                Incr(ns)  Path(ns)    Netlist Resource(s)
  -------------------------------------------------------------------    -------------------
    SLICE_X1Y6           FDRE                         0.000     0.000 r  config_unit/sccb/done_reg/C
    SLICE_X1Y6           FDRE (Prop_fdre_C_Q)         0.128     0.128 r  config_unit/sccb/done_reg/Q
                         net (fo=4, routed)           0.217     0.345    config_unit/sccb/done
    SLICE_X2Y6           LUT5 (Prop_lut5_I2_O)        0.098     0.443 r  config_unit/sccb/rom_addr[7]_i_1/O
                         net (fo=8, routed)           0.168     0.611    config_unit/sccb_n_3
    SLICE_X2Y5           FDRE                                         r  config_unit/rom_addr_reg[4]/CE
  -------------------------------------------------------------------    -------------------

                         (clock clk_out1_clk_viz_1 rise edge)
                                                      0.000     0.000 r  
    W5                                                0.000     0.000 r  clk_100mhz (IN)
                         net (fo=0)                   0.000     0.000    instance_name/inst/clk_in1
    W5                   IBUF (Prop_ibuf_I_O)         0.414     0.414 r  instance_name/inst/clkin1_ibufg/O
                         net (fo=1, routed)           0.480     0.894    instance_name/inst/clk_in1_clk_viz
    MMCME2_ADV_X1Y0      MMCME2_ADV (Prop_mmcme2_adv_CLKIN1_CLKOUT0)
                                                     -3.142    -2.248 r  instance_name/inst/mmcm_adv_inst/CLKOUT0
                         net (fo=1, routed)           0.530    -1.718    instance_name/inst/clk_out1_clk_viz
    BUFGCTRL_X0Y1        BUFG (Prop_bufg_I_O)         0.029    -1.689 r  instance_name/inst/clkout1_buf/O
                         net (fo=83, routed)          0.866    -0.824    config_unit/CLK
    SLICE_X2Y5           FDRE                                         r  config_unit/rom_addr_reg[4]/C

Slack:                    inf
  Source:                 config_unit/sccb/done_reg/C
                            (rising edge-triggered cell FDRE)
  Destination:            config_unit/rom_addr_reg[5]/CE
                            (rising edge-triggered cell FDRE clocked by clk_out1_clk_viz_1  {rise@0.000ns fall@20.000ns period=40.000ns})
  Path Group:             (none)
  Path Type:              Hold (Min at Fast Process Corner)
  Data Path Delay:        0.611ns  (logic 0.226ns (36.982%)  route 0.385ns (63.018%))
  Logic Levels:           2  (FDRE=1 LUT5=1)
  Clock Uncertainty:      0.233ns  ((TSJ^2 + DJ^2)^1/2) / 2 + PE
    Total System Jitter     (TSJ):    0.050ns
    Discrete Jitter          (DJ):    0.195ns
    Phase Error              (PE):    0.132ns

    Location             Delay type                Incr(ns)  Path(ns)    Netlist Resource(s)
  -------------------------------------------------------------------    -------------------
    SLICE_X1Y6           FDRE                         0.000     0.000 r  config_unit/sccb/done_reg/C
    SLICE_X1Y6           FDRE (Prop_fdre_C_Q)         0.128     0.128 r  config_unit/sccb/done_reg/Q
                         net (fo=4, routed)           0.217     0.345    config_unit/sccb/done
    SLICE_X2Y6           LUT5 (Prop_lut5_I2_O)        0.098     0.443 r  config_unit/sccb/rom_addr[7]_i_1/O
                         net (fo=8, routed)           0.168     0.611    config_unit/sccb_n_3
    SLICE_X2Y5           FDRE                                         r  config_unit/rom_addr_reg[5]/CE
  -------------------------------------------------------------------    -------------------

                         (clock clk_out1_clk_viz_1 rise edge)
                                                      0.000     0.000 r  
    W5                                                0.000     0.000 r  clk_100mhz (IN)
                         net (fo=0)                   0.000     0.000    instance_name/inst/clk_in1
    W5                   IBUF (Prop_ibuf_I_O)         0.414     0.414 r  instance_name/inst/clkin1_ibufg/O
                         net (fo=1, routed)           0.480     0.894    instance_name/inst/clk_in1_clk_viz
    MMCME2_ADV_X1Y0      MMCME2_ADV (Prop_mmcme2_adv_CLKIN1_CLKOUT0)
                                                     -3.142    -2.248 r  instance_name/inst/mmcm_adv_inst/CLKOUT0
                         net (fo=1, routed)           0.530    -1.718    instance_name/inst/clk_out1_clk_viz
    BUFGCTRL_X0Y1        BUFG (Prop_bufg_I_O)         0.029    -1.689 r  instance_name/inst/clkout1_buf/O
                         net (fo=83, routed)          0.866    -0.824    config_unit/CLK
    SLICE_X2Y5           FDRE                                         r  config_unit/rom_addr_reg[5]/C

Slack:                    inf
  Source:                 config_unit/sccb/done_reg/C
                            (rising edge-triggered cell FDRE)
  Destination:            config_unit/rom_addr_reg[6]/CE
                            (rising edge-triggered cell FDRE clocked by clk_out1_clk_viz_1  {rise@0.000ns fall@20.000ns period=40.000ns})
  Path Group:             (none)
  Path Type:              Hold (Min at Fast Process Corner)
  Data Path Delay:        0.611ns  (logic 0.226ns (36.982%)  route 0.385ns (63.018%))
  Logic Levels:           2  (FDRE=1 LUT5=1)
  Clock Uncertainty:      0.233ns  ((TSJ^2 + DJ^2)^1/2) / 2 + PE
    Total System Jitter     (TSJ):    0.050ns
    Discrete Jitter          (DJ):    0.195ns
    Phase Error              (PE):    0.132ns

    Location             Delay type                Incr(ns)  Path(ns)    Netlist Resource(s)
  -------------------------------------------------------------------    -------------------
    SLICE_X1Y6           FDRE                         0.000     0.000 r  config_unit/sccb/done_reg/C
    SLICE_X1Y6           FDRE (Prop_fdre_C_Q)         0.128     0.128 r  config_unit/sccb/done_reg/Q
                         net (fo=4, routed)           0.217     0.345    config_unit/sccb/done
    SLICE_X2Y6           LUT5 (Prop_lut5_I2_O)        0.098     0.443 r  config_unit/sccb/rom_addr[7]_i_1/O
                         net (fo=8, routed)           0.168     0.611    config_unit/sccb_n_3
    SLICE_X2Y5           FDRE                                         r  config_unit/rom_addr_reg[6]/CE
  -------------------------------------------------------------------    -------------------

                         (clock clk_out1_clk_viz_1 rise edge)
                                                      0.000     0.000 r  
    W5                                                0.000     0.000 r  clk_100mhz (IN)
                         net (fo=0)                   0.000     0.000    instance_name/inst/clk_in1
    W5                   IBUF (Prop_ibuf_I_O)         0.414     0.414 r  instance_name/inst/clkin1_ibufg/O
                         net (fo=1, routed)           0.480     0.894    instance_name/inst/clk_in1_clk_viz
    MMCME2_ADV_X1Y0      MMCME2_ADV (Prop_mmcme2_adv_CLKIN1_CLKOUT0)
                                                     -3.142    -2.248 r  instance_name/inst/mmcm_adv_inst/CLKOUT0
                         net (fo=1, routed)           0.530    -1.718    instance_name/inst/clk_out1_clk_viz
    BUFGCTRL_X0Y1        BUFG (Prop_bufg_I_O)         0.029    -1.689 r  instance_name/inst/clkout1_buf/O
                         net (fo=83, routed)          0.866    -0.824    config_unit/CLK
    SLICE_X2Y5           FDRE                                         r  config_unit/rom_addr_reg[6]/C

Slack:                    inf
  Source:                 config_unit/sccb/done_reg/C
                            (rising edge-triggered cell FDRE)
  Destination:            config_unit/rom_addr_reg[7]/CE
                            (rising edge-triggered cell FDRE clocked by clk_out1_clk_viz_1  {rise@0.000ns fall@20.000ns period=40.000ns})
  Path Group:             (none)
  Path Type:              Hold (Min at Fast Process Corner)
  Data Path Delay:        0.611ns  (logic 0.226ns (36.982%)  route 0.385ns (63.018%))
  Logic Levels:           2  (FDRE=1 LUT5=1)
  Clock Uncertainty:      0.233ns  ((TSJ^2 + DJ^2)^1/2) / 2 + PE
    Total System Jitter     (TSJ):    0.050ns
    Discrete Jitter          (DJ):    0.195ns
    Phase Error              (PE):    0.132ns

    Location             Delay type                Incr(ns)  Path(ns)    Netlist Resource(s)
  -------------------------------------------------------------------    -------------------
    SLICE_X1Y6           FDRE                         0.000     0.000 r  config_unit/sccb/done_reg/C
    SLICE_X1Y6           FDRE (Prop_fdre_C_Q)         0.128     0.128 r  config_unit/sccb/done_reg/Q
                         net (fo=4, routed)           0.217     0.345    config_unit/sccb/done
    SLICE_X2Y6           LUT5 (Prop_lut5_I2_O)        0.098     0.443 r  config_unit/sccb/rom_addr[7]_i_1/O
                         net (fo=8, routed)           0.168     0.611    config_unit/sccb_n_3
    SLICE_X2Y5           FDRE                                         r  config_unit/rom_addr_reg[7]/CE
  -------------------------------------------------------------------    -------------------

                         (clock clk_out1_clk_viz_1 rise edge)
                                                      0.000     0.000 r  
    W5                                                0.000     0.000 r  clk_100mhz (IN)
                         net (fo=0)                   0.000     0.000    instance_name/inst/clk_in1
    W5                   IBUF (Prop_ibuf_I_O)         0.414     0.414 r  instance_name/inst/clkin1_ibufg/O
                         net (fo=1, routed)           0.480     0.894    instance_name/inst/clk_in1_clk_viz
    MMCME2_ADV_X1Y0      MMCME2_ADV (Prop_mmcme2_adv_CLKIN1_CLKOUT0)
                                                     -3.142    -2.248 r  instance_name/inst/mmcm_adv_inst/CLKOUT0
                         net (fo=1, routed)           0.530    -1.718    instance_name/inst/clk_out1_clk_viz
    BUFGCTRL_X0Y1        BUFG (Prop_bufg_I_O)         0.029    -1.689 r  instance_name/inst/clkout1_buf/O
                         net (fo=83, routed)          0.866    -0.824    config_unit/CLK
    SLICE_X2Y5           FDRE                                         r  config_unit/rom_addr_reg[7]/C





